time,label,ACCEL_X,ACCEL_Y,ACCEL_Z,BREATH,DIST,FSR0,FSR1,FSR2,FSR3,HEART,PIR,SW420,fsr_mean,fsr_std,fsr_max,fsr_min,fsr_range,accel_mag,fsr_mean_roll_std,accel_mag_roll_std
2026-08-30 19:12:00.128000+09:00,safe,44.0,-480.0,18064.0,19.0,77.571,928.0,867.0,873.0,888.0,86.0,0.0,0.0,889.0,27.459060435491963,928.0,867.0,61.0,18070.429767993897,0.0,0.0
2026-08-30 19:12:01.108000+09:00,safe,188.0,-668.0,18172.0,19.0,66.368,844.0,885.0,844.0,878.0,86.0,0.0,0.0,862.75,21.83842179889991,885.0,844.0,41.0,18185.24544788989,18.561553006146873,81.18694584099968
2026-08-30 19:12:02.099000+09:00,safe,100.0,-416.0,18032.0,19.0,80.291,876.0,875.0,886.0,911.0,86.0,0.0,0.0,887.0,16.753109164172084,911.0,875.0,36.0,18037.07515092178,14.612352080802498,77.72773822090413
2026-08-30 19:12:03.147000+09:00,safe,80.0,-544.0,18040.0,19.0,811.308,889.0,859.0,850.0,867.0,86.0,1.0,0.0,866.25,16.680827317612277,889.0,850.0,39.0,18048.377655623233,13.667174787302116,68.06641521711725
2026-08-30 19:12:04.144000+09:00,safe,104.0,-464.0,18176.0,18.0,811.478,901.0,857.0,849.0,883.0,86.0,1.0,0.0,872.5,23.909551787239064,901.0,849.0,52.0,18182.21900649093,11.954340216005232,73.17194878126539
2026-08-30 19:12:05.140000+09:00,safe,32.0,-452.0,17992.0,18.0,811.682,892.0,859.0,842.0,863.0,86.0,0.0,0.0,864.0,20.768565991260285,892.0,842.0,50.0,17997.70518705093,9.957723133327217,87.50393521479049
2026-08-30 19:12:06.110000+09:00,safe,108.0,-360.0,18256.0,18.0,118.201,895.0,852.0,857.0,885.0,86.0,0.0,0.0,872.25,20.99801577927464,895.0,852.0,43.0,18259.868564696735,8.966256186391286,110.99446734528645
2026-08-30 19:12:07.165000+09:00,safe,176.0,124.0,18116.0,18.0,811.546,887.0,883.0,831.0,880.0,86.0,0.0,0.0,870.25,26.323310328806798,887.0,831.0,56.0,18117.27926593836,3.7724329019877767,104.30923285975614
2026-08-30 19:12:08.124000+09:00,safe,184.0,-408.0,18148.0,18.0,84.524,902.0,875.0,843.0,860.0,86.0,0.0,0.0,870.0,25.019992006393608,902.0,843.0,59.0,18153.518226503646,3.4342029642989886,96.2747041360728
2026-08-30 19:12:09.139000+09:00,safe,108.0,-460.0,18180.0,18.0,811.529,905.0,845.0,841.0,838.0,86.0,1.0,0.0,857.25,31.962217278113442,905.0,838.0,67.0,18186.139337418485,6.141559248269117,96.69796774036067
2026-08-30 19:12:10.141000+09:00,safe,120.0,-468.0,17996.0,18.0,811.563,893.0,853.0,874.0,861.0,86.0,0.0,0.0,870.25,17.461863207191456,893.0,853.0,40.0,18002.484273010767,6.077622890571603,94.91106676565029
2026-08-30 19:12:11.153000+09:00,safe,100.0,-536.0,18236.0,18.0,811.784,847.0,873.0,839.0,836.0,86.0,0.0,0.0,848.75,16.82012683265696,873.0,836.0,37.0,18244.14952799938,9.871676655968818,90.25375633793168
2026-08-30 19:12:12.147000+09:00,safe,8.0,-384.0,18156.0,18.0,812.77,920.0,871.0,856.0,872.0,86.0,0.0,0.0,879.75,27.813366091383713,920.0,856.0,64.0,18160.062114431217,12.186570477373829,89.50145205906013
2026-08-30 19:12:13.145000+09:00,safe,96.0,-484.0,18296.0,18.0,811.665,871.0,861.0,831.0,877.0,86.0,0.0,0.0,860.0,20.428737928059416,877.0,831.0,46.0,18302.65248536397,12.021335200384335,113.02849870789383
2026-08-30 19:12:14.151000+09:00,safe,200.0,-448.0,18136.0,18.0,811.444,880.0,871.0,863.0,871.0,86.0,0.0,0.0,871.25,6.946221994724902,880.0,863.0,17.0,18142.6348692796,11.918997441060194,114.02102705353974
2026-08-30 19:12:15.100000+09:00,safe,96.0,-496.0,18080.0,18.0,37.757,923.0,877.0,849.0,901.0,86.0,1.0,0.0,887.5,31.806707887907333,923.0,849.0,74.0,18087.057029821077,15.434741656406148,85.62066553761201
2026-08-30 19:12:16.097000+09:00,safe,96.0,-608.0,18256.0,19.0,82.365,869.0,853.0,845.0,873.0,86.0,0.0,0.0,860.0,13.21615173439934,873.0,845.0,28.0,18266.373914929038,12.128736537661252,89.78463943880894
2026-08-30 19:12:17.141000+09:00,safe,124.0,-532.0,18080.0,19.0,811.716,889.0,855.0,884.0,887.0,86.0,0.0,0.0,878.75,15.96610994158147,889.0,855.0,34.0,18088.250329979404,11.970014619874076,101.14676548259513
2026-08-30 19:12:18.141000+09:00,safe,116.0,-436.0,18032.0,19.0,811.546,866.0,863.0,839.0,871.0,86.0,0.0,0.0,859.75,14.221462653327892,871.0,839.0,32.0,18037.64330504404,12.030430166872643,87.63150522658566
2026-08-30 19:12:19.140000+09:00,safe,156.0,-444.0,18144.0,20.0,811.495,783.0,757.0,763.0,759.0,86.0,0.0,0.0,765.5,11.930353445448855,783.0,757.0,26.0,18150.102148472884,48.9072463956007,88.08260594744743
2026-08-30 19:12:20.160000+09:00,safe,124.0,-612.0,18156.0,20.0,811.495,867.0,827.0,846.0,867.0,86.0,0.0,0.0,851.75,19.241881404893856,867.0,827.0,40.0,18166.73487448969,44.526186115588175,86.49496516010879
2026-08-30 19:12:21.143000+09:00,safe,120.0,-380.0,18116.0,20.0,811.461,847.0,851.0,852.0,857.0,86.0,0.0,0.0,851.75,4.112987559751022,857.0,847.0,10.0,18120.382335922164,43.89404857153185,51.49992845579914
2026-08-30 19:12:22.096000+09:00,safe,216.0,-452.0,18052.0,21.0,83.538,908.0,875.0,843.0,891.0,86.0,1.0,0.0,879.25,27.669176592976765,908.0,843.0,65.0,18058.949692603943,44.00056817814966,56.40043976929416
2026-08-30 19:12:23.143000+09:00,safe,8.0,-608.0,18228.0,21.0,811.75,844.0,845.0,846.0,851.0,86.0,0.0,0.0,846.5,3.1091263510296048,851.0,844.0,7.0,18238.138940144087,43.022305261340854,65.51079282309821
2026-08-30 19:12:24.151000+09:00,safe,12.0,-468.0,18112.0,21.0,811.733,889.0,886.0,857.0,889.0,86.0,0.0,0.0,880.25,15.56438241627338,889.0,857.0,32.0,18118.049343127423,16.438902031461712,66.67237869528427
2026-08-30 19:12:25.136000+09:00,safe,92.0,-688.0,18200.0,22.0,811.614,787.0,765.0,755.0,759.0,86.0,0.0,0.0,766.5,14.27118308573843,787.0,755.0,32.0,18213.231673703598,46.43698687468855,74.0854486353029
2026-08-30 19:12:26.139000+09:00,safe,72.0,-476.0,18060.0,22.0,811.546,896.0,855.0,854.0,893.0,86.0,0.0,0.0,874.5,23.130067012440755,896.0,854.0,42.0,18066.415250403163,48.35694107364523,82.84683034334758
2026-08-30 19:12:27.145000+09:00,safe,88.0,-460.0,18068.0,22.0,811.665,911.0,871.0,849.0,888.0,86.0,0.0,0.0,879.75,26.247222075234298,911.0,849.0,62.0,18074.068938675653,48.43455636216767,79.40082295219709
2026-08-30 19:12:28.140000+09:00,safe,76.0,-468.0,18192.0,22.0,274.856,863.0,829.0,845.0,853.0,86.0,1.0,0.0,847.5,14.364307617610162,863.0,829.0,34.0,18198.177491166527,48.42113433202486,68.57525387808239
2026-08-30 19:12:29.100000+09:00,safe,-12.0,-516.0,18052.0,22.0,191.046,875.0,878.0,843.0,883.0,86.0,0.0,0.0,869.75,18.136059844041835,883.0,843.0,40.0,18059.377176414473,46.97093516207653,76.5417772509717
2026-08-30 19:12:30.109000+09:00,safe,28.0,-500.0,18084.0,22.0,351.033,893.0,863.0,797.0,851.0,86.0,0.0,0.0,851.0,40.099875311526844,893.0,797.0,96.0,18090.932535389104,14.416787090055688,57.33079842131927
2026-08-30 19:12:31.138000+09:00,safe,92.0,-492.0,18128.0,23.0,811.682,867.0,868.0,845.0,877.0,86.0,0.0,0.0,864.25,13.59840676942217,877.0,845.0,32.0,18134.90865706249,13.326899489378478,56.128972339337565
2026-08-30 19:12:32.112000+09:00,safe,68.0,-504.0,18132.0,23.0,188.411,926.0,871.0,858.0,883.0,86.0,0.0,0.0,884.5,29.490111336966272,926.0,858.0,68.0,18139.13073992246,14.94008868782233,52.72221563951942
2026-08-30 19:12:33.144000+09:00,safe,112.0,-456.0,18032.0,23.0,811.478,874.0,841.0,841.0,859.0,81.0,0.0,0.0,853.75,15.945218719101975,874.0,841.0,33.0,18038.112539841855,13.465929228983672,44.80651184657886
2026-08-30 19:12:34.143000+09:00,safe,224.0,-392.0,17900.0,23.0,811.58,853.0,895.0,867.0,885.0,81.0,1.0,0.0,875.0,18.690461025168247,895.0,853.0,42.0,17905.692949450462,14.150309183901129,96.3121497844719
2026-08-30 19:12:35.165000+09:00,safe,56.0,-504.0,17968.0,23.0,811.546,888.0,891.0,851.0,860.0,81.0,0.0,0.0,872.5,20.008331597945226,891.0,851.0,40.0,17975.154408238057,11.604147965275022,101.33071093163169
2026-08-30 19:12:36.138000+09:00,safe,104.0,-456.0,18092.0,23.0,811.495,905.0,856.0,825.0,867.0,77.0,0.0,0.0,863.25,33.02902763731725,905.0,825.0,80.0,18098.04453525297,11.735895790266559,93.6191008284558
2026-08-30 19:12:37.155000+09:00,safe,172.0,-484.0,18180.0,23.0,811.767,861.0,851.0,841.0,859.0,77.0,0.0,0.0,853.0,9.092121131323903,861.0,841.0,20.0,18187.254878073272,10.230163732804872,108.73871889468542
2026-08-30 19:12:38.173000+09:00,safe,140.0,-536.0,18260.0,23.0,811.444,891.0,859.0,868.0,855.0,77.0,0.0,0.0,868.25,16.11159003119597,891.0,855.0,36.0,18268.401572113526,8.718873207014546,148.71213373365242
2026-08-30 19:12:39.103000+09:00,safe,84.0,-464.0,18088.0,23.0,37.281,885.0,869.0,844.0,859.0,74.0,1.0,0.0,864.25,17.23127002477376,885.0,844.0,41.0,18094.14535146659,7.273668262987806,110.19436136990866
2026-08-30 19:12:40.143000+09:00,safe,96.0,-436.0,18104.0,23.0,811.58,867.0,859.0,845.0,885.0,74.0,0.0,0.0,864.0,16.69331203406522,885.0,845.0,40.0,18109.50380325204,5.682759013014372,75.58952860360294
2026-08-30 19:12:41.100000+09:00,safe,248.0,-452.0,18140.0,23.0,115.481,901.0,895.0,873.0,863.0,74.0,0.0,0.0,883.0,17.962924780409974,901.0,863.0,38.0,18147.32509214512,10.826760826766058,69.87898449354381
2026-08-30 19:12:42.153000+09:00,safe,76.0,-500.0,18036.0,23.0,811.546,873.0,872.0,856.0,860.0,71.0,0.0,0.0,865.25,8.539125638299666,873.0,856.0,17.0,18043.089314194505,8.033912496411455,84.68056932098015
2026-08-30 19:12:43.097000+09:00,safe,64.0,-456.0,18088.0,23.0,139.587,902.0,860.0,852.0,871.0,71.0,0.0,0.0,871.25,21.929812280698314,902.0,852.0,50.0,18093.860174103258,8.080454813931956,37.45537317479078
2026-08-30 19:12:44.116000+09:00,safe,136.0,-368.0,18156.0,23.0,115.175,877.0,847.0,831.0,874.0,71.0,0.0,0.0,857.25,22.096379793984354,877.0,831.0,46.0,18160.23832442735,9.676970083657183,46.507002220721844
2026-08-30 19:12:45.102000+09:00,safe,136.0,-212.0,17828.0,23.0,134.555,889.0,841.0,889.0,907.0,70.0,1.0,0.0,881.5,28.30194339616981,907.0,841.0,66.0,17829.779134919198,10.889501825152344,134.14110384385094
2026-08-30 19:12:46.101000+09:00,safe,156.0,-548.0,18072.0,23.0,116.195,891.0,872.0,859.0,887.0,70.0,0.0,0.0,877.25,14.660036380127666,891.0,859.0,32.0,18080.979619478585,9.620940702446727,125.72512539250579
2026-08-30 19:12:47.101000+09:00,safe,124.0,-520.0,18128.0,23.0,113.356,891.0,903.0,850.0,894.0,71.0,0.0,0.0,884.5,23.558437978779494,903.0,850.0,53.0,18135.88045836209,10.777000974296888,132.65911139455955
2026-08-30 19:12:48.112000+09:00,safe,192.0,-420.0,18064.0,23.0,112.081,914.0,887.0,875.0,878.0,71.0,0.0,0.0,888.5,17.74823934929885,914.0,875.0,39.0,18069.902047327207,12.203227032223738,131.5651642718058
2026-08-30 19:12:49.096000+09:00,safe,76.0,-480.0,18312.0,23.0,112.506,913.0,889.0,863.0,887.0,71.0,0.0,0.0,888.0,20.428737928059416,913.0,863.0,50.0,18318.447532473925,4.698403984333022,174.9631517441428
2026-08-30 19:12:50.096000+09:00,safe,120.0,-352.0,18072.0,23.0,113.237,888.0,871.0,871.0,887.0,74.0,0.0,0.0,879.25,9.535023160258536,888.0,871.0,17.0,18075.826066877275,5.083674851915333,105.24255994925109
2026-08-30 19:12:51.139000+09:00,safe,80.0,-552.0,18188.0,23.0,811.444,867.0,840.0,857.0,851.0,74.0,1.0,0.0,853.75,11.29527924990495,867.0,840.0,27.0,18196.550442322852,14.48210102160581,102.7422705838672
2026-08-30 19:12:52.104000+09:00,safe,104.0,-476.0,18168.0,23.0,22.236,891.0,873.0,870.0,887.0,74.0,1.0,0.0,880.25,10.307764064044152,891.0,870.0,21.0,18174.532071005295,14.185600093051965,101.98897120834239
2026-08-30 19:12:53.134000+09:00,safe,-2668.0,-432.0,17864.0,23.0,811.444,925.0,824.0,875.0,879.0,75.0,0.0,0.0,875.75,41.290636549545546,925.0,824.0,101.0,18067.300407089046,12.903003526311076,102.61324519196482
2026-08-30 19:12:54.091000+09:00,safe,-1328.0,-468.0,17908.0,23.0,16.422,920.0,871.0,853.0,903.0,75.0,0.0,0.0,886.75,30.313638294778585,920.0,853.0,67.0,17963.270080917897,12.606545918688278,93.70737996380493
2026-08-30 19:12:55.138000+09:00,safe,-2048.0,1644.0,16296.0,23.0,811.716,859.0,867.0,858.0,860.0,75.0,0.0,0.0,861.0,4.08248290463863,867.0,858.0,9.0,16506.26111510417,13.715866724345059,718.9745288903046
2026-08-30 19:12:56.138000+09:00,safe,-1336.0,-508.0,17844.0,23.0,811.75,901.0,861.0,853.0,891.0,72.0,0.0,0.0,876.5,23.115651263447745,901.0,853.0,48.0,17901.153482387665,9.472658021906842,687.8125903279065
2026-08-30 19:12:57.138000+09:00,safe,-1440.0,-356.0,18040.0,23.0,811.631,849.0,887.0,853.0,876.0,72.0,0.0,0.0,866.25,18.246004128758347,887.0,849.0,38.0,18100.882188445954,9.976534969617257,676.4060114605272
2026-08-30 19:12:58.148000+09:00,safe,-1220.0,-380.0,17940.0,23.0,811.563,887.0,875.0,877.0,873.0,72.0,0.0,0.0,878.0,6.2182527020592095,887.0,873.0,14.0,17985.449674667576,10.166427592817248,666.4467185259556
2026-08-30 19:12:59.143000+09:00,safe,-1328.0,-488.0,17932.0,23.0,811.444,871.0,872.0,877.0,886.0,69.0,0.0,0.0,876.5,6.855654600401044,886.0,871.0,15.0,17987.72781648644,7.582051173659813,669.0257750020295
2026-08-30 19:13:00.194000+09:00,safe,388.0,448.0,16756.0,19.0,811.784,889.0,883.0,861.0,895.0,69.0,1.0,0.0,882.0,14.832396974191326,895.0,861.0,34.0,16766.47798435915,5.819149422380917,553.4479418336143
2026-08-30 19:13:01.089000+09:00,safe,224.0,-496.0,17688.0,19.0,75.786,852.0,831.0,827.0,866.0,69.0,0.0,0.0,844.0,18.31210892642716,866.0,827.0,39.0,17696.37070136134,15.315025301970492,546.8499387788522
2026-08-30 19:13:02.097000+09:00,safe,272.0,-152.0,18176.0,19.0,56.712,903.0,868.0,867.0,887.0,66.0,0.0,0.0,881.25,17.173137938847013,903.0,867.0,36.0,18178.6705784554,16.009372255026,561.7472278936567
2026-08-30 19:13:03.136000+09:00,safe,388.0,36.0,18060.0,16.0,812.634,759.0,786.0,734.0,748.0,66.0,0.0,0.0,756.75,22.020823478395776,786.0,734.0,52.0,18064.20327609275,53.4236019938753,571.9590813084025
2026-08-30 19:13:04.139000+09:00,safe,-2520.0,14860.0,22356.0,16.0,811.75,855.0,894.0,847.0,867.0,66.0,0.0,0.0,865.75,20.54872258803452,894.0,847.0,47.0,26962.209405017238,52.19716227918906,4189.617342496849
2026-08-30 19:13:05.148000+09:00,safe,-2132.0,312.0,17868.0,16.0,811.563,885.0,847.0,841.0,886.0,66.0,0.0,0.0,864.75,24.088378940891808,886.0,841.0,45.0,17997.449597095696,49.73052382591599,4019.059062896316
2026-08-30 19:13:06.150000+09:00,safe,-2196.0,136.0,17768.0,13.0,811.665,882.0,821.0,843.0,869.0,66.0,1.0,0.0,853.75,27.195281453467867,882.0,821.0,61.0,17903.707325579246,49.99449969746669,3993.1754089952797
2026-08-30 19:13:07.156000+09:00,safe,-2168.0,144.0,17968.0,13.0,811.937,873.0,819.0,831.0,872.0,66.0,0.0,0.0,848.75,27.861263431510064,873.0,819.0,54.0,18098.894551878024,45.964116438804716,4001.529937581378
2026-08-30 19:13:08.138000+09:00,safe,-2180.0,176.0,17916.0,13.0,811.665,911.0,859.0,857.0,889.0,66.0,0.0,0.0,879.0,25.871477215909675,911.0,857.0,54.0,18049.000858773317,11.762759030091408,4003.1890348897596
2026-08-30 19:13:09.151000+09:00,safe,-2140.0,144.0,17836.0,13.0,811.767,774.0,751.0,725.0,774.0,66.0,0.0,0.0,756.0,23.338094752285727,774.0,725.0,49.0,17964.499213727056,48.616290993863345,75.30534043846096
2026-08-30 19:13:10.164000+09:00,safe,-2224.0,152.0,17972.0,13.0,811.427,862.0,815.0,858.0,861.0,66.0,0.0,0.0,849.0,22.73030282830976,862.0,815.0,47.0,18109.72291339655,47.13590722580821,88.8630125549301
2026-08-30 19:13:11.152000+09:00,safe,-2160.0,192.0,17804.0,13.0,811.461,909.0,863.0,871.0,891.0,66.0,0.0,0.0,883.5,20.6801031589948,909.0,863.0,46.0,17935.57582014026,51.414978362341046,78.5138141131152
2026-08-30 19:13:12.134000+09:00,safe,-2220.0,208.0,17776.0,14.0,811.546,866.0,883.0,871.0,889.0,66.0,0.0,0.0,877.25,10.594810050208546,889.0,866.0,23.0,17915.296257667636,53.705912151270624,81.99313001942593
2026-08-30 19:13:13.133000+09:00,safe,-2168.0,116.0,17960.0,14.0,811.801,895.0,875.0,871.0,867.0,66.0,0.0,0.0,877.0,12.436505404118419,895.0,867.0,28.0,18090.75122818287,53.43290184895444,90.56791972393195
2026-08-30 19:13:14.140000+09:00,safe,-2140.0,320.0,17844.0,14.0,811.648,878.0,843.0,863.0,885.0,66.0,0.0,0.0,867.25,18.589871794429712,885.0,843.0,42.0,17974.713794661657,13.501620273137572,89.58748429687037
2026-08-30 19:13:15.143000+09:00,safe,-2140.0,188.0,17896.0,12.0,811.716,875.0,856.0,839.0,879.0,66.0,0.0,0.0,862.25,18.463928798245153,879.0,839.0,40.0,18024.47669143268,8.542906414095846,70.88526556134437
2026-08-30 19:13:16.103000+09:00,safe,-2040.0,-184.0,17892.0,12.0,9.384,883.0,869.0,855.0,879.0,66.0,1.0,0.0,871.5,12.476644848141934,883.0,855.0,28.0,18008.862262786064,6.440593916712969,64.59060760566277
2026-08-30 19:13:17.151000+09:00,safe,-2072.0,-148.0,17920.0,12.0,811.597,915.0,837.0,841.0,890.0,66.0,0.0,0.0,870.75,38.09090005062452,915.0,837.0,78.0,18039.996895786873,5.45721998823577,42.71838285227888
2026-08-30 19:13:19.623000+09:00,safe,-2396.0,-1812.0,20572.0,12.0,16.762,877.0,869.0,844.0,847.0,66.0,0.0,0.0,859.25,16.25576820700886,877.0,844.0,33.0,20790.174217644257,5.333854141237845,1242.6670932178502
2026-08-30 19:13:19.648000+09:00,safe,-1984.0,-408.0,17868.0,12.0,108.018,891.0,867.0,849.0,903.0,66.0,0.0,0.0,877.5,24.186773244895647,903.0,849.0,54.0,17982.439878948575,7.405656621799321,1241.7499449111226
2026-08-30 19:13:20.089000+09:00,safe,-1920.0,-432.0,17992.0,12.0,28.135,870.0,877.0,853.0,861.0,66.0,0.0,0.0,865.25,10.468205831628136,877.0,853.0,24.0,18099.3118101214,6.902445218906134,1233.969668401642
2026-08-30 19:13:21.087000+09:00,safe,-1912.0,-356.0,17956.0,12.0,28.152,859.0,877.0,875.0,861.0,66.0,0.0,0.0,868.0,9.309493362512628,877.0,859.0,18.0,18061.01924034189,6.742125035921551,1228.0970624946
2026-08-30 19:13:22.099000+09:00,safe,-1900.0,-400.0,17728.0,12.0,28.135,907.0,852.0,847.0,884.0,66.0,0.0,0.0,872.5,28.24299323136035,907.0,847.0,60.0,17834.011999547383,6.952966992586701,1254.5226534468982
2026-08-30 19:13:23.087000+09:00,safe,-1796.0,2892.0,17508.0,12.0,26.673,905.0,879.0,887.0,923.0,66.0,1.0,0.0,898.5,19.621416870348583,923.0,879.0,44.0,17835.90042582656,13.22592151798883,123.85245515943068
2026-08-30 19:13:24.104000+09:00,safe,-1868.0,-320.0,18088.0,11.0,25.211,903.0,871.0,869.0,893.0,66.0,0.0,0.0,884.0,16.69331203406522,903.0,869.0,34.0,18187.016467799218,13.678907120088214,160.45439224030793
2026-08-30 19:13:25.091000+09:00,safe,-1964.0,-452.0,17928.0,11.0,25.5,866.0,871.0,873.0,871.0,66.0,0.0,0.0,870.25,2.9860788111948193,873.0,866.0,7.0,18040.919710480393,12.69300988733563,153.7166592406189
2026-08-30 19:13:26.100000+09:00,safe,-1812.0,680.0,17972.0,11.0,26.367,891.0,875.0,870.0,905.0,66.0,0.0,0.0,885.25,15.924300089276556,905.0,870.0,35.0,18075.910156891132,11.347631911548776,155.52724830524693
2026-08-30 19:13:27.083000+09:00,safe,-1812.0,-452.0,17848.0,11.0,22.576,877.0,868.0,819.0,857.0,66.0,0.0,0.0,855.25,25.51306854666186,877.0,819.0,58.0,17945.43819470564,16.464545241214527,133.10362444195454
2026-08-30 19:13:28.138000+09:00,safe,-1740.0,-312.0,18004.0,11.0,811.699,765.0,729.0,747.0,767.0,66.0,1.0,0.0,752.0,17.776388834631177,767.0,729.0,38.0,18090.576552448514,55.763059008630435,87.30968624343762
2026-08-30 19:13:29.131000+09:00,safe,-1800.0,-460.0,18000.0,11.0,811.529,867.0,883.0,856.0,887.0,66.0,1.0,0.0,873.25,14.38459824488215,887.0,856.0,31.0,18095.623780350874,54.28063651063794,62.07752369720638
2026-08-30 19:13:30.136000+09:00,safe,-1864.0,-500.0,17888.0,11.0,812.634,867.0,859.0,857.0,889.0,66.0,0.0,0.0,868.0,14.65150731722394,889.0,857.0,32.0,17991.804801075406,54.05061285498991,67.46510318249118
2026-08-30 19:13:31.097000+09:00,safe,-1720.0,-496.0,17932.0,11.0,38.42,760.0,729.0,755.0,751.0,66.0,0.0,0.0,748.75,13.671747023210555,760.0,729.0,31.0,18021.127600680265,63.40578640786661,64.53370417354931
2026-08-30 19:13:32.135000+09:00,safe,-1840.0,-404.0,17888.0,11.0,811.648,853.0,863.0,867.0,887.0,66.0,0.0,0.0,867.5,14.27118308573843,887.0,853.0,34.0,17986.92191565861,65.34203279666163,52.7003931074801
2026-08-30 19:13:33.138000+09:00,safe,-1700.0,-376.0,17912.0,11.0,811.784,873.0,868.0,845.0,883.0,66.0,0.0,0.0,867.25,16.09088769044973,883.0,845.0,38.0,17996.419643918063,53.83406217256881,45.144934430334416
2026-08-30 19:13:34.139000+09:00,safe,-1824.0,-488.0,17880.0,11.0,811.665,767.0,768.0,744.0,755.0,66.0,1.0,0.0,758.5,11.32843031197762,768.0,744.0,24.0,17979.419345462746,62.513248595797705,15.833448059790905
2026-08-30 19:13:35.129000+09:00,safe,-1692.0,-640.0,17984.0,11.0,811.444,893.0,855.0,843.0,877.0,66.0,0.0,0.0,867.0,22.3308456325923,893.0,843.0,50.0,18074.753663604934,62.33062048463824,38.58148360641316
2026-08-30 19:13:36.089000+09:00,safe,-1880.0,-496.0,17852.0,14.0,26.367,889.0,843.0,847.0,894.0,66.0,0.0,0.0,868.25,26.973752674281965,894.0,843.0,51.0,17957.569991510543,48.74852561873031,44.696202617903324
2026-08-30 19:13:37.093000+09:00,safe,-1764.0,-404.0,18036.0,14.0,107.457,793.0,747.0,728.0,759.0,66.0,0.0,0.0,756.75,27.329776191302166,793.0,728.0,65.0,18126.560843138446,60.18601374073552,71.08509253950473
2026-08-30 19:13:38.146000+09:00,safe,-1792.0,-268.0,17852.0,14.0,811.512,889.0,872.0,857.0,879.0,66.0,0.0,0.0,874.25,13.450526631573451,889.0,857.0,32.0,17943.717340618135,61.52321716230388,80.08100431902783
2026-08-30 19:13:39.094000+09:00,safe,-1760.0,-560.0,17928.0,15.0,57.273,866.0,894.0,857.0,852.0,66.0,1.0,0.0,867.25,18.750555547325344,894.0,852.0,42.0,18022.885007678433,50.37062636100529,77.37592398598073
2026-08-30 19:13:40.100000+09:00,safe,-1732.0,-356.0,17964.0,15.0,124.287,885.0,883.0,858.0,886.0,66.0,0.0,0.0,878.0,13.391539617733779,886.0,858.0,28.0,18050.81316727864,51.70154736562535,74.21094878778058
2026-08-30 19:13:41.089000+09:00,safe,-1752.0,-408.0,17956.0,15.0,127.194,877.0,828.0,813.0,809.0,66.0,0.0,0.0,831.75,31.255666152982034,877.0,809.0,68.0,18045.883297860484,50.85629262932958,65.54964815304395
2026-08-30 19:13:42.087000+09:00,safe,-1696.0,-356.0,18024.0,14.0,143.922,848.0,867.0,855.0,877.0,66.0,0.0,0.0,861.75,12.84198842339716,877.0,848.0,29.0,18107.11815833762,18.350408714794376,59.25501520313023
2026-08-30 19:13:43.129000+09:00,safe,-1832.0,-456.0,18052.0,14.0,811.546,893.0,892.0,850.0,839.0,66.0,0.0,0.0,868.5,28.077274321652617,893.0,839.0,54.0,18150.450793299875,17.602734162623754,52.13499564763037
2026-08-30 19:13:45.118000+09:00,safe,-1756.0,-452.0,18036.0,14.0,812.702,903.0,847.0,851.0,879.0,66.0,0.0,0.0,870.0,26.204325342711392,903.0,847.0,56.0,18126.917443404436,17.87019166097559,46.36174202807707
2026-08-30 19:13:45.178000+09:00,safe,-1692.0,-484.0,17964.0,15.0,811.631,871.0,888.0,821.0,863.0,66.0,1.0,0.0,860.75,28.476598579652496,888.0,821.0,67.0,18049.997673130045,15.519544129902833,46.562489091690495
2026-08-30 19:13:46.142000+09:00,safe,-1712.0,-368.0,17912.0,15.0,811.784,856.0,865.0,884.0,863.0,66.0,0.0,0.0,867.0,11.972189997378647,884.0,856.0,28.0,17997.39181103751,4.125378770489061,62.09064633655542
2026-08-30 19:13:47.092000+09:00,safe,-1812.0,-444.0,17924.0,15.0,142.97,919.0,853.0,870.0,887.0,66.0,0.0,0.0,882.25,28.158776015066184,919.0,853.0,66.0,18020.82839383362,7.848964899908881,66.70441901994944
2026-08-30 19:13:48.130000+09:00,safe,-1716.0,-396.0,17960.0,15.0,811.478,906.0,836.0,877.0,879.0,66.0,0.0,0.0,874.5,28.873286384938357,906.0,836.0,70.0,18046.137315226213,8.07503869959777,48.82259778235122
2026-08-30 19:13:49.136000+09:00,safe,-1684.0,-416.0,17992.0,15.0,811.665,870.0,871.0,877.0,883.0,65.0,0.0,0.0,875.25,6.020797289396148,883.0,870.0,13.0,18075.42464231477,8.26778386268059,29.81041465090006
2026-08-30 19:13:50.135000+09:00,safe,-1672.0,-516.0,17924.0,15.0,812.855,869.0,841.0,855.0,856.0,65.0,0.0,0.0,855.25,11.4418821295566,869.0,841.0,28.0,18009.209199740006,10.257009798181999,31.238107035157572
2026-08-30 19:13:51.137000+09:00,safe,-1728.0,-436.0,17956.0,15.0,811.75,869.0,827.0,842.0,873.0,65.0,1.0,0.0,852.75,22.005681084665387,873.0,827.0,46.0,18044.223895751238,13.16244658108824,25.605411347099484
2026-08-30 19:13:52.113000+09:00,safe,-1684.0,-484.0,17924.0,15.0,114.886,853.0,847.0,811.0,854.0,65.0,0.0,0.0,841.25,20.402205763103165,854.0,811.0,43.0,18009.438858554146,14.741946954184893,28.035733190018487
2026-08-30 19:13:53.088000+09:00,safe,-1684.0,-504.0,18112.0,15.0,121.142,903.0,841.0,847.0,875.0,65.0,0.0,0.0,866.5,28.489764243788798,903.0,841.0,62.0,18197.099109473467,13.089117617318628,77.73116185167127
2026-08-30 19:13:54.091000+09:00,safe,-1648.0,-364.0,18124.0,15.0,108.222,891.0,859.0,853.0,875.0,65.0,0.0,0.0,869.5,17.07825127659933,891.0,853.0,38.0,18202.41126884018,11.354239296403845,98.98049153645856
2026-08-30 19:13:55.091000+09:00,safe,-1624.0,-484.0,17852.0,15.0,113.203,871.0,843.0,844.0,884.0,65.0,0.0,0.0,860.5,20.33879708012907,884.0,843.0,41.0,17932.2484925901,11.388865176127133,119.10449890269079
2026-08-30 19:13:56.103000+09:00,safe,-1696.0,-412.0,18048.0,15.0,94.265,891.0,849.0,843.0,889.0,65.0,0.0,0.0,868.0,25.534290669607408,891.0,843.0,48.0,18132.19413088223,11.637224755069454,119.53352779476774
2026-08-30 19:13:57.099000+09:00,safe,-1632.0,-424.0,17948.0,15.0,111.095,894.0,866.0,873.0,879.0,65.0,1.0,0.0,878.0,11.916375287812984,894.0,866.0,28.0,18027.032589974424,6.31466547015766,116.62045957095656
2026-08-30 19:13:58.130000+09:00,safe,-1560.0,-568.0,17864.0,15.0,811.631,875.0,874.0,853.0,856.0,65.0,0.0,0.0,864.5,11.61895003862225,875.0,853.0,22.0,17940.978791582136,6.532610504231941,118.55146702948934
2026-08-30 19:13:59.127000+09:00,safe,-1732.0,-264.0,18768.0,15.0,811.24,805.0,791.0,760.0,775.0,65.0,0.0,0.0,782.75,19.5,805.0,760.0,45.0,18849.597979797873,38.56244935166854,384.86796614198556
2026-08-30 19:14:00.130000+09:00,safe,-1856.0,-768.0,18108.0,15.0,811.07,823.0,774.0,779.0,778.0,65.0,0.0,0.0,788.5,23.101226518664905,823.0,774.0,49.0,18219.06210538841,46.61397322691987,359.94622113416165
2026-08-30 19:14:01.635000+09:00,safe,-1748.0,-348.0,17432.0,15.0,111.248,855.0,805.0,809.0,821.0,65.0,0.0,0.0,822.5,22.708295107001465,855.0,805.0,50.0,17522.877389287412,43.20734891196175,484.52198052664625
2026-08-30 19:14:02.147000+09:00,safe,-1660.0,-420.0,17912.0,15.0,811.291,853.0,838.0,791.0,831.0,65.0,1.0,0.0,828.25,26.474830814693917,853.0,791.0,62.0,17993.658438461036,33.15842653082324,486.2105185663284
2026-08-30 19:14:03.085000+09:00,safe,-1504.0,-476.0,17916.0,15.0,119.51,828.0,806.0,821.0,819.0,65.0,0.0,0.0,818.5,9.183318209303941,828.0,806.0,22.0,17985.31756739369,20.90648822734229,482.8585667485046
2026-08-30 19:14:04.083000+09:00,safe,-1612.0,-408.0,17884.0,15.0,38.896,827.0,783.0,811.0,841.0,68.0,0.0,0.0,815.5,24.89310480166479,841.0,783.0,58.0,17961.137603169795,15.378150083804021,253.56568232629135
2026-08-30 19:14:05.085000+09:00,safe,-1484.0,-512.0,18096.0,15.0,72.25,875.0,827.0,845.0,827.0,68.0,0.0,0.0,843.5,22.64950330581225,875.0,827.0,48.0,18163.964765435987,11.061758449722264,238.989594247742
2026-08-30 19:14:06.093000+09:00,safe,-1864.0,-296.0,18012.0,15.0,106.76,869.0,869.0,819.0,824.0,68.0,0.0,0.0,845.25,27.5,869.0,819.0,50.0,18110.611695909116,13.7856356400422,88.97626288879782
2026-08-30 19:14:07.093000+09:00,safe,-1512.0,-424.0,17900.0,15.0,95.608,847.0,807.0,836.0,847.0,71.0,0.0,0.0,834.25,18.89223826513594,847.0,807.0,40.0,17968.748426086888,13.834513001909453,93.03039567854853
2026-08-30 19:14:08.282000+09:00,safe,-1376.0,-356.0,18184.0,15.0,103.955,717.0,647.0,634.0,661.0,71.0,1.0,0.0,664.75,36.53651141894457,717.0,634.0,83.0,18239.46183416605,76.88233704824536,121.99851139850117
2026-08-30 19:14:09.120000+09:00,safe,-1500.0,-308.0,18092.0,15.0,99.501,829.0,868.0,819.0,825.0,71.0,0.0,0.0,835.25,22.21673543375204,868.0,819.0,49.0,18156.688244280675,78.32975169116777,100.2541544889469
2026-08-30 19:14:10.086000+09:00,safe,-1364.0,-528.0,17952.0,15.0,103.105,869.0,787.0,823.0,829.0,74.0,0.0,0.0,827.0,33.58571124749333,869.0,787.0,82.0,18011.484780550436,76.60988839568951,109.32047148589848
2026-08-30 19:14:11.089000+09:00,safe,-1336.0,-140.0,17744.0,15.0,103.411,805.0,805.0,824.0,807.0,74.0,0.0,0.0,810.25,9.215023964519391,824.0,805.0,19.0,17794.775413025025,73.10916495214538,172.67006695253937
2026-08-30 19:14:12.088000+09:00,safe,-1364.0,-416.0,18128.0,15.0,102.391,890.0,826.0,791.0,856.0,74.0,0.0,0.0,840.75,42.23249144122725,890.0,791.0,99.0,18184.0021997359,74.04888587953232,178.9805136340438
2026-08-30 19:14:13.089000+09:00,safe,-1372.0,-520.0,18000.0,15.0,95.982,859.0,825.0,793.0,843.0,77.0,0.0,0.0,830.0,28.307831660749528,859.0,793.0,66.0,18059.70055122731,11.544208504700528,154.6611293566089
2026-08-30 19:14:14.089000+09:00,safe,-1348.0,-468.0,18068.0,15.0,101.303,869.0,835.0,811.0,846.0,77.0,1.0,0.0,840.25,24.102212899787162,869.0,811.0,58.0,18124.258660701133,12.440608907927299,149.1975015043383
2026-08-30 19:14:15.082000+09:00,safe,-1328.0,-468.0,18108.0,15.0,58.259,861.0,843.0,823.0,854.0,77.0,0.0,0.0,845.25,16.580611166861935,861.0,823.0,38.0,18162.661478979342,14.042791745233574,158.31950031532554
2026-08-30 19:14:16.084000+09:00,safe,-1300.0,-436.0,17836.0,15.0,43.163,885.0,824.0,827.0,853.0,80.0,0.0,0.0,847.25,28.335784207723396,885.0,824.0,61.0,17888.627448745196,6.6764511531202295,118.9218362884737
2026-08-30 19:14:17.095000+09:00,safe,-1328.0,-472.0,18080.0,15.0,93.84,855.0,830.0,839.0,851.0,80.0,0.0,0.0,843.75,11.412712210513327,855.0,830.0,25.0,18134.849544454457,6.81542368455553,110.291560166695
2026-08-30 19:14:18.108000+09:00,safe,-1300.0,-372.0,17904.0,15.0,92.769,874.0,843.0,827.0,851.0,80.0,0.0,0.0,848.75,19.56825660774783,874.0,827.0,47.0,17954.988164852686,3.2901367752725243,122.90993691346618
2026-08-30 19:14:19.086000+09:00,safe,-1284.0,-508.0,18012.0,15.0,96.713,845.0,825.0,805.0,867.0,83.0,0.0,0.0,835.5,26.6020049369717,867.0,805.0,62.0,18064.851618543675,5.170831654579446,117.03994076100369
2026-08-30 19:14:20.625000+09:00,safe,-1488.0,-480.0,18216.0,15.0,107.304,870.0,852.0,855.0,855.0,83.0,1.0,0.0,858.0,8.12403840463596,870.0,852.0,18.0,18282.975687781243,8.159733451528972,154.59780719416372
2026-08-30 19:14:21.084000+09:00,safe,-1416.0,-564.0,17964.0,15.0,102.799,664.0,659.0,677.0,653.0,83.0,0.0,0.0,663.25,10.21028892833107,677.0,653.0,24.0,18028.545365613943,82.35642810370058,124.33407741602228
2026-08-30 19:14:22.084000+09:00,safe,-1308.0,-460.0,17972.0,15.0,51.017,855.0,819.0,809.0,845.0,86.0,0.0,0.0,832.0,21.571586249817916,855.0,809.0,46.0,18025.405626503943,81.3082483515664,124.81071618243628
2026-08-30 19:14:23.088000+09:00,safe,-1308.0,-456.0,18060.0,15.0,57.256,857.0,823.0,827.0,830.0,86.0,0.0,0.0,834.25,15.435349040433131,857.0,823.0,34.0,18113.045022855764,79.71209914435826,106.66750069833759
2026-08-30 19:14:24.107000+09:00,safe,-1428.0,-288.0,17880.0,15.0,56.814,843.0,809.0,821.0,854.0,86.0,0.0,0.0,831.75,20.45116133621756,854.0,809.0,45.0,17939.245469082583,79.36557030602125,130.10362454609458
2026-08-30 19:14:25.083000+09:00,safe,-1276.0,-440.0,18032.0,15.0,93.84,853.0,836.0,825.0,822.0,89.0,0.0,0.0,834.0,14.023789311975086,853.0,822.0,31.0,18082.444525008228,75.92294613619788,66.34604674731244
2026-08-30 19:14:26.104000+09:00,safe,-1212.0,-544.0,18028.0,15.0,73.661,853.0,813.0,815.0,827.0,89.0,1.0,0.0,827.0,18.40289832245635,853.0,813.0,40.0,18076.88203203196,2.9122585736856177,68.168418076255
2026-08-30 19:14:27.647000+09:00,safe,-1232.0,-432.0,18104.0,15.0,66.64,665.0,648.0,635.0,691.0,89.0,0.0,0.0,659.75,24.185050478894325,691.0,635.0,56.0,18151.012754113748,76.975767290752,80.12960417265109
2026-08-30 19:14:28.094000+09:00,safe,-1092.0,-468.0,18048.0,15.0,58.514,888.0,823.0,821.0,863.0,89.0,0.0,0.0,848.75,32.540999779765016,888.0,821.0,67.0,18087.06145287288,78.96102677903832,77.64900322628007
2026-08-30 19:14:29.085000+09:00,safe,-1092.0,-452.0,18012.0,18.0,67.898,875.0,851.0,797.0,857.0,89.0,0.0,0.0,845.0,33.58571124749333,875.0,797.0,78.0,18050.731619521688,80.4900226736209,37.08660680358212
2026-08-30 19:14:30.092000+09:00,safe,-1168.0,-484.0,17928.0,18.0,70.04,827.0,821.0,793.0,847.0,89.0,0.0,0.0,822.0,22.300971578236975,847.0,793.0,54.0,17972.525253842323,79.50373418903044,64.70381045363223
2026-08-30 19:14:31.099000+09:00,safe,-1216.0,-412.0,17920.0,18.0,93.109,875.0,839.0,825.0,853.0,89.0,0.0,0.0,848.0,21.322914122292634,875.0,825.0,50.0,17965.934431584683,81.7758751099614,78.33206199480838
2026-08-30 19:14:32.094000+09:00,safe,-1120.0,-500.0,18056.0,18.0,91.29,852.0,853.0,809.0,841.0,89.0,1.0,0.0,838.75,20.56493779875511,853.0,809.0,44.0,18097.611334096,11.066559989445887,62.35171704892335
2026-08-30 19:14:33.080000+09:00,safe,-1100.0,-400.0,18144.0,18.0,106.59,869.0,831.0,830.0,861.0,89.0,0.0,0.0,847.75,20.1886932051912,869.0,830.0,39.0,18181.7143306125,10.887779847149952,90.30063640735816
2026-08-30 19:14:34.085000+09:00,safe,-1164.0,-496.0,17920.0,18.0,96.016,844.0,837.0,821.0,847.0,88.0,0.0,0.0,837.25,11.615363389350618,847.0,821.0,26.0,17964.61277066667,10.599233462850254,98.82033726318181
2026-08-30 19:14:35.109000+09:00,safe,-896.0,-516.0,17932.0,18.0,97.648,891.0,845.0,821.0,867.0,88.0,0.0,0.0,856.0,29.955522584881294,891.0,821.0,70.0,17961.784321163643,7.667708262577856,100.65782322709777
2026-08-30 19:14:36.081000+09:00,safe,-952.0,-444.0,17952.0,18.0,93.398,890.0,844.0,861.0,841.0,88.0,0.0,0.0,859.0,22.464787260658994,890.0,841.0,49.0,17982.70680403815,9.821850640281834,98.05442285974999
2026-08-30 19:14:37.079000+09:00,safe,-1136.0,-420.0,17980.0,18.0,97.716,815.0,799.0,820.0,821.0,85.0,0.0,0.0,813.75,10.177589760514683,821.0,799.0,22.0,18020.746266456335,18.27481190053689,92.15873132846039
2026-08-30 19:14:38.078000+09:00,safe,-904.0,-540.0,17812.0,17.0,90.236,886.0,817.0,827.0,875.0,85.0,0.0,0.0,851.25,34.3159341025905,886.0,817.0,69.0,17843.098385650403,18.57871766296061,66.61418865265183
2026-08-30 19:14:39.077000+09:00,safe,-892.0,-456.0,18064.0,17.0,90.78,839.0,815.0,773.0,843.0,85.0,0.0,0.0,817.5,32.14031735997639,843.0,773.0,70.0,18091.757681331022,22.009231017916196,91.14716887368475
2026-08-30 19:14:40.078000+09:00,safe,-960.0,-524.0,18028.0,17.0,69.649,847.0,829.0,837.0,853.0,83.0,1.0,0.0,841.5,10.63014581273465,853.0,829.0,24.0,18061.145035683647,20.170058254749897,96.83195065487892
2026-08-30 19:14:41.127000+09:00,safe,-840.0,-476.0,18044.0,17.0,811.614,826.0,873.0,823.0,856.0,83.0,0.0,0.0,844.5,24.145392935299274,873.0,823.0,50.0,18069.812173899318,16.925756999319244,100.72479877900632
2026-08-30 19:14:42.083000+09:00,safe,-900.0,-468.0,18052.0,17.0,63.24,825.0,829.0,800.0,856.0,83.0,0.0,0.0,827.5,22.92742171869019,856.0,800.0,56.0,18080.479197189437,13.679820905260573,104.69795519356173
2026-08-30 19:14:43.096000+09:00,safe,-872.0,-844.0,18608.0,17.0,62.237,869.0,831.0,843.0,855.0,83.0,0.0,0.0,849.5,16.278820596099706,869.0,831.0,38.0,18647.53023861337,13.221195104830892,255.94378734069858
2026-08-30 19:14:44.123000+09:00,safe,-836.0,-488.0,18144.0,16.0,63.665,862.0,831.0,847.0,845.0,83.0,0.0,0.0,846.25,12.685293322058685,862.0,831.0,31.0,18169.803961518133,8.528628260160257,250.77099071341098
2026-08-30 19:14:45.084000+09:00,safe,-800.0,-456.0,17992.0,16.0,94.775,859.0,841.0,817.0,845.0,83.0,0.0,0.0,840.5,17.46424919657298,859.0,817.0,42.0,18015.548839821673,8.550584775324094,258.0672480115138
2026-08-30 19:14:46.083000+09:00,safe,-644.0,-424.0,18080.0,16.0,61.914,688.0,661.0,635.0,662.0,83.0,1.0,0.0,661.5,21.641010450839243,688.0,635.0,53.0,18096.433681805927,80.68542309488129,255.0536013603545
2026-08-30 19:14:47.091000+09:00,safe,-716.0,-456.0,17948.0,16.0,70.397,852.0,823.0,795.0,829.0,83.0,0.0,0.0,824.75,23.44319375284292,852.0,795.0,57.0,17968.06322339723,80.50329962181675,272.7782163124173
2026-08-30 19:14:48.095000+09:00,safe,-740.0,-584.0,17920.0,16.0,89.964,870.0,845.0,836.0,877.0,83.0,0.0,0.0,857.0,19.61292091114087,877.0,836.0,41.0,17944.77795906096,81.61360946557873,93.36494606542246
2026-08-30 19:14:49.078000+09:00,safe,-620.0,-572.0,18056.0,16.0,90.049,855.0,829.0,840.0,857.0,85.0,0.0,0.0,845.25,13.225606476327151,857.0,829.0,28.0,18075.69417754129,81.49144893791006,65.80177148057227
2026-08-30 19:14:50.622000+09:00,safe,-528.0,-472.0,18280.0,16.0,106.318,883.0,836.0,829.0,831.0,85.0,0.0,0.0,844.75,25.669372151781715,883.0,829.0,54.0,18293.71389302894,81.96466464275933,138.46136007632973
2026-08-30 19:14:51.081000+09:00,safe,-436.0,-832.0,18644.0,16.0,108.018,838.0,819.0,797.0,841.0,88.0,1.0,0.0,823.75,20.320351046836436,841.0,797.0,44.0,18667.647307574676,14.419604710254815,300.5657678111579
2026-08-30 19:14:52.127000+09:00,safe,-356.0,-472.0,18196.0,16.0,812.362,869.0,826.0,823.0,839.0,88.0,0.0,0.0,839.25,21.013884299037464,869.0,823.0,46.0,18205.60177527785,12.080459428349684,274.3499231431201
2026-08-30 19:14:53.128000+09:00,safe,-256.0,-460.0,18060.0,16.0,811.716,841.0,823.0,803.0,829.0,88.0,0.0,0.0,824.0,15.874507866387544,841.0,803.0,38.0,18067.671017593828,10.781349637220874,245.5656023607355
2026-08-30 19:14:54.131000+09:00,safe,-88.0,-452.0,18080.0,16.0,811.58,895.0,830.0,843.0,861.0,89.0,0.0,0.0,857.25,28.194266556636414,895.0,830.0,65.0,18085.863208594717,14.287669509055803,243.67096326023238
2026-08-30 19:14:55.156000+09:00,safe,-52.0,-564.0,18036.0,16.0,811.597,837.0,853.0,819.0,831.0,89.0,0.0,0.0,835.0,14.142135623730951,853.0,819.0,34.0,18044.891132949513,13.757497955660499,260.90940305771653
2026-08-30 19:14:56.075000+09:00,safe,-44.0,-484.0,18132.0,16.0,17.068,842.0,845.0,857.0,824.0,89.0,0.0,0.0,842.0,13.638181696985855,857.0,824.0,33.0,18138.511956607686,12.061042658079057,64.33309819358654
2026-08-30 19:14:57.123000+09:00,safe,24.0,-464.0,17852.0,16.0,812.464,825.0,852.0,843.0,829.0,89.0,1.0,0.0,837.25,12.5,852.0,825.0,27.0,17858.04513377654,12.104492967489499,106.88800923544154
2026-08-30 19:14:58.122000+09:00,safe,60.0,-484.0,18072.0,16.0,811.393,879.0,825.0,822.0,867.0,89.0,0.0,0.0,848.25,29.0215437218629,879.0,822.0,57.0,18078.579590222238,9.002430227444286,107.7276426624851
2026-08-30 19:14:59.075000+09:00,safe,-36.0,-424.0,18016.0,16.0,16.082,741.0,813.0,805.0,850.0,89.0,0.0,0.0,802.25,45.29440730745169,850.0,741.0,109.0,18021.02461016021,17.89675249870778,104.86847592327696
2026-08-30 19:15:00.145000+09:00,safe,36.0,-504.0,18084.0,16.0,811.699,859.0,824.0,849.0,840.0,89.0,0.0,0.0,843.0,14.854853303438128,859.0,824.0,35.0,18091.057680522717,18.474137327626515,108.66789422327071
2026-08-30 19:15:01.118000+09:00,safe,212.0,-516.0,18124.0,15.0,811.546,815.0,832.0,827.0,849.0,89.0,0.0,0.0,830.75,14.103781998693352,849.0,815.0,34.0,18132.583268800947,18.019433953373873,107.3132811531521
2026-08-30 19:15:02.144000+09:00,safe,76.0,-452.0,18012.0,15.0,812.566,679.0,685.0,661.0,685.0,89.0,0.0,0.0,677.5,11.357816691600547,685.0,661.0,24.0,18017.830724035564,70.94597416344358,48.83132951765011
2026-08-30 19:15:03.126000+09:00,safe,132.0,-556.0,18020.0,15.0,811.291,903.0,836.0,827.0,863.0,89.0,0.0,0.0,857.25,34.121107836645635,903.0,827.0,76.0,18029.058766336086,72.56087961153727,51.16965844571664
2026-08-30 19:15:04.122000+09:00,safe,96.0,-476.0,18076.0,14.0,811.155,855.0,808.0,812.0,827.0,89.0,0.0,0.0,825.5,21.299452262127932,855.0,808.0,47.0,18082.521063170367,73.31000102305282,47.20387722499741
2026-08-30 19:15:05.118000+09:00,safe,164.0,-416.0,18236.0,14.0,811.427,868.0,831.0,845.0,869.0,89.0,1.0,0.0,853.25,18.518009252256753,869.0,831.0,38.0,18241.481518780212,74.70537965903128,91.0579976468712
2026-08-30 19:15:06.154000+09:00,safe,168.0,-524.0,18228.0,14.0,811.342,822.0,821.0,809.0,829.0,89.0,0.0,0.0,820.25,8.301606270274847,829.0,809.0,20.0,18236.304011504086,74.08082579183365,109.98586887621471
2026-08-30 19:15:07.133000+09:00,safe,200.0,-444.0,18100.0,12.0,811.648,875.0,829.0,815.0,869.0,89.0,0.0,0.0,847.0,29.5296461204668,875.0,815.0,60.0,18106.54953324901,16.735628162695438,95.26324435172377
2026-08-30 19:15:08.122000+09:00,safe,84.0,-456.0,18100.0,12.0,811.58,895.0,839.0,829.0,843.0,89.0,0.0,0.0,851.5,29.59166549328825,895.0,829.0,66.0,18105.938031485694,15.458614103470094,77.61466194659388
2026-08-30 19:15:09.124000+09:00,safe,152.0,-468.0,18084.0,12.0,811.274,858.0,827.0,828.0,867.0,89.0,0.0,0.0,845.0,20.54263858417414,867.0,827.0,40.0,18090.693297936374,13.361090898575778,75.78283483302978
2026-08-30 19:15:10.126000+09:00,safe,204.0,-468.0,18052.0,13.0,811.444,839.0,859.0,803.0,851.0,89.0,0.0,0.0,838.0,24.73863375370596,859.0,803.0,56.0,18059.217701772133,12.244386468909108,67.93068343551043
2026-08-30 19:15:11.127000+09:00,safe,232.0,-524.0,18100.0,13.0,811.478,871.0,829.0,856.0,859.0,89.0,0.0,0.0,853.75,17.727097901235837,871.0,829.0,42.0,18109.0695509184,6.140032573203859,20.901018045445543
2026-08-30 19:15:12.117000+09:00,safe,232.0,-496.0,18052.0,13.0,811.546,840.0,821.0,821.0,846.0,89.0,0.0,0.0,832.0,12.935738607954837,846.0,821.0,25.0,18060.302987491654,9.114548809458658,24.108181159965188
2026-08-30 19:15:13.140000+09:00,safe,124.0,-516.0,18176.0,14.0,811.512,855.0,843.0,831.0,862.0,89.0,0.0,0.0,847.75,13.647344063956181,862.0,831.0,31.0,18183.74570873669,8.480492320614658,51.037801119460404
2026-08-30 19:15:14.129000+09:00,safe,200.0,-568.0,18092.0,14.0,811.682,857.0,873.0,843.0,856.0,89.0,0.0,0.0,857.25,12.284814474246922,873.0,843.0,30.0,18102.018892930148,10.599233462850234,50.73833059975536
2026-08-30 19:15:15.127000+09:00,safe,156.0,-484.0,18032.0,14.0,811.376,853.0,841.0,804.0,873.0,88.0,0.0,0.0,842.75,29.01005572785639,873.0,804.0,69.0,18039.168938728857,9.922197337283926,55.60904396772309
2026-08-30 19:15:16.121000+09:00,safe,256.0,-516.0,18160.0,14.0,811.291,866.0,851.0,811.0,851.0,88.0,0.0,0.0,844.75,23.58495283014151,866.0,811.0,55.0,18169.132945740697,9.106316489119205,64.19082242060524
2026-08-30 19:15:17.125000+09:00,safe,220.0,-544.0,18060.0,14.0,811.376,849.0,861.0,808.0,847.0,88.0,0.0,0.0,841.25,23.01267766543766,861.0,808.0,53.0,18069.53059711292,6.354132513569765,62.483334928795216
2026-08-30 19:15:18.616000+09:00,safe,124.0,-472.0,18048.0,14.0,811.665,872.0,847.0,824.0,831.0,85.0,0.0,0.0,843.5,21.299452262127932,872.0,824.0,48.0,18054.596755397226,6.470123646423181,51.51283269499363
2026-08-30 19:15:19.122000+09:00,safe,300.0,-468.0,18124.0,14.0,811.767,828.0,839.0,811.0,837.0,85.0,1.0,0.0,828.75,12.76388133236386,839.0,811.0,28.0,18132.523266219734,6.524952107104272,55.41145814281349
2026-08-30 19:15:20.069000+09:00,safe,328.0,-456.0,18036.0,14.0,16.422,828.0,851.0,825.0,843.0,85.0,0.0,0.0,836.75,12.338962679253067,851.0,825.0,26.0,18044.744830559393,6.490377492873933,54.098024028338585
2026-08-30 19:15:21.119000+09:00,safe,312.0,-524.0,18192.0,14.0,811.41,678.0,677.0,635.0,675.0,82.0,0.0,0.0,666.25,20.870633275809656,678.0,635.0,43.0,18202.21920536065,76.8204888034436,66.2323344883601
2026-08-30 19:15:22.118000+09:00,safe,348.0,-484.0,18160.0,13.0,811.359,863.0,829.0,809.0,890.0,82.0,0.0,0.0,847.75,35.92005011132362,890.0,809.0,81.0,18169.781506666503,77.67351543479927,69.52151599980732
2026-08-30 19:15:23.131000+09:00,safe,248.0,-452.0,18048.0,13.0,811.393,843.0,859.0,812.0,826.0,82.0,0.0,0.0,835.0,20.412414523193153,859.0,812.0,47.0,18055.36241674478,76.69615374971552,69.3399170381899
2026-08-30 19:15:24.117000+09:00,safe,316.0,-540.0,18176.0,13.0,811.682,841.0,861.0,827.0,871.0,79.0,1.0,0.0,850.0,19.765289440498126,871.0,827.0,44.0,18186.765297875267,79.03966567490023,75.571070440697
2026-08-30 19:15:25.122000+09:00,safe,324.0,-544.0,18196.0,12.0,811.682,888.0,839.0,851.0,837.0,79.0,1.0,0.0,853.75,23.65551380404436,888.0,837.0,51.0,18207.01315427657,80.97325947496496,62.5787255382344
2026-08-30 19:15:26.124000+09:00,safe,316.0,-400.0,18176.0,12.0,811.682,825.0,851.0,873.0,841.0,79.0,0.0,0.0,847.5,20.09145755455952,873.0,825.0,48.0,18183.146922356427,7.056468663574193,60.22093316128654
2026-08-30 19:15:27.132000+09:00,safe,336.0,-488.0,18052.0,12.0,811.563,665.0,647.0,649.0,691.0,78.0,0.0,0.0,663.0,20.33060090930254,691.0,647.0,44.0,18061.720405321306,82.39265743984718,73.86380700468588
2026-08-30 19:15:28.125000+09:00,safe,316.0,-576.0,18140.0,12.0,811.308,845.0,812.0,822.0,838.0,78.0,0.0,0.0,829.25,14.997221964972935,845.0,812.0,33.0,18151.893344772605,81.9930256180366,57.37833392580922
2026-08-30 19:15:29.125000+09:00,safe,344.0,-508.0,18044.0,12.0,811.342,871.0,875.0,819.0,861.0,78.0,0.0,0.0,856.5,25.68397684679432,875.0,819.0,56.0,18054.42704712614,82.85850137433096,69.99082658109029
2026-08-30 19:15:30.117000+09:00,safe,332.0,-520.0,18076.0,12.0,812.345,831.0,799.0,807.0,821.0,78.0,0.0,0.0,814.5,14.27118308573843,831.0,799.0,32.0,18086.52537111537,79.4672888678103,57.108802983968204
2026-08-30 19:15:31.118000+09:00,safe,280.0,-496.0,18080.0,11.0,812.651,873.0,843.0,786.0,856.0,78.0,0.0,0.0,839.5,37.72267222772003,873.0,786.0,87.0,18088.969456550032,78.39929846624908,38.408117680374055
2026-08-30 19:15:32.141000+09:00,safe,276.0,-416.0,18100.0,11.0,811.733,869.0,841.0,853.0,855.0,78.0,1.0,0.0,854.5,11.474609652039003,869.0,841.0,28.0,18106.88355294748,17.620655492915354,35.68925444121181
2026-08-30 19:15:33.119000+09:00,safe,380.0,-448.0,18116.0,11.0,811.512,840.0,825.0,821.0,837.0,76.0,0.0,0.0,830.75,9.17877987534291,840.0,821.0,19.0,18125.52233730107,17.428066444675036,26.43419230407052
2026-08-30 19:15:34.120000+09:00,safe,392.0,-480.0,18084.0,11.0,811.444,851.0,829.0,831.0,855.0,76.0,0.0,0.0,841.5,13.403979508588733,855.0,829.0,26.0,18094.615773759884,14.78555037866389,16.044741046060143
2026-08-30 19:15:35.136000+09:00,safe,360.0,-424.0,18008.0,11.0,811.308,850.0,831.0,823.0,855.0,76.0,0.0,0.0,839.75,15.217862311551295,855.0,823.0,32.0,18016.58791225464,8.531925339570668,41.526782930386666
2026-08-30 19:15:36.118000+09:00,safe,444.0,-372.0,18208.0,11.0,811.495,853.0,823.0,843.0,840.0,73.0,0.0,0.0,839.75,12.473304828045105,853.0,823.0,30.0,18217.211202596296,8.520196593976458,71.90961664222148
2026-08-30 19:15:37.073000+09:00,safe,264.0,-492.0,18080.0,11.0,34.816,873.0,837.0,845.0,857.0,73.0,1.0,0.0,853.0,15.663120165960974,873.0,837.0,36.0,18088.61962671558,7.943944234447261,72.70439763958312
2026-08-30 19:15:38.116000+09:00,safe,316.0,-440.0,18084.0,11.0,811.631,847.0,819.0,825.0,823.0,73.0,0.0,0.0,828.5,12.583057392117917,847.0,819.0,28.0,18092.111872305013,8.694466631140045,72.28422452640133
2026-08-30 19:15:39.113000+09:00,safe,368.0,-460.0,18040.0,11.0,811.563,879.0,853.0,857.0,860.0,72.0,0.0,0.0,862.25,11.528949070347508,879.0,853.0,26.0,18049.61561917594,13.117974310083392,76.10726831380336
2026-08-30 19:15:40.131000+09:00,safe,372.0,-484.0,18004.0,11.0,811.41,837.0,855.0,840.0,839.0,72.0,0.0,0.0,842.75,8.261355820929152,855.0,837.0,18.0,18014.34583880303,12.904698756654799,76.67327438356769
2026-08-30 19:15:41.129000+09:00,safe,204.0,-500.0,18180.0,11.0,811.376,859.0,821.0,825.0,855.0,72.0,0.0,0.0,840.0,19.765289440498126,859.0,821.0,38.0,18188.018473709555,12.878518936586142,65.01664790393835
2026-08-30 19:15:42.118000+09:00,safe,244.0,-408.0,18064.0,11.0,811.648,883.0,813.0,822.0,856.0,72.0,0.0,0.0,843.5,32.19213154380016,883.0,813.0,70.0,18070.254453106078,12.138008485744592,65.38765223545442
2026-08-30 19:15:43.140000+09:00,safe,276.0,-512.0,18076.0,14.0,811.529,861.0,853.0,842.0,861.0,72.0,1.0,0.0,854.25,8.99536917900909,861.0,842.0,19.0,18085.35584388651,9.386492955305934,65.21849541489401
2026-08-30 19:15:44.130000+09:00,safe,368.0,-472.0,18108.0,14.0,811.529,870.0,826.0,807.0,867.0,72.0,0.0,0.0,842.5,31.0322412983658,870.0,807.0,63.0,18117.888177157954,5.552589485997298,64.00508140227225
2026-08-30 19:15:45.128000+09:00,safe,384.0,-460.0,18072.0,14.0,812.039,871.0,821.0,851.0,844.0,72.0,0.0,0.0,846.75,20.62967118820204,871.0,821.0,50.0,18081.931312777404,5.507381410435247,47.737340342451425
2026-08-30 19:15:46.145000+09:00,safe,308.0,-468.0,18196.0,16.0,811.512,697.0,665.0,660.0,647.0,72.0,0.0,0.0,667.25,21.234798484249072,697.0,647.0,50.0,18204.623149079467,80.40689491579693,54.70476557597867
2026-08-30 19:15:47.112000+09:00,safe,248.0,-576.0,18236.0,16.0,812.549,890.0,847.0,840.0,840.0,72.0,0.0,0.0,854.25,24.060687161148714,890.0,840.0,50.0,18246.779880296686,81.63256090556028,74.42678927091136
2026-08-30 19:15:48.116000+09:00,safe,320.0,-424.0,18076.0,16.0,811.988,857.0,815.0,828.0,831.0,72.0,0.0,0.0,832.75,17.594980344783945,857.0,815.0,42.0,18083.80358221135,79.45368147543579,74.7523765389756
2026-08-30 19:15:49.139000+09:00,safe,292.0,-484.0,18136.0,15.0,811.648,837.0,867.0,847.0,829.0,72.0,1.0,0.0,845.0,16.41137816678823,867.0,829.0,38.0,18144.80686036641,79.72695591830914,73.08176700891022
2026-08-30 19:15:50.124000+09:00,safe,332.0,-388.0,18036.0,15.0,811.597,901.0,815.0,841.0,868.0,72.0,0.0,0.0,856.25,36.854443422740765,901.0,815.0,86.0,18043.227649176297,80.9493668906682,83.69004638183438
2026-08-30 19:15:51.112000+09:00,safe,188.0,-396.0,17968.0,15.0,811.648,807.0,829.0,806.0,813.0,72.0,0.0,0.0,813.75,10.626225419530053,829.0,806.0,23.0,17973.34648862031,17.55669388011328,103.76127616952894
2026-08-30 19:15:52.117000+09:00,safe,368.0,-376.0,18184.0,14.0,811.563,888.0,845.0,823.0,855.0,72.0,0.0,0.0,852.75,27.035470527931757,888.0,823.0,65.0,18191.609494489487,17.271363582531837,85.333891470545
2026-08-30 19:15:53.130000+09:00,safe,260.0,-484.0,18124.0,14.0,811.444,841.0,805.0,793.0,827.0,72.0,0.0,0.0,816.5,21.563858652847824,841.0,793.0,48.0,18132.325609253767,20.26897259359751,87.55853416470254
2026-08-30 19:15:54.072000+09:00,safe,352.0,-452.0,18052.0,15.0,124.661,877.0,853.0,831.0,843.0,72.0,0.0,0.0,851.0,19.527758021169078,877.0,831.0,46.0,18061.088339300044,21.035238291971098,84.08175541720675
2026-08-30 19:15:55.121000+09:00,safe,316.0,-528.0,18064.0,15.0,811.359,872.0,816.0,813.0,849.0,72.0,0.0,0.0,837.5,28.19574435974337,872.0,813.0,59.0,18074.477475158168,18.49780392370962,81.76487463698385
2026-08-30 19:15:56.113000+09:00,safe,332.0,-520.0,18156.0,15.0,811.631,869.0,843.0,845.0,845.0,72.0,0.0,0.0,850.5,12.36931687685298,869.0,843.0,26.0,18166.479020437615,15.319105718024383,56.674580451357784
2026-08-30 19:15:57.121000+09:00,safe,388.0,-456.0,18060.0,17.0,811.512,866.0,846.0,823.0,846.0,72.0,1.0,0.0,845.25,17.576025337563287,866.0,823.0,43.0,18069.92196994774,14.29335509948617,46.181502554334784
2026-08-30 19:15:58.137000+09:00,safe,328.0,-436.0,18044.0,17.0,811.597,873.0,857.0,839.0,843.0,72.0,0.0,0.0,853.0,15.405626677721791,873.0,839.0,34.0,18052.246840767493,6.255997122762078,46.42551716784707
2026-08-30 19:15:59.075000+09:00,safe,400.0,-476.0,18132.0,17.0,124.933,869.0,847.0,799.0,861.0,72.0,0.0,0.0,844.0,31.347514521356658,869.0,799.0,70.0,18142.65691678041,6.04255740560298,50.17179802818831
2026-08-30 19:16:00.110000+09:00,safe,292.0,-556.0,18060.0,18.0,811.393,885.0,827.0,813.0,853.0,72.0,0.0,0.0,844.5,31.680698645494967,885.0,813.0,72.0,18070.915859468772,4.0481477245781905,50.6681009783095
2026-08-30 19:16:01.119000+09:00,safe,332.0,-460.0,18164.0,18.0,811.172,879.0,841.0,843.0,845.0,72.0,0.0,0.0,852.0,18.07392228230128,879.0,841.0,38.0,18172.85668242613,4.373213921134847,52.78224610352826
2026-08-30 19:16:02.142000+09:00,safe,288.0,-456.0,18060.0,18.0,811.41,825.0,829.0,841.0,847.0,72.0,0.0,0.0,835.5,10.246950765959598,847.0,825.0,22.0,18068.051361450132,7.094011559055107,53.069820499469266
2026-08-30 19:16:03.118000+09:00,safe,332.0,-412.0,18084.0,18.0,811.699,844.0,847.0,827.0,844.0,72.0,0.0,0.0,840.5,9.1104335791443,847.0,827.0,20.0,18091.739109328322,6.047726845684032,46.46315044705442
2026-08-30 19:16:04.112000+09:00,safe,292.0,-456.0,18220.0,18.0,811.58,885.0,815.0,797.0,851.0,72.0,0.0,0.0,837.0,39.08964057138413,885.0,797.0,88.0,18228.044327354484,6.627593831852348,71.01794245508145
2026-08-30 19:16:05.114000+09:00,safe,308.0,-368.0,18100.0,18.0,811.257,717.0,691.0,651.0,677.0,72.0,0.0,0.0,684.0,27.543904346818127,717.0,651.0,66.0,18106.360429418168,70.62099546168976,65.67265545603352
2026-08-30 19:16:06.138000+09:00,safe,336.0,-568.0,18164.0,18.0,811.495,859.0,871.0,841.0,861.0,72.0,1.0,0.0,858.0,12.489995996796797,871.0,841.0,30.0,18175.984595063896,71.56203602469681,66.15547394551629
2026-08-30 19:16:07.115000+09:00,safe,472.0,-432.0,18048.0,18.0,811.461,888.0,861.0,840.0,861.0,72.0,0.0,0.0,862.5,19.672315572906,888.0,840.0,48.0,18059.33863683828,74.81761156305382,68.40454578890522
2026-08-30 19:16:08.124000+09:00,safe,364.0,-548.0,18332.0,18.0,811.597,861.0,869.0,827.0,837.0,72.0,0.0,0.0,848.5,19.75685535031659,869.0,827.0,42.0,18343.800696693146,75.54386143162132,110.7930446314095
2026-08-30 19:16:09.121000+09:00,safe,320.0,-332.0,18040.0,18.0,811.648,869.0,824.0,841.0,847.0,72.0,0.0,0.0,845.25,18.589871794429712,869.0,824.0,45.0,18045.89216414639,76.15026263907436,121.58009583292012
2026-08-30 19:16:10.074000+09:00,safe,360.0,-460.0,18160.0,18.0,127.755,893.0,819.0,823.0,861.0,72.0,0.0,0.0,849.0,34.90940656422946,893.0,819.0,74.0,18169.391844527985,7.26205893669319,119.65937503123094
2026-08-30 19:16:11.115000+09:00,safe,424.0,-500.0,18248.0,18.0,811.614,676.0,683.0,671.0,679.0,72.0,0.0,0.0,677.25,5.057996968497839,683.0,671.0,12.0,18259.772178206385,78.12389999225593,128.21445974104813
2026-08-30 19:16:12.111000+09:00,safe,260.0,-544.0,18120.0,17.0,811.495,873.0,839.0,825.0,829.0,72.0,1.0,0.0,841.5,21.80978373727412,873.0,825.0,48.0,18130.02857140606,75.5549055323346,115.44576582396543
2026-08-30 19:16:13.110000+09:00,safe,404.0,-508.0,18088.0,17.0,811.512,861.0,841.0,815.0,823.0,72.0,0.0,0.0,835.0,20.46134567096374,861.0,815.0,46.0,18099.641543411846,74.16632490557966,80.29524703690532
2026-08-30 19:16:14.079000+09:00,safe,364.0,-424.0,18044.0,17.0,123.046,857.0,825.0,829.0,831.0,72.0,0.0,0.0,835.5,14.548768561863463,857.0,825.0,32.0,18052.650996460325,73.11540535345479,78.32776704669672
2026-08-30 19:16:15.123000+09:00,safe,320.0,-452.0,18172.0,17.0,811.631,875.0,811.0,812.0,846.0,72.0,0.0,0.0,836.0,30.670289641062514,875.0,811.0,64.0,18180.436958445196,71.49047139304655,79.4309176138753
2026-08-30 19:16:16.114000+09:00,safe,304.0,-468.0,18164.0,17.0,811.716,873.0,827.0,826.0,853.0,72.0,0.0,0.0,844.75,22.60346581094737,873.0,826.0,47.0,18172.570979363376,4.345975149492721,52.95666330187264
2026-08-30 19:16:17.114000+09:00,safe,460.0,-452.0,18068.0,17.0,811.614,871.0,840.0,811.0,843.0,72.0,0.0,0.0,841.25,24.52719579025155,871.0,811.0,60.0,18079.50574545665,4.304793839431597,56.92166399898629
2026-08-30 19:16:18.115000+09:00,safe,284.0,-464.0,18176.0,17.0,811.376,863.0,862.0,861.0,853.0,72.0,1.0,0.0,859.75,4.573474244670748,863.0,853.0,10.0,18184.139462729603,9.885911692909662,62.74006812441151
2026-08-30 19:16:19.090000+09:00,safe,284.0,-448.0,18176.0,17.0,113.543,825.0,823.0,797.0,829.0,72.0,1.0,0.0,818.5,14.548768561863463,829.0,797.0,32.0,18183.73822952805,14.936741612547483,45.28026715386402
2026-08-30 19:16:20.062000+09:00,safe,340.0,-456.0,18108.0,17.0,7.412,815.0,812.0,827.0,840.0,71.0,0.0,0.0,823.5,12.767145334803704,840.0,812.0,28.0,18116.93130748141,16.723299614609775,47.0154274173579
2026-08-30 19:16:21.060000+09:00,safe,296.0,-444.0,18104.0,17.0,2.295,809.0,789.0,811.0,829.0,71.0,0.0,0.0,809.5,16.36052158907737,829.0,789.0,40.0,18111.862631987908,20.03200564097383,46.72058514880685
2026-08-30 19:16:22.062000+09:00,safe,332.0,-440.0,17928.0,17.0,11.407,877.0,827.0,825.0,853.0,71.0,0.0,0.0,845.5,24.569628948493843,877.0,825.0,52.0,17936.47144786287,20.68181568431571,101.29267755209713
2026-08-30 19:16:23.109000+09:00,safe,288.0,-404.0,18020.0,17.0,811.529,852.0,839.0,799.0,822.0,70.0,0.0,0.0,828.0,22.90560339014597,852.0,799.0,53.0,18026.82889473354,13.360389215887666,95.46146771041549
2026-08-30 19:16:24.111000+09:00,safe,268.0,-492.0,18160.0,17.0,811.291,830.0,821.0,799.0,847.0,70.0,0.0,0.0,824.25,19.98958061924595,847.0,799.0,48.0,18168.64023530655,12.900581382248143,91.31743562057132
2026-08-30 19:16:25.114000+09:00,safe,348.0,-464.0,18128.0,17.0,811.41,856.0,832.0,855.0,859.0,70.0,0.0,0.0,850.5,12.449899597988733,859.0,832.0,27.0,18137.276090968015,16.626785618393225,94.2190033533015
2026-08-30 19:16:26.119000+09:00,safe,436.0,-436.0,18224.0,17.0,811.546,842.0,861.0,813.0,837.0,70.0,1.0,0.0,838.25,19.75474626513841,861.0,813.0,48.0,18234.42809632372,11.171112299140496,118.6010572141645
2026-08-30 19:16:27.124000+09:00,safe,356.0,-420.0,18212.0,17.0,811.58,870.0,804.0,846.0,863.0,70.0,0.0,0.0,845.75,29.60152023123137,870.0,804.0,66.0,18220.320524074214,11.217452919446904,82.87399974067952
2026-08-30 19:16:28.113000+09:00,safe,280.0,-516.0,18132.0,17.0,812.515,819.0,808.0,777.0,809.0,70.0,0.0,0.0,803.25,18.191115047370424,819.0,777.0,42.0,18141.501591654425,19.080094339389614,44.7876312593989
2026-08-30 19:16:29.071000+09:00,safe,444.0,-428.0,18092.0,17.0,31.705,871.0,851.0,826.0,825.0,70.0,0.0,0.0,843.25,22.0661883130428,871.0,825.0,46.0,18102.507671590694,18.94267668519968,57.189056340727504
2026-08-30 19:16:30.073000+09:00,safe,444.0,-608.0,18196.0,17.0,17.102,815.0,857.0,845.0,824.0,70.0,0.0,0.0,835.25,19.189841062395487,857.0,815.0,42.0,18211.568191674214,17.213366899012165,57.11955859794367
2026-08-30 19:16:31.070000+09:00,safe,332.0,-580.0,18132.0,17.0,17.068,861.0,827.0,815.0,869.0,70.0,0.0,0.0,843.0,26.076809620810597,869.0,815.0,54.0,18144.311725717238,17.689686260643732,50.27384626070385
2026-08-30 19:16:32.060000+09:00,safe,416.0,-432.0,18176.0,17.0,17.085,866.0,827.0,847.0,869.0,70.0,1.0,0.0,852.25,19.448650338776723,869.0,827.0,42.0,18185.89167459215,18.953561670567563,42.37599933120389
2026-08-30 19:16:33.081000+09:00,safe,284.0,-556.0,18060.0,18.0,16.728,719.0,691.0,681.0,685.0,70.0,0.0,0.0,694.0,17.165857586111645,719.0,681.0,38.0,18070.78836133056,67.10099663939431,57.87305458455448
2026-08-30 19:16:34.065000+09:00,safe,300.0,-564.0,17968.0,18.0,17.085,826.0,867.0,799.0,849.0,70.0,0.0,0.0,835.25,29.420797632513864,867.0,799.0,68.0,17979.352602360297,66.30643822435349,94.21770137099863
2026-08-30 19:16:35.065000+09:00,safe,268.0,-436.0,18000.0,18.0,18.36,826.0,841.0,811.0,849.0,70.0,0.0,0.0,831.75,16.80029761641144,849.0,811.0,38.0,18007.274085768786,66.01680657226616,87.781256249221
2026-08-30 19:16:36.078000+09:00,safe,308.0,-500.0,18100.0,19.0,17.085,869.0,825.0,849.0,847.0,70.0,0.0,0.0,847.5,17.99073835801818,869.0,825.0,44.0,18109.524124062453,66.58608150356955,82.37649302287778
2026-08-30 19:16:37.066000+09:00,safe,420.0,-480.0,18044.0,19.0,17.714,879.0,855.0,839.0,854.0,70.0,1.0,0.0,856.75,16.54035469188413,879.0,839.0,40.0,18055.26892627191,67.29027604342255,51.63603270238006
2026-08-30 19:16:38.066000+09:00,safe,332.0,-500.0,18104.0,19.0,24.616,859.0,831.0,827.0,809.0,70.0,1.0,0.0,831.5,20.6801031589948,859.0,809.0,50.0,18113.946008531657,11.159917114387905,60.0610361227493
2026-08-30 19:16:39.108000+09:00,safe,404.0,-568.0,18068.0,20.0,811.376,859.0,841.0,814.0,867.0,70.0,0.0,0.0,845.25,23.5,867.0,814.0,53.0,18081.43976568238,10.86479406155534,43.917252649721355
2026-08-30 19:16:40.105000+09:00,safe,428.0,-484.0,18136.0,20.0,811.41,821.0,807.0,795.0,823.0,70.0,0.0,0.0,811.5,13.102162671355696,823.0,795.0,28.0,18147.504952472118,17.589947413224643,34.91226063782216
2026-08-30 19:16:41.113000+09:00,safe,252.0,-336.0,17612.0,20.0,811.546,847.0,821.0,822.0,839.0,70.0,0.0,0.0,832.25,12.84198842339716,847.0,821.0,26.0,17617.007237326095,16.949741885940576,218.55545226447617
2026-08-30 19:16:42.113000+09:00,safe,408.0,-412.0,18012.0,21.0,811.665,887.0,857.0,847.0,857.0,70.0,0.0,0.0,862.0,17.320508075688775,887.0,847.0,40.0,18021.330472526162,18.674012691438566,217.0494242668473
2026-08-30 19:16:43.108000+09:00,safe,396.0,-424.0,18208.0,21.0,811.461,859.0,853.0,821.0,841.0,70.0,1.0,0.0,843.5,16.76305461424021,859.0,821.0,38.0,18217.240625297785,18.641854789693237,235.20908343892984
2026-08-30 19:16:44.064000+09:00,safe,328.0,-472.0,18228.0,21.0,65.365,852.0,843.0,838.0,811.0,73.0,0.0,0.0,836.0,17.644640357154728,852.0,811.0,41.0,18237.059850754453,18.31017476705257,255.3200310689277
2026-08-30 19:16:45.109000+09:00,safe,360.0,-428.0,18348.0,21.0,66.181,863.0,815.0,827.0,825.0,73.0,0.0,0.0,832.5,21.0,863.0,815.0,48.0,18356.52167487076,12.45742750330135,290.3825476782908
2026-08-30 19:16:46.068000+09:00,safe,408.0,-512.0,18152.0,21.0,63.682,879.0,799.0,811.0,859.0,73.0,0.0,0.0,837.0,38.157568056677825,879.0,799.0,80.0,18163.80224512478,11.761164908290718,121.86007476912559
2026-08-30 19:16:47.092000+09:00,safe,340.0,-508.0,18180.0,21.0,65.365,859.0,831.0,797.0,861.0,74.0,0.0,0.0,837.0,29.97776954122282,861.0,797.0,64.0,18190.27388468904,3.9780648561843837,74.3913512814451
2026-08-30 19:16:48.068000+09:00,safe,288.0,-404.0,18124.0,22.0,64.209,861.0,795.0,815.0,861.0,74.0,0.0,0.0,833.0,33.34666400106613,861.0,795.0,66.0,18130.78972356141,2.1908902300228066,87.8017740845134
2026-08-30 19:16:49.117000+09:00,safe,388.0,-548.0,18176.0,22.0,811.461,883.0,813.0,793.0,856.0,74.0,1.0,0.0,836.25,40.77070026379238,883.0,793.0,90.0,18188.39806030207,2.2192341021193327,87.53733573987527
2026-08-30 19:16:50.117000+09:00,safe,392.0,-548.0,18128.0,22.0,811.478,873.0,827.0,823.0,839.0,74.0,0.0,0.0,840.5,22.708295107001465,873.0,823.0,50.0,18140.516861434793,2.669269563009592,27.07520072146387
2026-08-30 19:16:51.106000+09:00,safe,328.0,-416.0,18112.0,22.0,811.495,857.0,867.0,845.0,852.0,74.0,0.0,0.0,855.25,9.251126057585278,867.0,845.0,22.0,18119.745693579698,8.718873207015315,33.139385625854715
2026-08-30 19:16:52.113000+09:00,safe,372.0,-524.0,18200.0,22.0,811.427,857.0,815.0,815.0,857.0,74.0,0.0,0.0,836.0,24.24871130596428,857.0,815.0,42.0,18211.341521151044,8.827159792368642,39.61907929884509
2026-08-30 19:16:53.109000+09:00,safe,248.0,-412.0,18204.0,22.0,812.549,889.0,815.0,823.0,861.0,74.0,0.0,0.0,847.0,34.448028487370166,889.0,815.0,74.0,18210.350463404047,8.168154626352852,41.79615711981987
2026-08-30 19:16:54.111000+09:00,safe,428.0,-452.0,18208.0,22.0,812.855,851.0,831.0,803.0,835.0,74.0,0.0,0.0,830.0,19.966638842495918,851.0,803.0,48.0,18218.637490218636,9.77880360780446,46.32959853192083
2026-08-30 19:16:55.114000+09:00,safe,352.0,-568.0,18136.0,22.0,811.631,687.0,695.0,665.0,669.0,74.0,1.0,0.0,679.0,14.329456840136451,695.0,665.0,30.0,18148.306367261932,73.57317785715125,44.76973028088184
2026-08-30 19:16:56.105000+09:00,safe,308.0,-432.0,18172.0,21.0,811.325,862.0,846.0,805.0,851.0,72.0,0.0,0.0,841.0,24.91318258807306,862.0,805.0,57.0,18179.7434525353,71.60516741129798,29.435114297168653
2026-08-30 19:16:57.108000+09:00,safe,336.0,-500.0,18256.0,21.0,811.342,855.0,823.0,727.0,827.0,72.0,0.0,0.0,808.0,55.845023651769246,855.0,727.0,128.0,18265.936384428805,69.8032950511651,44.099580272565504
2026-08-30 19:16:58.128000+09:00,safe,364.0,-424.0,18072.0,21.0,811.376,871.0,827.0,811.0,861.0,70.0,0.0,0.0,842.5,28.207563997386703,871.0,811.0,60.0,18080.637599376852,69.08726365980932,70.26071914155384
2026-08-30 19:16:59.116000+09:00,safe,408.0,-480.0,18016.0,22.0,812.498,803.0,832.0,819.0,830.0,70.0,0.0,0.0,821.0,13.291601358251256,832.0,803.0,29.0,18027.010844840584,68.22536185319952,91.92173308815464
2026-08-30 19:17:00.103000+09:00,safe,368.0,-412.0,18028.0,22.0,811.733,853.0,831.0,871.0,859.0,70.0,0.0,0.0,853.5,16.76305461424021,871.0,831.0,40.0,18036.461737269867,18.325528641761263,102.49497862862148
2026-08-30 19:17:01.123000+09:00,safe,160.0,-512.0,18236.0,22.0,811.427,847.0,843.0,838.0,860.0,0.0,0.0,0.0,847.0,9.41629792788369,860.0,838.0,22.0,18243.88774357045,19.142230799988088,115.367718902592
2026-08-30 19:17:02.107000+09:00,safe,324.0,-504.0,18160.0,21.0,811.376,879.0,855.0,853.0,843.0,0.0,1.0,0.0,857.5,15.264337522473747,879.0,843.0,36.0,18169.881452557693,14.250438589742178,93.08131639890557
2026-08-30 19:17:03.107000+09:00,safe,324.0,-516.0,18148.0,21.0,811.308,832.0,856.0,838.0,885.0,0.0,0.0,0.0,852.75,23.79600806858159,885.0,832.0,53.0,18158.22502338816,14.65818883764338,93.10146379475508
2026-08-30 19:17:04.107000+09:00,safe,312.0,-480.0,18264.0,21.0,811.359,854.0,851.0,831.0,862.0,68.0,0.0,0.0,849.5,13.178264933847197,862.0,831.0,31.0,18272.970201912987,4.009364039347481,91.97264835594784
2026-08-30 19:17:05.067000+09:00,safe,348.0,-540.0,18160.0,21.0,14.416,883.0,811.0,781.0,840.0,68.0,0.0,0.0,828.75,43.45399866525519,883.0,781.0,102.0,18171.359442815497,10.983794881552225,51.64796167532186
2026-08-30 19:17:06.070000+09:00,safe,344.0,-500.0,18000.0,21.0,16.422,890.0,805.0,826.0,863.0,68.0,0.0,0.0,846.0,37.88579329159327,890.0,805.0,85.0,18010.228649298155,10.995169393875333,94.02586420624098
2026-08-30 19:17:07.068000+09:00,safe,388.0,-456.0,18272.0,21.0,16.422,830.0,847.0,825.0,873.0,71.0,0.0,0.0,843.75,21.654483754332883,873.0,825.0,48.0,18281.80691288473,9.264515637636583,109.96973809550315
2026-08-30 19:17:08.081000+09:00,safe,360.0,-588.0,18124.0,20.0,16.422,863.0,868.0,795.0,853.0,71.0,0.0,0.0,844.75,33.74783943701681,868.0,795.0,73.0,18137.108920663184,8.014440092733413,111.35977393954033
2026-08-30 19:17:09.058000+09:00,safe,328.0,-480.0,18120.0,20.0,16.422,809.0,807.0,828.0,837.0,71.0,1.0,0.0,820.25,14.637281168304447,837.0,807.0,30.0,18129.323870459153,11.562871615650366,97.3108643162807
2026-08-30 19:17:10.069000+09:00,safe,364.0,-456.0,18196.0,20.0,16.422,825.0,803.0,791.0,844.0,72.0,0.0,0.0,815.75,23.51418011895517,844.0,791.0,53.0,18205.352180059577,14.804560108291394,100.658379468945
2026-08-30 19:17:11.108000+09:00,safe,204.0,-460.0,18068.0,18.0,811.427,815.0,853.0,813.0,847.0,72.0,0.0,0.0,832.0,20.944370763206678,853.0,813.0,40.0,18075.005947440237,13.231590985214629,79.7169876446561
2026-08-30 19:17:12.113000+09:00,safe,348.0,-520.0,18340.0,18.0,811.495,884.0,840.0,811.0,875.0,72.0,0.0,0.0,852.5,33.55095627052479,884.0,811.0,73.0,18350.67039647326,15.647883243429863,106.30297990492357
2026-08-30 19:17:13.082000+09:00,safe,388.0,-500.0,18092.0,18.0,120.836,884.0,842.0,831.0,853.0,72.0,0.0,0.0,852.5,22.84002335083453,884.0,831.0,53.0,18103.066259614694,17.384080361066353,110.6956411512271
2026-08-30 19:17:14.122000+09:00,safe,392.0,-496.0,18120.0,17.0,811.461,698.0,651.0,713.0,702.0,72.0,0.0,0.0,691.0,27.410460290431704,713.0,651.0,62.0,18131.02534331691,67.60685985904102,110.53151658738511
2026-08-30 19:17:15.108000+09:00,safe,448.0,-524.0,18132.0,17.0,811.325,868.0,850.0,805.0,843.0,72.0,0.0,0.0,841.5,26.514147167125703,868.0,805.0,63.0,18145.101377506824,69.2345650668798,109.4045217006094
2026-08-30 19:17:16.106000+09:00,safe,388.0,-512.0,18104.0,17.0,811.461,904.0,841.0,839.0,863.0,72.0,1.0,0.0,861.75,30.192438346932718,904.0,839.0,65.0,18115.394116607014,72.38559939656514,102.75965557661989
2026-08-30 19:17:17.077000+09:00,safe,432.0,-456.0,18328.0,17.0,114.478,869.0,855.0,815.0,852.0,72.0,0.0,0.0,847.75,23.05609102457165,869.0,815.0,54.0,18338.760699676517,71.87936943240398,97.50077941887004
2026-08-30 19:17:18.117000+09:00,safe,304.0,-524.0,18080.0,17.0,811.682,819.0,823.0,828.0,827.0,72.0,0.0,0.0,824.25,4.112987559751022,828.0,819.0,9.0,18090.146268065386,69.65383155290175,99.75301635099522
2026-08-30 19:17:19.072000+09:00,safe,348.0,-500.0,18152.0,17.0,112.115,871.0,875.0,815.0,839.0,72.0,0.0,0.0,850.0,28.35489375751565,875.0,815.0,60.0,18162.219247658035,13.747045137047158,98.13071675189329
2026-08-30 19:17:20.117000+09:00,safe,436.0,-456.0,18196.0,17.0,811.495,729.0,665.0,668.0,713.0,72.0,0.0,0.0,693.75,32.159757461772,729.0,665.0,64.0,18206.934063702214,69.40641180755573,98.05351582407428
2026-08-30 19:17:21.109000+09:00,safe,504.0,-556.0,17948.0,17.0,811.359,851.0,844.0,843.0,841.0,72.0,0.0,0.0,844.75,4.349329450233296,851.0,841.0,10.0,17963.681582570985,66.9471806725273,139.00615723944898
2026-08-30 19:17:22.063000+09:00,safe,328.0,-608.0,18044.0,17.0,110.262,911.0,821.0,871.0,854.0,72.0,0.0,0.0,864.25,37.446628686705566,911.0,821.0,90.0,18057.219719547084,69.50170861209106,94.5220703058596
2026-08-30 19:17:23.075000+09:00,safe,312.0,-452.0,18164.0,17.0,120.768,840.0,841.0,829.0,871.0,72.0,1.0,0.0,845.25,18.006943105369107,871.0,829.0,42.0,18172.301560341773,70.79274327217453,100.2108392715963
2026-08-30 19:17:24.060000+09:00,safe,400.0,-552.0,18280.0,17.0,54.944,872.0,842.0,810.0,839.0,72.0,0.0,0.0,840.75,25.342651794948374,872.0,810.0,62.0,18292.70630606636,69.9151271185286,129.2026420860987
2026-08-30 19:17:25.077000+09:00,safe,364.0,-384.0,18004.0,17.0,56.525,854.0,790.0,797.0,845.0,72.0,0.0,0.0,821.5,32.66496594212215,854.0,790.0,64.0,18011.773038765506,15.219641914316265,132.81474090587008
2026-08-30 19:17:26.064000+09:00,safe,368.0,-456.0,18132.0,17.0,56.168,838.0,851.0,846.0,862.0,72.0,0.0,0.0,849.25,10.04572877727976,862.0,838.0,24.0,18141.46587241505,15.4580076335863,109.01732128605649
2026-08-30 19:17:27.087000+09:00,safe,436.0,-536.0,18012.0,17.0,56.185,858.0,826.0,869.0,863.0,72.0,0.0,0.0,854.0,19.200694431886227,869.0,826.0,43.0,18025.24718277117,12.538191655897302,115.47351605566779
2026-08-30 19:17:28.061000+09:00,safe,292.0,-516.0,18076.0,17.0,55.471,850.0,840.0,870.0,862.0,72.0,0.0,0.0,855.5,13.203534880225574,870.0,840.0,30.0,18085.72077634729,13.932201907811002,113.77960454806568
2026-08-30 19:17:29.073000+09:00,safe,280.0,-568.0,18196.0,17.0,122.4,729.0,702.0,676.0,715.0,72.0,1.0,0.0,705.5,22.54624876411447,729.0,676.0,53.0,18207.016230014186,63.921240601227474,81.5201611119114
2026-08-30 19:17:30.059000+09:00,safe,252.0,-512.0,17972.0,17.0,70.04,869.0,825.0,829.0,875.0,72.0,0.0,0.0,849.5,26.14702022538451,875.0,825.0,50.0,17981.057588473486,65.60201978597924,90.00444612883618
2026-08-30 19:17:31.071000+09:00,safe,328.0,-520.0,18140.0,17.0,25.772,845.0,839.0,807.0,867.0,72.0,0.0,0.0,839.5,24.78574859336174,867.0,807.0,60.0,18150.41553243341,64.75685291920857,91.40905844984661
2026-08-30 19:17:32.107000+09:00,safe,304.0,-504.0,18216.0,17.0,811.41,877.0,877.0,853.0,869.0,72.0,0.0,0.0,869.0,11.313708498984761,877.0,853.0,24.0,18225.506522453634,66.98843183714642,99.516663205713
2026-08-30 19:17:33.107000+09:00,safe,332.0,-532.0,18212.0,17.0,811.291,906.0,839.0,855.0,863.0,72.0,0.0,0.0,865.75,28.628365886535217,906.0,839.0,67.0,18222.793199726544,68.34416580806302,103.10426669650333
2026-08-30 19:17:34.100000+09:00,safe,296.0,-480.0,18128.0,17.0,811.257,858.0,842.0,826.0,857.0,75.0,0.0,0.0,845.75,15.063753405664428,858.0,826.0,32.0,18136.76928231707,12.860550143753922,99.36418111536274
2026-08-30 19:17:35.113000+09:00,safe,392.0,-460.0,18028.0,17.0,811.359,815.0,809.0,800.0,813.0,75.0,0.0,0.0,809.25,6.652067347825035,815.0,800.0,15.0,18038.127619018556,24.040720663075167,76.77765342492093
2026-08-30 19:17:36.137000+09:00,safe,312.0,-524.0,18192.0,17.0,811.495,860.0,875.0,843.0,873.0,75.0,1.0,0.0,862.75,14.750706197783662,875.0,843.0,32.0,18202.21920536065,24.74368606331743,79.49827409405167
2026-08-30 19:17:37.106000+09:00,safe,380.0,-348.0,18172.0,17.0,811.614,887.0,859.0,796.0,874.0,78.0,0.0,0.0,854.0,40.32369030731191,887.0,796.0,91.0,18179.303837056028,22.770595073471604,73.15088886599261
2026-08-30 19:17:38.101000+09:00,safe,376.0,-424.0,17992.0,16.0,811.393,825.0,820.0,860.0,876.0,78.0,0.0,0.0,845.25,27.146209066215242,876.0,820.0,56.0,18000.922643020273,20.38351049255278,88.1429582854791
2026-08-30 19:17:39.107000+09:00,safe,436.0,-528.0,18096.0,16.0,811.376,739.0,693.0,685.0,712.0,78.0,0.0,0.0,707.25,24.005207768315607,739.0,685.0,54.0,18108.950715046965,63.946852932728525,87.01747017846566
2026-08-30 19:17:40.108000+09:00,safe,328.0,-484.0,18036.0,16.0,811.495,880.0,799.0,828.0,871.0,81.0,0.0,0.0,844.5,37.881393849751625,880.0,799.0,81.0,18045.474114026485,64.99254764971143,85.63802857870522
2026-08-30 19:17:41.055000+09:00,safe,348.0,-492.0,18176.0,16.0,18.7,843.0,852.0,843.0,851.0,81.0,0.0,0.0,847.25,4.924428900898052,852.0,843.0,9.0,18185.987572853996,62.94506533478229,81.3438362356466
2026-08-30 19:17:42.064000+09:00,safe,352.0,-552.0,18152.0,16.0,20.91,719.0,709.0,692.0,699.0,81.0,1.0,0.0,704.75,11.786291472158096,719.0,692.0,27.0,18163.80224512478,76.5102934251334,77.98849438458191
2026-08-30 19:17:43.063000+09:00,safe,420.0,-396.0,18108.0,16.0,18.377,859.0,843.0,821.0,869.0,81.0,0.0,0.0,848.0,20.944370763206678,869.0,821.0,48.0,18117.198458922947,77.01675953972621,54.46405979652775
2026-08-30 19:17:44.089000+09:00,safe,208.0,-548.0,18148.0,16.0,18.36,893.0,825.0,843.0,861.0,81.0,0.0,0.0,855.5,29.0,893.0,825.0,68.0,18157.46325894672,64.55545097046421,55.363637051832214
2026-08-30 19:17:45.064000+09:00,safe,312.0,-464.0,18124.0,16.0,18.36,869.0,822.0,815.0,839.0,81.0,0.0,0.0,836.25,24.046829312822098,869.0,815.0,54.0,18132.62297628228,63.87453522335804,26.9684997282802
2026-08-30 19:17:46.069000+09:00,safe,320.0,-436.0,18228.0,16.0,18.36,826.0,863.0,823.0,855.0,82.0,0.0,0.0,841.75,20.221688027132323,863.0,823.0,40.0,18236.021495929424,63.29716620829093,45.74802548315236
2026-08-30 19:17:47.057000+09:00,safe,408.0,-404.0,18112.0,16.0,18.36,847.0,851.0,803.0,853.0,82.0,1.0,0.0,838.5,23.79775899813538,853.0,803.0,50.0,18121.098862927713,7.804245639394449,49.05882861401305
2026-08-30 19:17:48.058000+09:00,safe,264.0,-500.0,18096.0,16.0,18.36,733.0,725.0,696.0,701.0,82.0,1.0,0.0,713.75,18.02544497832624,733.0,696.0,37.0,18104.83117844516,58.28394933427218,51.55585953749799
2026-08-30 19:17:49.057000+09:00,safe,272.0,-368.0,18132.0,16.0,18.36,904.0,847.0,859.0,859.0,82.0,0.0,0.0,867.25,25.144581921360317,904.0,847.0,57.0,18137.773623022204,60.41471261207825,51.63410577715576
2026-08-30 19:17:50.062000+09:00,safe,320.0,-512.0,18168.0,16.0,18.377,868.0,841.0,848.0,859.0,82.0,0.0,0.0,854.0,11.916375287812984,868.0,841.0,27.0,18178.02981623696,62.141823677777644,52.574430748420454
2026-08-30 19:17:51.050000+09:00,safe,388.0,-472.0,18116.0,16.0,18.377,840.0,859.0,837.0,829.0,82.0,0.0,0.0,841.25,12.711543310445563,859.0,829.0,30.0,18126.3008912464,62.10459926607695,27.51648584928893
2026-08-30 19:17:52.062000+09:00,safe,404.0,-436.0,18168.0,16.0,18.36,878.0,847.0,844.0,863.0,82.0,0.0,0.0,858.0,15.726834816113932,878.0,844.0,34.0,18177.720869239907,63.911217716454175,32.31490308939937
2026-08-30 19:17:53.061000+09:00,safe,308.0,-440.0,18168.0,16.0,18.36,869.0,829.0,827.0,883.0,82.0,0.0,0.0,852.0,28.307831660749528,883.0,827.0,56.0,18175.93705975018,9.44556774365657,25.09553460773729
2026-08-30 19:17:54.059000+09:00,safe,372.0,-536.0,17976.0,16.0,18.36,845.0,853.0,849.0,867.0,82.0,1.0,0.0,853.5,9.574271077563381,867.0,845.0,22.0,17987.836334590105,6.2749501990060015,82.02905439875092
2026-08-30 19:17:55.101000+09:00,safe,332.0,-516.0,18084.0,16.0,811.546,853.0,826.0,845.0,874.0,82.0,0.0,0.0,849.5,19.87460691435179,874.0,826.0,48.0,18094.40620744433,6.193746846619215,78.00141649172531
2026-08-30 19:17:56.104000+09:00,safe,360.0,-468.0,18096.0,16.0,811.41,837.0,824.0,806.0,844.0,82.0,0.0,0.0,827.75,16.700798384109266,844.0,806.0,38.0,18105.630063601762,11.815773355985009,77.63003521039813
2026-08-30 19:17:57.068000+09:00,safe,356.0,-512.0,18168.0,16.0,18.683,874.0,827.0,823.0,829.0,82.0,0.0,0.0,838.25,23.96351393264352,874.0,823.0,51.0,18178.69918338493,10.970699613060475,77.84965323239358
2026-08-30 19:17:58.105000+09:00,safe,356.0,-464.0,18132.0,17.0,811.206,853.0,823.0,793.0,839.0,82.0,0.0,0.0,827.0,25.768197453450252,853.0,793.0,60.0,18141.429271146197,12.159615536685589,71.66034215281054
2026-08-30 19:27:00.819000+09:00,fall_risk,108.0,-52.0,18104.0,12.0,811.835,811.0,788.0,781.0,788.0,85.0,0.0,0.0,792.0,13.089435944047908,811.0,781.0,30.0,18104.396814033877,0.0,0.0
2026-08-30 19:27:01.818000+09:00,fall_risk,348.0,24.0,18012.0,12.0,812.787,822.0,813.0,783.0,808.0,85.0,0.0,0.0,806.5,16.703293088490067,822.0,783.0,39.0,18015.377431516667,10.253048327204938,62.94620903495841
2026-08-30 19:27:02.818000+09:00,fall_risk,-168.0,-356.0,17772.0,14.0,812.787,829.0,793.0,774.0,787.0,85.0,0.0,0.0,795.75,23.542514733987108,829.0,774.0,55.0,17776.35913228578,7.526342626623731,169.63830074486785
2026-08-30 19:27:03.816000+09:00,fall_risk,176.0,20.0,18152.0,14.0,811.835,809.0,803.0,792.0,829.0,85.0,0.0,0.0,808.25,15.521490478258416,829.0,792.0,37.0,18152.864236808473,7.975222044975714,167.24999374913835
2026-08-30 19:27:04.820000+09:00,fall_risk,148.0,-20.0,18128.0,14.0,812.039,809.0,767.0,763.0,807.0,85.0,0.0,0.0,786.5,24.89310480166479,809.0,763.0,46.0,18128.615170497716,9.35982104529781,153.9078251587793
2026-08-30 19:27:05.814000+09:00,fall_risk,236.0,8.0,18240.0,16.0,812.821,797.0,812.0,777.0,811.0,85.0,0.0,0.0,799.25,16.33758448078132,812.0,777.0,35.0,18241.528444732914,8.780304664417965,179.36291439678018
2026-08-30 19:27:06.769000+09:00,fall_risk,144.0,60.0,18220.0,16.0,60.248,797.0,777.0,775.0,815.0,85.0,0.0,0.0,791.0,18.83259585576738,815.0,775.0,40.0,18220.667825302124,8.303990004810931,188.9891615827971
2026-08-30 19:27:07.813000+09:00,fall_risk,1088.0,-604.0,18276.0,18.0,811.801,816.0,792.0,789.0,819.0,85.0,0.0,0.0,804.0,15.684387141358123,819.0,789.0,30.0,18318.31695325747,8.995484978587866,75.33198019067972
2026-08-30 19:27:08.820000+09:00,fall_risk,-332.0,-236.0,18148.0,18.0,812.974,855.0,797.0,799.0,809.0,85.0,0.0,0.0,815.0,27.17842281418601,855.0,797.0,58.0,18152.57072703478,11.193748255164572,75.39006179157658
2026-08-30 19:27:09.845000+09:00,fall_risk,-136.0,-24.0,18152.0,18.0,811.733,793.0,797.0,783.0,795.0,85.0,0.0,0.0,792.0,6.2182527020592095,797.0,783.0,14.0,18152.525333958358,9.826622003516773,69.26085130032337
2026-08-30 19:27:10.784000+09:00,fall_risk,-64.0,-88.0,18088.0,18.0,152.473,810.0,807.0,797.0,829.0,85.0,0.0,0.0,810.75,13.375973484822204,829.0,797.0,32.0,18088.327285849293,10.828781094841657,87.30192303735198
2026-08-30 19:27:11.764000+09:00,fall_risk,52.0,-460.0,17924.0,18.0,20.621,821.0,795.0,783.0,813.0,85.0,0.0,0.0,803.0,17.204650534085253,821.0,783.0,38.0,17929.97713328157,8.76142111760417,139.83217209031267
2026-08-30 19:27:12.802000+09:00,fall_risk,112.0,28.0,17820.0,18.0,350.557,825.0,823.0,797.0,811.0,85.0,0.0,0.0,814.0,12.909944487358056,825.0,797.0,28.0,17820.37395791682,9.592314632037473,147.7988605535217
2026-08-30 19:27:13.777000+09:00,fall_risk,-40.0,-140.0,17932.0,17.0,56.865,825.0,789.0,751.0,815.0,85.0,0.0,0.0,795.0,33.0252428706689,825.0,751.0,74.0,17932.591112273763,9.566216598007825,133.80668531060326
2026-08-30 19:27:14.775000+09:00,fall_risk,372.0,-72.0,20608.0,17.0,59.551,851.0,805.0,787.0,809.0,85.0,0.0,0.0,813.0,27.0801280154532,851.0,787.0,64.0,20611.48301311674,8.045961720018328,1197.2735709362876
2026-08-30 19:27:15.823000+09:00,fall_risk,-24.0,-100.0,18168.0,17.0,811.784,800.0,775.0,793.0,805.0,82.0,0.0,0.0,793.25,13.124404748406688,805.0,775.0,30.0,18168.291058875075,9.720468095724618,1191.3106010409263
2026-08-30 19:27:16.782000+09:00,fall_risk,-20.0,-212.0,18096.0,17.0,197.132,847.0,807.0,789.0,823.0,82.0,0.0,0.0,816.5,24.623836689950114,847.0,789.0,58.0,18097.252830194975,11.249444430726351,1173.7825010900203
2026-08-30 19:27:17.783000+09:00,fall_risk,28.0,-100.0,18100.0,17.0,196.554,827.0,803.0,789.0,821.0,82.0,0.0,0.0,810.0,17.320508075688775,827.0,789.0,38.0,18100.297898101013,10.698130677833404,1137.8384138518607
2026-08-30 19:27:18.815000+09:00,fall_risk,-84.0,-432.0,17396.0,17.0,811.801,671.0,653.0,639.0,639.0,77.0,0.0,0.0,650.5,15.17673658377628,671.0,639.0,32.0,17401.565906549906,71.08261039100913,1234.299634896918
2026-08-30 19:27:19.817000+09:00,fall_risk,116.0,240.0,18540.0,19.0,811.648,815.0,811.0,781.0,789.0,77.0,0.0,0.0,799.0,16.57307052620807,815.0,781.0,34.0,18541.916190081327,69.55204885551538,412.4620982888252
2026-08-30 19:27:20.776000+09:00,fall_risk,-368.0,-744.0,20264.0,19.0,200.447,637.0,601.0,607.0,613.0,77.0,0.0,0.0,614.5,15.7797338380595,637.0,601.0,36.0,20280.992480645516,97.43677437189719,1084.0894431750712
2026-08-30 19:27:21.783000+09:00,fall_risk,-100.0,16.0,18072.0,19.0,349.826,843.0,776.0,799.0,827.0,77.0,0.0,0.0,811.25,29.713913688147287,843.0,776.0,67.0,18072.283751645777,96.4035139401049,1086.3737980145322
2026-08-30 19:27:22.786000+09:00,fall_risk,-212.0,56.0,18212.0,18.0,349.809,820.0,776.0,773.0,805.0,77.0,0.0,0.0,793.5,22.810816147900834,820.0,773.0,47.0,18213.319960951656,93.52138792810979,1077.6542766896462
2026-08-30 19:27:23.778000+09:00,fall_risk,-96.0,0.0,18152.0,18.0,100.385,824.0,791.0,775.0,831.0,77.0,0.0,0.0,805.25,26.663020584072363,831.0,775.0,56.0,18152.2538545493,84.22763056147312,927.8997985962609
2026-08-30 19:27:24.781000+09:00,fall_risk,-112.0,-64.0,18128.0,18.0,127.84,823.0,793.0,761.0,791.0,77.0,0.0,0.0,792.0,25.32455988429677,823.0,761.0,62.0,18128.458952707482,83.57059141827345,958.1109373585412
2026-08-30 19:27:25.777000+09:00,fall_risk,-224.0,208.0,18168.0,18.0,68.799,819.0,804.0,807.0,807.0,77.0,0.0,0.0,809.25,6.652067347825035,819.0,804.0,15.0,18170.57137241424,8.953002289735144,52.21859147160539
2026-08-30 19:27:26.768000+09:00,fall_risk,-140.0,40.0,18076.0,18.0,55.216,806.0,791.0,785.0,819.0,77.0,0.0,0.0,800.25,15.305227865013967,819.0,785.0,34.0,18076.586403411457,7.406500523189257,50.68463834800773
2026-08-30 19:27:27.771000+09:00,fall_risk,-120.0,92.0,18100.0,18.0,57.987,668.0,629.0,617.0,2017.0,77.0,0.0,0.0,982.75,689.8436417044082,2017.0,617.0,1400.0,18100.631591190402,81.22915117123904,37.96949289542784
2026-08-30 19:27:28.784000+09:00,fall_risk,-76.0,60.0,18192.0,17.0,100.096,847.0,800.0,809.0,2997.0,77.0,0.0,0.0,1363.25,1089.357111633585,2997.0,800.0,2197.0,18192.257693865267,244.46190909832967,47.88385103683847
2026-08-30 19:27:29.770000+09:00,fall_risk,-28.0,0.0,18044.0,17.0,66.929,829.0,790.0,809.0,829.0,77.0,0.0,0.0,814.25,18.714967272212903,829.0,790.0,39.0,18044.021724659942,241.05694348016613,62.77031795354304
2026-08-30 19:27:30.775000+09:00,fall_risk,-192.0,-20.0,18092.0,17.0,85.646,787.0,780.0,776.0,803.0,77.0,0.0,0.0,786.5,11.902380714238083,803.0,776.0,27.0,18093.02981813715,244.65879301590613,55.30304531761726
2026-08-30 19:27:31.773000+09:00,fall_risk,-196.0,-56.0,17960.0,17.0,91.936,839.0,811.0,783.0,811.0,77.0,0.0,0.0,811.0,22.861904265976328,839.0,783.0,56.0,17961.156755621283,243.06245339418427,84.55697927220923
2026-08-30 19:27:32.769000+09:00,fall_risk,-104.0,-24.0,18136.0,17.0,85.918,870.0,798.0,792.0,841.0,77.0,1.0,0.0,825.25,36.96281915655244,870.0,792.0,78.0,18136.31406874065,248.16044457165208,88.34245727274845
2026-08-30 19:27:33.769000+09:00,fall_risk,-28.0,4.0,18120.0,17.0,86.615,685.0,623.0,638.0,635.0,77.0,0.0,0.0,645.25,27.28094573140748,685.0,623.0,62.0,18120.02207504174,74.69676197801344,70.61821378612696
2026-08-30 19:27:34.767000+09:00,fall_risk,-96.0,44.0,18076.0,16.0,56.984,845.0,781.0,795.0,815.0,77.0,0.0,0.0,809.0,27.760883751542686,845.0,781.0,64.0,18076.30847269431,74.06681949429174,69.0026767372463
2026-08-30 19:27:35.774000+09:00,fall_risk,-176.0,-4.0,18136.0,16.0,65.926,820.0,779.0,765.0,803.0,77.0,0.0,0.0,791.75,24.513601666557825,820.0,765.0,55.0,18136.85441304528,74.3003617084062,74.08585186665303
2026-08-30 19:27:36.769000+09:00,fall_risk,-116.0,48.0,18580.0,16.0,11.067,828.0,804.0,781.0,815.0,77.0,0.0,0.0,807.0,19.91649232838621,828.0,781.0,47.0,18580.424107107996,73.85556004797469,208.5445772219768
2026-08-30 19:27:37.774000+09:00,fall_risk,-280.0,0.0,17984.0,15.0,95.353,824.0,816.0,3611.0,812.0,77.0,0.0,0.0,1515.75,1396.842242345212,3611.0,812.0,2799.0,17986.17958322445,343.4197049529919,231.36369452095664
2026-08-30 19:27:38.768000+09:00,fall_risk,-572.0,-880.0,19388.0,15.0,29.58,856.0,803.0,3783.0,859.0,77.0,1.0,0.0,1575.25,1472.0580547881482,3783.0,803.0,2980.0,19416.388129618754,407.510237601462,592.2777002526361
2026-08-30 19:27:39.768000+09:00,fall_risk,-324.0,-64.0,18152.0,15.0,16.116,867.0,806.0,3929.0,3911.0,77.0,0.0,0.0,2378.25,1780.448890027456,3929.0,806.0,3123.0,18155.00415863351,656.0823023828642,581.1637119738045
2026-08-30 19:27:40.765000+09:00,fall_risk,-240.0,-160.0,17968.0,15.0,16.405,867.0,805.0,3943.0,4011.0,77.0,0.0,0.0,2406.5,1813.8462816163153,4011.0,805.0,3206.0,17970.315077927822,670.7170463392146,608.1017314862651
2026-08-30 19:27:41.784000+09:00,fall_risk,-160.0,-28.0,18132.0,15.0,16.439,842.0,829.0,3900.0,2955.0,77.0,0.0,0.0,2131.5,1545.429929393975,3900.0,829.0,3071.0,18132.727538900483,430.2637781059429,611.8296996031108
2026-08-30 19:27:43.266000+09:00,fall_risk,-264.0,-88.0,18108.0,15.0,18.377,838.0,812.0,3862.0,1947.0,77.0,0.0,0.0,1864.75,1432.744539918637,3862.0,812.0,3050.0,18110.138155188106,353.1748416153111,596.6300421619096
2026-08-30 19:27:43.765000+09:00,fall_risk,-280.0,-192.0,18144.0,14.0,16.116,851.0,825.0,3768.0,2933.0,77.0,0.0,0.0,2094.25,1490.1461617349264,3768.0,825.0,2943.0,18147.17608885746,223.3666688429589,76.15100401303509
2026-08-30 19:27:44.771000+09:00,fall_risk,-344.0,-244.0,18032.0,14.0,16.439,828.0,846.0,3772.0,839.0,77.0,1.0,0.0,1571.25,1467.185372291677,3772.0,828.0,2944.0,18036.931446340866,313.2910288374056,74.30568696194744
2026-08-30 19:27:45.775000+09:00,fall_risk,-224.0,-64.0,17980.0,14.0,16.133,807.0,797.0,3759.0,820.0,77.0,1.0,0.0,1545.75,1475.530046006067,3759.0,797.0,2962.0,17981.50916914373,277.9506475977347,70.2532606560923
2026-08-30 19:27:46.785000+09:00,fall_risk,-128.0,60.0,18300.0,14.0,56.916,664.0,635.0,621.0,670.0,77.0,0.0,0.0,647.5,23.35950912726264,670.0,621.0,49.0,18300.546002783634,550.0252380573096,121.8610068097013
2026-08-30 19:27:47.787000+09:00,fall_risk,-932.0,340.0,18688.0,14.0,53.108,845.0,805.0,829.0,843.0,77.0,0.0,0.0,830.5,18.430047929038782,845.0,805.0,40.0,18714.314521242824,592.4158326294124,293.7832880688678
2026-08-30 19:27:48.945000+09:00,fall_risk,8.0,-164.0,18148.0,14.0,31.144,849.0,815.0,806.0,813.0,77.0,0.0,0.0,820.75,19.224550276491083,849.0,806.0,43.0,18148.742766373653,440.0900689063547,293.6655534203904
2026-08-30 19:27:49.766000+09:00,fall_risk,-108.0,-24.0,18072.0,13.0,31.144,819.0,807.0,797.0,799.0,77.0,0.0,0.0,805.5,9.983319421247959,819.0,797.0,22.0,18072.3386422455,352.23939835004273,288.0255624654386
2026-08-30 19:27:50.768000+09:00,fall_risk,-28.0,52.0,18196.0,13.0,66.113,825.0,821.0,805.0,827.0,77.0,1.0,0.0,819.5,9.983319421247959,827.0,805.0,22.0,18196.095844988286,77.24109981091756,253.09956828565228
2026-08-30 19:27:51.818000+09:00,fall_risk,-20.0,104.0,17884.0,13.0,811.75,851.0,813.0,826.0,823.0,77.0,0.0,0.0,828.25,16.152915113584505,851.0,813.0,38.0,17884.313573632062,9.814848445091734,309.4621759743687
2026-08-30 19:27:52.768000+09:00,fall_risk,-44.0,-112.0,18308.0,13.0,104.635,691.0,645.0,619.0,651.0,77.0,0.0,0.0,651.5,29.77135088190211,691.0,619.0,72.0,18308.395451267705,75.13541941055583,158.04249365138722
2026-08-30 19:27:53.767000+09:00,fall_risk,-48.0,28.0,18040.0,13.0,104.805,828.0,799.0,807.0,811.0,77.0,0.0,0.0,811.25,12.230426539304888,828.0,799.0,29.0,18040.085587380123,74.12181696369922,160.88683559239178
2026-08-30 19:27:54.788000+09:00,fall_risk,-132.0,8.0,18160.0,13.0,351.526,855.0,819.0,809.0,838.0,77.0,0.0,0.0,830.25,20.41853732926692,855.0,809.0,46.0,18160.481491414263,76.76274324175841,161.89038625986095
2026-08-30 19:27:55.776000+09:00,fall_risk,-4.0,-24.0,18060.0,13.0,119.0,803.0,788.0,750.0,808.0,77.0,0.0,0.0,787.25,26.247222075234298,808.0,750.0,58.0,18060.016389804303,74.79981617624559,156.81152470663432
2026-08-30 19:27:56.770000+09:00,fall_risk,-116.0,0.0,18164.0,13.0,109.531,839.0,804.0,793.0,853.0,77.0,1.0,0.0,822.25,28.37105332317901,853.0,793.0,60.0,18164.370399218355,73.90915031307104,106.6867707223961
2026-08-30 19:27:57.772000+09:00,fall_risk,0.0,4.0,18140.0,13.0,119.272,815.0,812.0,813.0,843.0,77.0,0.0,0.0,820.75,14.885675440951054,843.0,812.0,31.0,18140.000441014326,16.584631439984193,58.62211156482048
2026-08-30 19:27:58.787000+09:00,fall_risk,-208.0,60.0,18072.0,13.0,359.686,827.0,805.0,766.0,812.0,77.0,0.0,0.0,802.5,26.00640946638604,827.0,766.0,61.0,18073.296544902925,17.433444868989973,49.462293909817774
2026-08-30 19:27:59.810000+09:00,fall_risk,-40.0,80.0,18016.0,13.0,811.988,831.0,823.0,824.0,821.0,77.0,0.0,0.0,824.75,4.349329450233296,831.0,821.0,10.0,18016.22202349871,16.169029037023616,60.51686012675094
2026-08-30 19:28:00.768000+09:00,fall_risk,24.0,144.0,18284.0,13.0,100.351,855.0,788.0,809.0,840.0,77.0,0.0,0.0,823.0,30.18829795356693,855.0,788.0,67.0,18284.582795349746,9.142278162477297,101.45904377848439
2026-08-30 19:28:01.792000+09:00,fall_risk,-56.0,76.0,18104.0,13.0,358.377,844.0,805.0,825.0,843.0,77.0,1.0,0.0,829.25,18.373440976946405,844.0,805.0,39.0,18104.246131778036,10.294719520225339,100.77133806231497
2026-08-30 19:28:02.783000+09:00,fall_risk,-116.0,112.0,18036.0,13.0,358.836,845.0,814.0,807.0,827.0,77.0,0.0,0.0,823.25,16.700798384109266,845.0,807.0,38.0,18036.720766259037,10.397415544264277,106.98073746608357
2026-08-30 19:28:03.765000+09:00,fall_risk,-80.0,36.0,18156.0,13.0,36.584,2151.0,827.0,791.0,841.0,77.0,0.0,0.0,1152.5,665.9997497497028,2151.0,791.0,1360.0,18156.211939719145,146.45598741601546,107.64695945352541
2026-08-30 19:28:04.784000+09:00,fall_risk,-116.0,48.0,18144.0,13.0,359.329,2295.0,840.0,829.0,825.0,77.0,0.0,0.0,1197.25,731.8608132698457,2295.0,825.0,1470.0,18144.43429815325,192.21174847027442,90.82176026806121
2026-08-30 19:28:05.769000+09:00,fall_risk,-96.0,-12.0,18124.0,13.0,99.161,2319.0,805.0,843.0,841.0,77.0,0.0,0.0,1202.0,744.8713535459216,2319.0,805.0,1514.0,18124.258219303763,196.86310281512888,47.109272424703946
2026-08-30 19:28:06.764000+09:00,fall_risk,-68.0,16.0,18056.0,13.0,36.142,2044.0,809.0,792.0,841.0,77.0,0.0,0.0,1121.5,615.3354098917652,2044.0,792.0,1252.0,18056.135134629447,157.8513343307556,53.82367507948891
2026-08-30 19:28:07.805000+09:00,fall_risk,-84.0,28.0,18104.0,13.0,360.553,1979.0,805.0,795.0,811.0,77.0,0.0,0.0,1097.5,587.7037235433061,1979.0,795.0,1184.0,18104.21652543959,45.89444410819202,39.40442430222591
2026-08-30 19:28:08.792000+09:00,fall_risk,-148.0,-176.0,18052.0,13.0,360.162,934.0,823.0,795.0,831.0,77.0,1.0,0.0,845.75,60.82420022765062,934.0,795.0,139.0,18053.464598242634,145.52828333351547,40.64827360606872
2026-08-30 19:28:09.808000+09:00,fall_risk,-48.0,16.0,18124.0,13.0,811.716,2037.0,811.0,796.0,827.0,77.0,0.0,0.0,1117.75,612.9640419034927,2037.0,796.0,1241.0,18124.07062444858,135.24290646832446,35.31538837058718
2026-08-30 19:28:10.782000+09:00,fall_risk,-128.0,104.0,18068.0,13.0,361.454,1871.0,633.0,630.0,663.0,77.0,0.0,0.0,949.25,614.680608120998,1871.0,630.0,1241.0,18068.752696298656,123.52183511428235,31.304969364968223
2026-08-30 19:28:11.788000+09:00,fall_risk,180.0,-196.0,18340.0,13.0,359.295,827.0,819.0,799.0,803.0,77.0,0.0,0.0,812.0,13.21615173439934,827.0,799.0,28.0,18341.93054179412,140.3254476208786,117.11453146564136
2026-08-30 19:28:12.768000+09:00,fall_risk,-36.0,52.0,18132.0,13.0,35.088,1581.0,795.0,780.0,819.0,77.0,0.0,0.0,993.75,391.8293633713533,1581.0,780.0,801.0,18132.110301892608,122.23778057540125,115.73011532718242
2026-08-30 19:28:13.806000+09:00,fall_risk,-28.0,56.0,18292.0,13.0,811.886,2451.0,2943.0,803.0,851.0,77.0,0.0,0.0,1762.0,1098.3448153168172,2943.0,803.0,2140.0,18292.107150353128,371.4452096204769,118.2068855309277
2026-08-30 19:28:14.780000+09:00,fall_risk,-88.0,96.0,18236.0,13.0,359.312,2661.0,2837.0,823.0,839.0,77.0,1.0,0.0,1790.0,1109.7056666822364,2837.0,823.0,2014.0,18236.465008328778,474.61901168200166,112.66538501385394
2026-08-30 19:28:15.790000+09:00,fall_risk,-12.0,32.0,18108.0,13.0,358.921,2703.0,2495.0,803.0,856.0,77.0,1.0,0.0,1714.25,1025.3725745633471,2703.0,803.0,1900.0,18108.03225091009,472.13433602101014,100.7178065682798
2026-08-30 19:28:16.798000+09:00,fall_risk,-116.0,36.0,18080.0,13.0,360.604,2711.0,2171.0,665.0,672.0,77.0,0.0,0.0,1554.75,1046.833439473539,2711.0,665.0,2046.0,18080.40795999913,330.95323498947727,90.31883017938081
2026-08-30 19:28:17.780000+09:00,fall_risk,-20.0,132.0,18160.0,13.0,358.479,2776.0,808.0,803.0,827.0,77.0,0.0,0.0,1303.5,981.7211077150849,2776.0,803.0,1973.0,18160.490742267953,201.40557651167504,88.22362326569659
2026-08-30 19:28:18.765000+09:00,fall_risk,-84.0,28.0,18104.0,13.0,95.608,2842.0,843.0,798.0,823.0,77.0,0.0,0.0,1326.5,1010.5010308422914,2842.0,798.0,2044.0,18104.21652543959,220.5509719996721,62.36464048245307
2026-08-30 19:28:19.777000+09:00,fall_risk,-40.0,72.0,18104.0,13.0,360.621,2893.0,1173.0,813.0,831.0,77.0,0.0,0.0,1427.5,990.9394532462617,2893.0,813.0,2080.0,18104.187360939457,170.9173228493826,29.51843195038537
2026-08-30 19:28:20.762000+09:00,fall_risk,-196.0,120.0,17928.0,13.0,36.125,2779.0,2228.0,812.0,819.0,77.0,0.0,0.0,1659.5,1000.1948143570164,2779.0,812.0,1967.0,17929.47294261602,151.64840091474778,86.91762471707743
2026-08-30 19:28:21.763000+09:00,fall_risk,-60.0,88.0,18108.0,14.0,39.151,2857.0,1053.0,797.0,827.0,77.0,0.0,0.0,1383.5,988.9568578389386,2857.0,797.0,2060.0,18108.313229011696,142.3579994239876,88.1778535797398
2026-08-30 19:28:22.795000+09:00,fall_risk,-12.0,44.0,18148.0,14.0,359.839,847.0,829.0,797.0,829.0,77.0,0.0,0.0,825.5,20.808652046684813,847.0,797.0,50.0,18148.057306499777,306.3168294429804,85.52292219095011
2026-08-30 19:28:23.777000+09:00,fall_risk,-56.0,-32.0,18236.0,14.0,359.822,875.0,789.0,814.0,828.0,77.0,1.0,0.0,826.5,36.13400983376557,875.0,789.0,86.0,18236.1140597442,378.58948743989157,111.65342794734272
2026-08-30 19:28:25.265000+09:00,fall_risk,-132.0,236.0,17956.0,14.0,37.519,829.0,807.0,725.0,819.0,77.0,0.0,0.0,795.0,47.525431788324305,829.0,725.0,104.0,17958.035972789454,398.92668499362094,129.6713177324283
2026-08-30 19:28:25.763000+09:00,fall_risk,-104.0,4.0,18100.0,14.0,50.847,820.0,808.0,815.0,826.0,77.0,0.0,0.0,817.25,7.632168761236874,826.0,808.0,18.0,18100.299224045993,254.08231933764986,100.67645708889746
2026-08-30 19:28:26.760000+09:00,fall_risk,8.0,832.0,19176.0,14.0,79.577,842.0,815.0,792.0,847.0,77.0,0.0,0.0,824.0,25.547341675146292,847.0,792.0,55.0,19194.04240903932,13.166719409152005,494.8662688284092
2026-08-30 19:28:27.761000+09:00,fall_risk,-100.0,68.0,18088.0,16.0,62.951,859.0,821.0,815.0,859.0,77.0,0.0,0.0,838.5,23.79775899813538,859.0,815.0,44.0,18088.404241391778,16.06821396420099,500.94989951686557
2026-08-30 19:28:28.781000+09:00,fall_risk,-116.0,336.0,17916.0,16.0,59.551,865.0,838.0,815.0,827.0,77.0,1.0,0.0,836.25,21.344398172198094,865.0,815.0,50.0,17919.52588658528,17.54048887572254,532.4881370821665
2026-08-30 19:28:29.759000+09:00,fall_risk,-68.0,328.0,18228.0,16.0,62.951,868.0,813.0,838.0,844.0,80.0,0.0,0.0,840.75,22.588713996153036,868.0,813.0,55.0,18231.077642311768,10.202021858404267,508.2453639644315
2026-08-30 19:28:30.829000+09:00,fall_risk,-200.0,184.0,17936.0,16.0,60.86,703.0,651.0,652.0,709.0,80.0,0.0,0.0,678.75,31.56342820417326,709.0,651.0,58.0,17938.058757847797,70.12101147301941,529.4512060013894
2026-08-30 19:28:33.279000+09:00,fall_risk,-128.0,300.0,18148.0,16.0,61.251,864.0,829.0,818.0,854.0,80.0,0.0,0.0,841.25,21.37560915311343,864.0,818.0,46.0,18150.930775031895,71.7773467049272,134.89684925549207
2026-08-30 19:28:33.298000+09:00,fall_risk,-136.0,176.0,18044.0,16.0,120.224,844.0,815.0,815.0,831.0,83.0,0.0,0.0,826.25,14.032699906527847,844.0,815.0,29.0,18045.370819132535,70.63763161374622,134.45018090498047
2026-08-30 19:28:34.005000+09:00,fall_risk,-196.0,224.0,18068.0,17.0,62.951,877.0,827.0,823.0,826.0,83.0,0.0,0.0,838.25,25.889186931999237,877.0,823.0,54.0,18070.45146087944,70.86660003132167,110.72001766251515
2026-08-30 19:28:34.784000+09:00,fall_risk,-112.0,240.0,18156.0,17.0,61.693,838.0,803.0,804.0,836.0,83.0,1.0,0.0,820.25,19.36276495407272,838.0,803.0,35.0,18157.93160026769,68.84911037914226,89.81170511813991
2026-08-30 19:28:35.757000+09:00,fall_risk,-76.0,240.0,18176.0,17.0,61.676,842.0,825.0,810.0,863.0,86.0,0.0,0.0,835.0,22.78888618018295,863.0,810.0,53.0,18177.743314284093,8.725680489185706,58.6370250910429
2026-08-30 19:28:36.764000+09:00,fall_risk,-132.0,260.0,18172.0,17.0,61.302,715.0,677.0,648.0,697.0,86.0,0.0,0.0,684.25,28.721362548922826,715.0,648.0,67.0,18174.339272721856,65.5401594444148,62.483839832566964
2026-08-30 19:28:37.757000+09:00,fall_risk,-120.0,204.0,18260.0,17.0,61.693,873.0,824.0,827.0,861.0,86.0,0.0,0.0,846.25,24.48639077800837,873.0,824.0,49.0,18261.53378005254,68.04419519694035,68.00731059578054
2026-08-30 19:28:38.779000+09:00,fall_risk,-88.0,164.0,18032.0,17.0,61.336,862.0,851.0,807.0,820.0,89.0,0.0,0.0,835.0,25.78113005022601,862.0,807.0,55.0,18032.960489060024,67.65921038557367,82.11089881564035
2026-08-30 19:28:39.766000+09:00,fall_risk,-136.0,276.0,18120.0,15.0,60.911,851.0,843.0,804.0,861.0,89.0,0.0,0.0,839.75,24.944939366532843,861.0,804.0,57.0,18122.612173745816,69.35988574096216,83.92939316989548
2026-08-30 19:28:40.757000+09:00,fall_risk,-120.0,124.0,17972.0,15.0,61.268,853.0,843.0,803.0,832.0,89.0,1.0,0.0,832.75,21.608254595562936,853.0,803.0,50.0,17972.828380641706,69.14830077448994,113.98627645098142
2026-08-30 19:28:41.756000+09:00,fall_risk,-52.0,168.0,18000.0,15.0,61.676,869.0,819.0,825.0,821.0,89.0,0.0,0.0,833.5,23.79775899813538,869.0,819.0,50.0,18000.85909061009,5.621943614032933,116.95631168564626
2026-08-30 19:28:42.766000+09:00,fall_risk,-80.0,128.0,17996.0,14.0,61.676,859.0,807.0,823.0,859.0,89.0,0.0,0.0,837.0,26.229754097208,859.0,807.0,52.0,17996.633018428754,2.8317397478163864,58.52498039575625
2026-08-30 19:28:43.756000+09:00,fall_risk,-100.0,156.0,18040.0,14.0,62.101,857.0,827.0,809.0,841.0,89.0,0.0,0.0,833.5,20.42057785666214,857.0,809.0,48.0,18040.951637870992,2.9864276316969125,58.89854002509598
2026-08-30 19:28:44.758000+09:00,fall_risk,-148.0,156.0,18180.0,14.0,63.376,861.0,845.0,815.0,855.0,89.0,0.0,0.0,844.0,20.428737928059416,861.0,815.0,46.0,18181.271682695904,4.689083065948412,83.4748574705829
2026-08-30 19:28:45.774000+09:00,fall_risk,-156.0,168.0,18052.0,13.0,242.522,822.0,808.0,785.0,855.0,89.0,0.0,0.0,817.5,29.28594657283023,855.0,785.0,70.0,18053.45573567565,9.71725269813233,74.96924829837029
2026-08-30 19:28:46.768000+09:00,fall_risk,-160.0,292.0,18072.0,13.0,211.565,863.0,807.0,797.0,856.0,89.0,1.0,0.0,830.75,33.56957948301805,863.0,797.0,66.0,18075.067026155117,9.766652445918167,68.74940419892972
2026-08-30 19:28:47.778000+09:00,fall_risk,-92.0,196.0,18204.0,13.0,349.945,871.0,813.0,809.0,852.0,89.0,0.0,0.0,836.25,30.21451086260816,871.0,809.0,62.0,18205.287583556597,9.686653188762321,76.38281565856656
2026-08-30 19:28:48.767000+09:00,fall_risk,-96.0,216.0,18032.0,12.0,62.968,865.0,806.0,824.0,841.0,89.0,0.0,0.0,834.0,25.126347393390336,865.0,806.0,59.0,18033.549179238125,9.703414347504664,78.13657290359984
2026-08-30 19:28:49.767000+09:00,fall_risk,-48.0,232.0,18120.0,12.0,60.486,813.0,820.0,792.0,813.0,89.0,0.0,0.0,809.5,12.12435565298214,820.0,792.0,28.0,18121.54871968729,11.568545716698788,68.4268778855924
2026-08-30 19:28:50.799000+09:00,fall_risk,-120.0,192.0,18144.0,12.0,354.467,829.0,843.0,821.0,821.0,89.0,0.0,0.0,828.5,10.376254944182254,843.0,821.0,22.0,18145.412643420375,10.65275785885293,65.84387016837053
2026-08-30 19:28:51.764000+09:00,fall_risk,-76.0,244.0,18088.0,12.0,155.295,857.0,814.0,807.0,819.0,89.0,0.0,0.0,824.25,22.381167678802342,857.0,807.0,50.0,18089.805305751634,10.599233462819427,63.843110230698315
2026-08-30 19:28:52.806000+09:00,fall_risk,28.0,1052.0,20020.0,12.0,812.719,700.0,681.0,671.0,699.0,89.0,1.0,0.0,687.75,14.174507634012077,700.0,671.0,29.0,20047.640459665072,61.63486229399164,873.1000413524208
2026-08-30 19:28:53.799000+09:00,fall_risk,-40.0,196.0,18076.0,12.0,812.464,845.0,823.0,798.0,815.0,89.0,1.0,0.0,820.25,19.517086531208154,845.0,798.0,47.0,18077.10684816572,59.840778320467294,867.6373833369314
2026-08-30 19:28:54.803000+09:00,fall_risk,-104.0,152.0,18244.0,11.0,811.529,858.0,820.0,799.0,836.0,89.0,0.0,0.0,828.25,24.958298553119896,858.0,799.0,59.0,18244.92959701407,61.612295850741624,855.9909192415274
2026-08-30 19:28:55.765000+09:00,fall_risk,-52.0,268.0,18104.0,11.0,158.151,869.0,820.0,836.0,861.0,89.0,0.0,0.0,846.5,22.575798250929395,869.0,820.0,49.0,18106.058212653577,64.32087530498414,860.4767908449468
2026-08-30 19:28:56.798000+09:00,fall_risk,-56.0,200.0,18004.0,11.0,811.597,853.0,842.0,829.0,841.0,89.0,0.0,0.0,841.25,9.810708435174291,853.0,829.0,24.0,18005.197916157435,66.25103772771656,871.6417046142805
2026-08-30 19:28:57.834000+09:00,fall_risk,-40.0,-12.0,17908.0,11.0,811.784,799.0,811.0,781.0,805.0,89.0,0.0,0.0,799.0,12.96148139681572,811.0,781.0,30.0,17908.04869325522,18.804421022710386,124.86353250471264
2026-08-30 19:28:58.798000+09:00,fall_risk,12.0,132.0,18092.0,11.0,811.614,845.0,811.0,786.0,841.0,89.0,0.0,0.0,820.75,27.69326031125022,845.0,786.0,59.0,18092.485511946667,18.760497061627987,125.32424066282441
2026-08-30 19:28:59.809000+09:00,fall_risk,-100.0,96.0,18036.0,11.0,811.444,856.0,831.0,814.0,837.0,89.0,0.0,0.0,834.5,17.33012790874128,856.0,814.0,42.0,18036.53270448619,19.057970773389126,79.40193524548661
2026-08-30 19:29:00.759000+09:00,fall_risk,-36.0,-44.0,18052.0,11.0,164.985,844.0,854.0,819.0,867.0,89.0,1.0,0.0,846.0,20.314198646923455,867.0,819.0,48.0,18052.089518944893,18.940201952443733,69.4676886568646
2026-08-30 19:29:01.809000+09:00,fall_risk,-32.0,-56.0,18088.0,11.0,811.257,883.0,851.0,847.0,842.0,89.0,1.0,0.0,855.75,18.536001007049318,883.0,842.0,41.0,18088.11499300024,22.241149925292923,75.0596259965261
2026-08-30 19:29:02.800000+09:00,fall_risk,0.0,172.0,18172.0,11.0,811.818,856.0,831.0,813.0,845.0,89.0,0.0,0.0,836.25,18.57193222760267,856.0,813.0,43.0,18172.813981329364,13.132259896886266,52.79952648834915
2026-08-30 19:29:03.801000+09:00,fall_risk,-28.0,280.0,18216.0,11.0,811.835,839.0,845.0,821.0,825.0,89.0,0.0,0.0,832.5,11.357816691600547,845.0,821.0,24.0,18218.173344218678,9.741983884167059,78.76270949780708
2026-08-30 19:29:04.761000+09:00,fall_risk,20.0,92.0,18052.0,11.0,151.589,859.0,823.0,815.0,855.0,89.0,0.0,0.0,838.0,22.241103090149704,859.0,815.0,44.0,18052.245511293047,9.27260750810535,75.15253772218429
2026-08-30 19:29:05.799000+09:00,fall_risk,56.0,160.0,18204.0,11.0,811.529,860.0,819.0,828.0,856.0,89.0,0.0,0.0,840.75,20.320351046836436,860.0,819.0,41.0,18204.78925997222,8.955794213768554,73.34371771375848
2026-08-30 19:29:06.763000+09:00,fall_risk,-68.0,72.0,17996.0,11.0,109.395,828.0,807.0,805.0,831.0,89.0,0.0,0.0,817.75,13.647344063956181,831.0,805.0,26.0,17996.272502937936,9.061249913745893,98.8980569846125
2026-08-30 19:29:07.801000+09:00,fall_risk,-20.0,228.0,18148.0,11.0,811.631,862.0,843.0,819.0,826.0,89.0,1.0,0.0,837.5,19.192012227313043,862.0,819.0,43.0,18149.44318705122,9.187967675136884,96.83197887001347
2026-08-30 19:29:08.753000+09:00,fall_risk,-196.0,512.0,17808.0,11.0,53.771,885.0,845.0,827.0,877.0,86.0,0.0,0.0,858.5,27.19681353884434,885.0,827.0,58.0,17816.43690528496,14.464395943120733,150.91569190435456
2026-08-30 19:29:10.263000+09:00,fall_risk,28.0,44.0,18024.0,11.0,811.818,873.0,825.0,807.0,858.0,86.0,0.0,0.0,840.75,30.137186331839274,873.0,807.0,66.0,18024.07545479102,14.492886185966142,151.0490947575619
2026-08-30 19:29:10.809000+09:00,fall_risk,24.0,84.0,18116.0,11.0,812.668,875.0,838.0,811.0,827.0,86.0,0.0,0.0,837.75,27.195281453467867,875.0,811.0,64.0,18116.210641301343,14.466988283653492,130.41124731883934
2026-08-30 19:29:11.810000+09:00,fall_risk,-12.0,-16.0,17968.0,11.0,812.396,766.0,749.0,718.0,732.0,83.0,0.0,0.0,741.25,20.80664957811965,766.0,718.0,48.0,17968.011130895928,46.59955740132459,132.32162462970172
2026-08-30 19:29:12.809000+09:00,fall_risk,-56.0,140.0,17956.0,11.0,811.393,820.0,819.0,837.0,813.0,83.0,0.0,0.0,822.25,10.307764064044152,837.0,813.0,24.0,17956.633091980246,45.9196308783002,109.39513217908177
2026-08-30 19:29:13.751000+09:00,fall_risk,-232.0,-16.0,18404.0,11.0,37.502,872.0,840.0,805.0,851.0,77.0,1.0,0.0,842.0,28.011902232205983,872.0,805.0,67.0,18405.469187173687,42.968156814079606,185.1611729037226
2026-08-30 19:29:14.769000+09:00,fall_risk,-92.0,144.0,18116.0,11.0,350.268,863.0,845.0,840.0,861.0,77.0,0.0,0.0,852.25,11.470977871713176,863.0,840.0,23.0,18116.80589949564,44.83776310209218,180.9935780666916
2026-08-30 19:29:15.776000+09:00,fall_risk,-252.0,168.0,18400.0,11.0,349.86,857.0,821.0,809.0,4075.0,77.0,0.0,0.0,1640.5,1623.128152673103,4075.0,809.0,3266.0,18402.492439884332,371.9913725478046,222.85250532143846
2026-08-30 19:29:16.759000+09:00,fall_risk,-160.0,60.0,18464.0,11.0,39.61,876.0,841.0,813.0,3895.0,72.0,0.0,0.0,1606.25,1526.0509766496443,3895.0,813.0,3082.0,18464.790710972058,430.0169546076059,221.08477935963532
2026-08-30 19:29:17.778000+09:00,fall_risk,-148.0,60.0,18100.0,11.0,350.727,860.0,851.0,2213.0,4051.0,72.0,0.0,0.0,1993.75,1513.4524273990246,4051.0,851.0,3200.0,18100.70451667559,515.6212090769736,174.67414908990963
2026-08-30 19:29:18.771000+09:00,fall_risk,-100.0,96.0,18100.0,11.0,350.302,891.0,829.0,855.0,3955.0,72.0,0.0,0.0,1632.5,1548.5420024440195,3955.0,829.0,3126.0,18100.530820945554,418.86966200716955,180.91659129345942
2026-08-30 19:29:19.780000+09:00,fall_risk,-244.0,100.0,18160.0,11.0,349.877,750.0,749.0,2741.0,3775.0,72.0,1.0,0.0,2003.75,1508.5479497406327,3775.0,749.0,3026.0,18161.91443653449,204.35910488647394,174.42882715905932
2026-08-30 19:29:20.769000+09:00,fall_risk,-252.0,124.0,18092.0,11.0,349.452,889.0,857.0,2934.0,4041.0,72.0,0.0,0.0,2180.25,1575.7375786172856,4041.0,857.0,3184.0,18094.179837726828,252.2617935796086,159.14081757442227
2026-08-30 19:29:21.773000+09:00,fall_risk,-284.0,64.0,18164.0,11.0,349.945,853.0,810.0,2643.0,3638.0,72.0,0.0,0.0,1986.0,1393.726180663428,3638.0,810.0,2828.0,18166.33281650427,199.682638829722,36.08882500643489
2026-08-30 19:29:22.776000+09:00,fall_risk,-208.0,120.0,18088.0,11.0,349.911,885.0,839.0,2703.0,3499.0,72.0,0.0,0.0,1981.5,1333.0400094020686,3499.0,839.0,2660.0,18089.593914734516,199.22815124876604,38.217469630513854
2026-08-30 19:29:23.770000+09:00,fall_risk,-292.0,12.0,18124.0,11.0,349.86,860.0,871.0,2837.0,3793.0,72.0,0.0,0.0,2090.25,1467.0922204596866,3793.0,860.0,2933.0,18126.356059616617,85.87610989094325,36.195995443770414
2026-08-30 19:29:24.770000+09:00,fall_risk,-208.0,96.0,18124.0,11.0,349.86,868.0,879.0,2877.0,3725.0,72.0,0.0,0.0,2087.25,1443.6491667530124,3725.0,868.0,2857.0,18125.447746193746,83.10900221998452,30.85161345978739
2026-08-30 19:29:25.776000+09:00,fall_risk,-256.0,52.0,18056.0,11.0,350.727,780.0,733.0,2841.0,4095.0,72.0,1.0,0.0,2112.25,1647.1788761394434,4095.0,733.0,3362.0,18057.88957768875,62.57080988768936,41.11765617222278
2026-08-30 19:29:26.766000+09:00,fall_risk,-176.0,80.0,18244.0,13.0,237.354,874.0,840.0,2699.0,871.0,72.0,0.0,0.0,1321.0,918.7952256442491,2699.0,840.0,1859.0,18245.024308013406,337.81982068848646,70.87080837320565
2026-08-30 19:29:27.764000+09:00,fall_risk,-196.0,96.0,18124.0,13.0,241.213,884.0,830.0,2783.0,3723.0,72.0,0.0,0.0,2055.0,1435.7430132165018,3723.0,830.0,2893.0,18125.314011073024,342.8115644928,67.64998820452175
2026-08-30 19:29:28.788000+09:00,fall_risk,-320.0,212.0,18208.0,13.0,241.638,848.0,861.0,2843.0,3887.0,73.0,0.0,0.0,2109.75,1510.8124469966483,3887.0,848.0,3039.0,18212.04568410699,345.1485821352902,75.04397897124315
2026-08-30 19:29:29.763000+09:00,fall_risk,-216.0,176.0,18008.0,15.0,240.788,875.0,847.0,2783.0,3989.0,73.0,0.0,0.0,2123.5,1538.74786758585,3989.0,847.0,3142.0,18010.1553574643,349.4463209850709,99.43170867430155
2026-08-30 19:29:30.777000+09:00,fall_risk,-192.0,100.0,18052.0,15.0,239.445,874.0,859.0,2524.0,3699.0,73.0,0.0,0.0,1989.0,1382.081763138491,3699.0,859.0,2840.0,18053.297981255393,338.8228519447901,100.28274613101176
2026-08-30 19:29:31.773000+09:00,fall_risk,-96.0,48.0,18056.0,15.0,240.737,876.0,839.0,2637.0,1567.0,76.0,1.0,0.0,1479.75,841.0142190633085,2637.0,839.0,1798.0,18056.31900471411,268.9300908228777,79.03902478726872
2026-08-30 19:29:32.787000+09:00,fall_risk,-80.0,88.0,18224.0,16.0,349.843,870.0,851.0,825.0,876.0,76.0,0.0,0.0,855.5,22.956480566497994,876.0,825.0,51.0,18224.388055569932,545.8473630512478,99.44340932925223
2026-08-30 19:29:33.766000+09:00,fall_risk,-248.0,96.0,18140.0,16.0,239.479,887.0,854.0,829.0,875.0,76.0,0.0,0.0,861.25,25.46075411294803,887.0,829.0,58.0,18141.949178630173,600.9095033780048,85.66606808689603
2026-08-30 19:29:34.769000+09:00,fall_risk,-124.0,168.0,18256.0,16.0,240.771,856.0,837.0,821.0,825.0,79.0,0.0,0.0,834.75,15.713582235335986,856.0,821.0,35.0,18257.19408890643,516.6087554910388,93.75444608432959
2026-08-30 19:29:35.768000+09:00,fall_risk,-156.0,240.0,18148.0,18.0,349.877,853.0,824.0,1959.0,855.0,79.0,0.0,0.0,1122.75,557.679941065363,1959.0,824.0,1135.0,18150.25729845172,277.4544106695721,78.39279296517843
2026-08-30 19:29:36.764000+09:00,fall_risk,-88.0,180.0,18112.0,18.0,240.397,875.0,827.0,811.0,2504.0,79.0,0.0,0.0,1254.25,833.6103706168727,2504.0,811.0,1693.0,18113.10818164569,191.1331669281904,60.625689173736454
2026-08-30 19:29:37.760000+09:00,fall_risk,-256.0,100.0,18148.0,18.0,242.063,871.0,853.0,859.0,2632.0,80.0,0.0,0.0,1303.75,885.5316199888065,2632.0,853.0,1779.0,18150.08099155483,218.02849584400582,55.07488618796321
2026-08-30 19:29:38.762000+09:00,fall_risk,-224.0,52.0,18140.0,19.0,40.324,857.0,873.0,861.0,2924.0,80.0,1.0,0.0,1378.75,1030.1891007641914,2924.0,857.0,2067.0,18141.457493817856,213.7739460271056,55.12121293224382
2026-08-30 19:29:40.255000+09:00,fall_risk,-268.0,-24.0,18152.0,19.0,240.805,841.0,856.0,850.0,2591.0,80.0,0.0,0.0,1284.5,871.021813733732,2591.0,841.0,1750.0,18153.994161065493,93.67403589042179,16.674336250971816
2026-08-30 19:29:40.767000+09:00,fall_risk,-132.0,80.0,18108.0,19.0,241.213,883.0,857.0,971.0,1679.0,80.0,0.0,0.0,1097.5,390.72368753378646,1679.0,857.0,822.0,18108.657818844553,103.66397035614652,21.161366557497015
2026-08-30 19:29:41.759000+09:00,fall_risk,-232.0,172.0,18060.0,20.0,239.496,887.0,845.0,1244.0,869.0,80.0,0.0,0.0,961.25,189.28351750746813,1244.0,845.0,399.0,18062.30904397331,171.19511894326868,38.48161184225151
2026-08-30 19:29:42.771000+09:00,fall_risk,-304.0,16.0,18020.0,20.0,240.38,891.0,825.0,845.0,879.0,80.0,0.0,0.0,860.0,30.397368307141328,891.0,825.0,66.0,18022.571181715444,216.36475279028176,55.00144492041933
2026-08-30 19:29:43.788000+09:00,fall_risk,16.0,172.0,18060.0,20.0,241.689,847.0,841.0,821.0,863.0,82.0,0.0,0.0,843.0,17.358955421722047,863.0,821.0,42.0,18060.82611621074,184.23439554002815,50.648571199713594
2026-08-30 19:29:44.770000+09:00,fall_risk,-96.0,144.0,18076.0,21.0,350.778,755.0,712.0,712.0,755.0,82.0,1.0,0.0,733.5,24.826061575153908,755.0,712.0,43.0,18076.82848289489,137.22659181076875,31.076983275686256
2026-08-30 19:29:45.785000+09:00,fall_risk,-280.0,132.0,18168.0,21.0,239.972,875.0,827.0,868.0,867.0,82.0,0.0,0.0,859.25,21.792582836062977,875.0,827.0,48.0,18170.636972874672,80.89124643618283,55.2142903094137
2026-08-30 19:29:46.757000+09:00,fall_risk,-272.0,156.0,17992.0,21.0,60.044,876.0,830.0,839.0,879.0,85.0,0.0,0.0,856.0,25.126347393390336,879.0,830.0,49.0,17994.732118039436,54.57151271496166,67.18298414291246
2026-08-30 19:29:47.761000+09:00,fall_risk,-84.0,252.0,18248.0,22.0,240.448,859.0,843.0,869.0,878.0,85.0,0.0,0.0,862.25,14.997221964972935,878.0,843.0,35.0,18249.933260151938,54.88550582803463,100.07686554711618
2026-08-30 19:29:48.756000+09:00,fall_risk,-268.0,96.0,18016.0,22.0,56.712,874.0,871.0,839.0,861.0,85.0,0.0,0.0,861.25,15.840349322747484,874.0,839.0,35.0,18018.248971528836,56.48323866421994,106.94565582317762
2026-08-30 19:29:49.747000+09:00,fall_risk,-212.0,204.0,18184.0,22.0,56.712,883.0,840.0,843.0,878.0,88.0,0.0,0.0,861.0,22.642143596988927,883.0,840.0,43.0,18186.379958639376,2.458403953640854,111.60075814716258
2026-08-30 19:29:50.750000+09:00,fall_risk,-384.0,-228.0,17720.0,22.0,56.695,872.0,871.0,850.0,873.0,88.0,1.0,0.0,866.5,11.030261405182864,873.0,850.0,23.0,17725.62664618659,3.744162122462059,204.16057912202825
2026-08-30 19:29:51.752000+09:00,fall_risk,-44.0,168.0,18096.0,22.0,57.562,905.0,841.0,853.0,866.0,88.0,0.0,0.0,866.25,27.77738888616663,905.0,841.0,64.0,18096.833314146428,2.7122407708909804,204.23413163289018
2026-08-30 19:29:54.255000+09:00,fall_risk,-152.0,192.0,18060.0,22.0,56.695,843.0,842.0,839.0,825.0,89.0,0.0,0.0,837.25,8.341662504161466,843.0,825.0,18.0,18061.660167326812,12.13903826500576,174.61002200431633
2026-08-30 19:29:54.389000+09:00,fall_risk,-156.0,104.0,18304.0,21.0,240.431,862.0,855.0,867.0,883.0,89.0,0.0,0.0,866.75,11.89887949906769,883.0,855.0,28.0,18304.960202087303,12.692763686418969,216.79687062701538
2026-08-30 19:29:54.757000+09:00,fall_risk,1864.0,1104.0,32767.0,21.0,201.671,869.0,863.0,851.0,857.0,89.0,0.0,0.0,860.0,7.745966692414834,869.0,851.0,18.0,32838.538350541734,12.67206573528072,6618.115590361945
2026-08-30 19:29:55.767000+09:00,fall_risk,-296.0,140.0,18196.0,21.0,241.689,871.0,858.0,859.0,857.0,84.0,0.0,0.0,861.25,6.551081335677848,871.0,857.0,14.0,18198.945903540676,12.137751027240329,6562.624548447095
2026-08-30 19:29:56.760000+09:00,fall_risk,328.0,496.0,21064.0,21.0,202.079,890.0,853.0,837.0,873.0,84.0,0.0,0.0,863.25,23.128265535198842,890.0,837.0,53.0,21072.39179590205,11.713240371446009,6353.778598488488
2026-08-30 19:29:57.760000+09:00,fall_risk,-124.0,48.0,18156.0,21.0,43.299,843.0,840.0,806.0,869.0,84.0,1.0,0.0,839.5,25.852143689321654,869.0,806.0,63.0,18156.486884857433,10.733417442700798,6340.348402479556
2026-08-30 19:29:58.756000+09:00,fall_risk,-248.0,104.0,18140.0,21.0,201.671,871.0,861.0,861.0,863.0,78.0,0.0,0.0,864.0,4.760952285695233,871.0,861.0,10.0,18141.9932752716,10.241764984575308,6362.635573491322
2026-08-30 19:29:59.789000+09:00,fall_risk,-216.0,140.0,18244.0,20.0,811.818,867.0,829.0,845.0,878.0,78.0,0.0,0.0,854.75,21.975364995072702,878.0,829.0,49.0,18245.815739505866,10.203247032159465,1291.552794190321
2026-08-30 19:30:00.762000+09:00,fall_risk,-344.0,168.0,18096.0,20.0,198.356,829.0,799.0,824.0,853.0,78.0,0.0,0.0,826.25,22.14158982548453,853.0,799.0,54.0,18100.04906070699,16.335735367569416,1303.0589349848217
2026-08-30 19:30:01.809000+09:00,fall_risk,196.0,416.0,17728.0,20.0,811.495,745.0,747.0,703.0,748.0,78.0,0.0,0.0,735.75,21.86892772862904,748.0,703.0,45.0,17733.963347204706,51.42695061929311,198.26591563523337
2026-08-30 19:30:02.803000+09:00,fall_risk,-204.0,116.0,18212.0,20.0,811.359,879.0,840.0,856.0,889.0,78.0,1.0,0.0,866.0,22.166040091395065,889.0,840.0,49.0,18213.511907372504,54.67992090337386,205.5827668649583
2026-08-30 19:30:03.804000+09:00,fall_risk,-244.0,-16.0,18028.0,20.0,811.427,879.0,839.0,843.0,877.0,78.0,0.0,0.0,859.5,21.439838307848003,879.0,839.0,40.0,18029.658233033704,53.999826388602585,204.2131604211847
2026-08-30 19:30:04.791000+09:00,fall_risk,-80.0,96.0,18204.0,20.0,811.393,861.0,851.0,859.0,864.0,78.0,0.0,0.0,858.75,5.560275772537426,864.0,851.0,13.0,18204.42891166872,54.5140463550379,195.69264012880956
2026-08-30 19:30:05.794000+09:00,fall_risk,-24.0,56.0,18104.0,20.0,812.855,879.0,879.0,851.0,859.0,78.0,0.0,0.0,867.0,14.236104336041748,879.0,851.0,28.0,18104.102518490112,56.94531367899589,195.92732787965565
2026-08-30 19:30:06.795000+09:00,fall_risk,-92.0,52.0,18068.0,20.0,811.767,877.0,871.0,839.0,847.0,78.0,0.0,0.0,858.5,18.35755975068582,877.0,839.0,38.0,18068.309052039152,4.184793901649095,81.97400780228031
2026-08-30 19:30:07.806000+09:00,fall_risk,-252.0,88.0,18064.0,20.0,811.733,879.0,841.0,839.0,879.0,76.0,0.0,0.0,859.5,22.531459488161584,879.0,839.0,40.0,18065.971991564693,3.5777087638986305,66.85963201760364
2026-08-30 19:30:08.793000+09:00,fall_risk,-172.0,116.0,18072.0,20.0,811.478,884.0,885.0,877.0,867.0,76.0,1.0,0.0,878.25,8.301606270274847,885.0,867.0,18.0,18073.190753157007,8.504778068784852,58.6343859287232
2026-08-30 19:30:09.795000+09:00,fall_risk,-100.0,260.0,18328.0,20.0,811.393,861.0,841.0,824.0,859.0,76.0,0.0,0.0,846.25,17.346949779908474,861.0,824.0,37.0,18330.11685723798,11.785319257418498,113.83790913820285
2026-08-30 19:30:10.796000+09:00,fall_risk,-220.0,200.0,18116.0,20.0,811.512,871.0,855.0,825.0,861.0,71.0,0.0,0.0,853.0,19.79898987322333,871.0,825.0,46.0,18118.43966791843,11.93288523364212,113.25389523875738
2026-08-30 19:30:11.800000+09:00,fall_risk,-220.0,172.0,17940.0,20.0,811.801,884.0,875.0,891.0,874.0,71.0,0.0,0.0,881.0,8.04155872120988,891.0,874.0,17.0,17942.17333546859,15.391353091891649,141.33380069771403
2026-08-30 19:30:12.814000+09:00,fall_risk,-212.0,116.0,18088.0,20.0,811.58,851.0,819.0,828.0,886.0,71.0,0.0,0.0,846.0,29.87752778706208,886.0,819.0,67.0,18089.614257910533,17.34989193047835,140.05039113902416
2026-08-30 19:30:13.793000+09:00,fall_risk,-8.0,100.0,18140.0,20.0,811.648,887.0,867.0,870.0,889.0,68.0,0.0,0.0,878.25,11.354147553500733,889.0,867.0,22.0,18140.277395894474,17.34989193047835,138.76533040107103
2026-08-30 19:30:14.788000+09:00,fall_risk,-348.0,-32.0,18188.0,20.0,811.342,878.0,831.0,821.0,867.0,68.0,1.0,0.0,849.25,27.524231748285608,878.0,821.0,57.0,18191.357068674122,16.75839341939671,93.88786429551067
2026-08-30 19:30:15.789000+09:00,fall_risk,-272.0,136.0,18072.0,20.0,811.291,853.0,845.0,843.0,839.0,65.0,0.0,0.0,845.0,5.887840577551898,853.0,839.0,14.0,18074.558473168854,18.10093229641159,93.35883819441388
2026-08-30 19:30:16.751000+09:00,fall_risk,-304.0,116.0,18088.0,21.0,61.523,851.0,840.0,1993.0,873.0,65.0,0.0,0.0,1139.25,569.3319916065377,1993.0,840.0,1153.0,18090.926344441294,128.02653533545057,48.221642892372955
2026-08-30 19:30:17.793000+09:00,fall_risk,-464.0,48.0,18028.0,21.0,811.512,850.0,853.0,2901.0,853.0,65.0,0.0,0.0,1364.25,1024.5009760854305,2901.0,850.0,2051.0,18034.03404676835,230.48158820174675,60.941336821483816
2026-08-30 19:30:18.804000+09:00,fall_risk,-352.0,132.0,18124.0,21.0,811.75,890.0,855.0,2963.0,883.0,63.0,0.0,0.0,1397.75,1043.609561410141,2963.0,855.0,2108.0,18127.898499274535,267.4416758846679,59.445466385472606
2026-08-30 19:30:19.791000+09:00,fall_risk,-412.0,132.0,18016.0,20.0,811.716,860.0,831.0,3035.0,1363.0,63.0,0.0,0.0,1522.25,1037.6535629325747,3035.0,831.0,2204.0,18021.193745143522,267.03244184930037,43.261247927004455
2026-08-30 19:30:21.256000+09:00,fall_risk,-416.0,120.0,18072.0,20.0,811.478,779.0,748.0,3017.0,2057.0,63.0,1.0,0.0,1650.25,1096.4461911101703,3017.0,748.0,2269.0,18077.185621661356,190.89002069254505,43.35053320712473
2026-08-30 19:30:21.765000+09:00,fall_risk,-428.0,116.0,17944.0,20.0,352.818,887.0,877.0,3001.0,877.0,63.0,0.0,0.0,1410.5,1060.343812166601,3001.0,877.0,2124.0,17949.47843253391,117.429234009255,66.47023479867865
2026-08-30 19:30:22.763000+09:00,fall_risk,-460.0,204.0,18172.0,20.0,350.319,888.0,850.0,2885.0,893.0,63.0,0.0,0.0,1379.0,1004.1835821535157,2885.0,850.0,2035.0,18178.965867177372,114.2830094546008,89.69457697417262
2026-08-30 19:30:23.797000+09:00,fall_risk,-456.0,156.0,18056.0,20.0,351.169,884.0,845.0,2841.0,889.0,63.0,0.0,0.0,1364.75,984.3632036330222,2841.0,845.0,1996.0,18062.43084415827,120.42718235514921,83.89276090862812
2026-08-30 19:30:24.763000+09:00,fall_risk,-544.0,52.0,18140.0,20.0,350.744,888.0,857.0,2065.0,844.0,63.0,0.0,0.0,1163.5,601.2833497334403,2065.0,844.0,1221.0,18148.22966572773,173.31064955737784,89.09114722803602
2026-08-30 19:30:25.742000+09:00,fall_risk,-436.0,272.0,18128.0,19.0,38.692,892.0,877.0,2193.0,894.0,63.0,0.0,0.0,1214.0,652.7107577888795,2193.0,877.0,1316.0,18135.28229722383,110.0800277071189,91.84705903894589
2026-08-30 19:30:26.767000+09:00,fall_risk,-308.0,192.0,18184.0,19.0,350.404,889.0,853.0,2869.0,2093.0,63.0,0.0,0.0,1676.0,982.1466285641875,2869.0,853.0,2016.0,18187.621724678575,200.10391050651697,49.65310499378051
2026-08-30 19:30:27.765000+09:00,fall_risk,-336.0,160.0,18076.0,19.0,350.778,877.0,873.0,2215.0,2283.0,63.0,1.0,0.0,1562.0,793.7665483839271,2283.0,873.0,1410.0,18079.830530179202,220.29117095335485,51.22272141603191
2026-08-30 19:30:28.745000+09:00,fall_risk,-328.0,272.0,18108.0,20.0,43.911,877.0,861.0,2219.0,2183.0,63.0,1.0,0.0,1535.0,769.1987172809551,2219.0,861.0,1358.0,18113.012780871104,227.29012297062158,40.14647104314806
2026-08-30 19:30:29.773000+09:00,fall_risk,-236.0,112.0,18008.0,20.0,350.353,891.0,863.0,2040.0,2471.0,63.0,0.0,0.0,1566.25,815.1757990356027,2471.0,863.0,1608.0,18009.89461379494,174.40108227875317,66.11736883845165
2026-08-30 19:30:30.748000+09:00,fall_risk,-400.0,156.0,18116.0,20.0,71.621,884.0,871.0,1677.0,878.0,63.0,0.0,0.0,1077.5,399.7019723077016,1677.0,871.0,806.0,18121.08694311685,233.21352876709443,64.79031854970341
2026-08-30 19:30:31.763000+09:00,fall_risk,-420.0,180.0,18064.0,20.0,350.778,866.0,877.0,842.0,878.0,63.0,0.0,0.0,865.75,16.740669042783207,878.0,842.0,36.0,18069.77852658964,328.08875514104426,44.127853156965124
2026-08-30 19:30:33.250000+09:00,fall_risk,-364.0,176.0,17960.0,20.0,73.95,908.0,842.0,837.0,893.0,63.0,0.0,0.0,870.0,35.805027579936315,908.0,837.0,71.0,17964.550425769077,346.60183388147243,67.38839687756933
2026-08-30 19:30:33.764000+09:00,fall_risk,-400.0,204.0,17992.0,20.0,351.645,903.0,840.0,840.0,887.0,65.0,0.0,0.0,867.5,32.41913015489465,903.0,840.0,63.0,17997.602062497102,302.8707748363971,62.416574637729944
2026-08-30 19:30:34.752000+09:00,fall_risk,-328.0,280.0,18188.0,18.0,200.804,905.0,857.0,794.0,903.0,65.0,1.0,0.0,864.75,52.11765535785354,905.0,794.0,111.0,18193.11210321093,94.15953881577416,92.3642159326552
2026-08-30 19:30:35.752000+09:00,fall_risk,-388.0,212.0,18188.0,18.0,203.813,887.0,849.0,831.0,845.0,65.0,0.0,0.0,853.0,23.944379994757295,887.0,831.0,56.0,18193.373299088875,6.570292991883579,107.0076197853092
2026-08-30 19:30:36.775000+09:00,fall_risk,-468.0,208.0,18056.0,18.0,354.365,911.0,845.0,859.0,879.0,68.0,0.0,0.0,873.5,28.629821282478634,911.0,845.0,66.0,18063.2617209628,7.822243923529691,107.25871406112022
2026-08-30 19:30:37.763000+09:00,fall_risk,-252.0,344.0,18228.0,17.0,240.873,859.0,871.0,861.0,1507.0,68.0,0.0,0.0,1024.5,321.70949628508015,1507.0,859.0,648.0,18232.987248391306,71.8578457790049,100.50477331552516
2026-08-30 19:30:38.765000+09:00,fall_risk,-352.0,304.0,18152.0,17.0,241.315,907.0,845.0,879.0,1623.0,68.0,0.0,0.0,1063.5,373.8604909142803,1623.0,845.0,778.0,18157.957594399213,99.95023761852357,64.35958695164194
2026-08-30 19:30:39.758000+09:00,fall_risk,-320.0,396.0,17940.0,17.0,241.281,845.0,879.0,843.0,903.0,70.0,0.0,0.0,867.5,28.861739379323623,903.0,843.0,60.0,17947.22307210784,99.46758265887098,114.73473265946458
2026-08-30 19:30:40.765000+09:00,fall_risk,-240.0,248.0,17960.0,18.0,350.336,917.0,883.0,873.0,908.0,70.0,1.0,0.0,895.25,20.66196183005541,917.0,873.0,44.0,17963.31550688792,92.13570154939585,123.24676182496917
2026-08-30 19:30:41.789000+09:00,fall_risk,-272.0,336.0,18232.0,18.0,349.894,871.0,877.0,853.0,911.0,70.0,0.0,0.0,878.0,24.24871130596428,911.0,853.0,58.0,18237.124334719003,91.28252844876367,142.80502681662654
2026-08-30 19:30:42.756000+09:00,fall_risk,-104.0,220.0,18036.0,18.0,240.006,869.0,873.0,841.0,889.0,70.0,0.0,0.0,868.0,19.966638842495918,889.0,841.0,48.0,18037.64153097627,84.0759329415933,125.65908965842256
2026-08-30 19:30:43.749000+09:00,fall_risk,-116.0,244.0,18108.0,18.0,75.055,927.0,891.0,879.0,873.0,70.0,0.0,0.0,892.5,24.186773244895647,927.0,873.0,54.0,18110.015350628502,13.160072188222586,118.78195590579591
2026-08-30 19:30:45.271000+09:00,fall_risk,-272.0,208.0,18128.0,18.0,352.036,901.0,891.0,859.0,885.0,70.0,0.0,0.0,884.0,17.925772879665004,901.0,859.0,42.0,18131.233603922265,11.065712810263758,102.9134474635794
2026-08-30 19:30:45.786000+09:00,fall_risk,4.0,188.0,18096.0,18.0,811.546,829.0,789.0,767.0,816.0,70.0,0.0,0.0,800.25,27.729346668586814,829.0,767.0,62.0,18096.976985121022,37.03646851414428,72.84095018645002
2026-08-30 19:30:46.802000+09:00,fall_risk,-12.0,212.0,18012.0,19.0,811.461,891.0,884.0,875.0,915.0,70.0,1.0,0.0,891.25,17.134273644754636,915.0,875.0,40.0,18013.251566555107,38.677108862985165,50.09973967784633
2026-08-30 19:30:47.743000+09:00,fall_risk,20.0,152.0,18116.0,19.0,45.509,889.0,847.0,812.0,866.0,70.0,0.0,0.0,853.5,32.562759915789286,889.0,812.0,77.0,18116.648696709886,39.14292720274252,46.59470436811671
2026-08-30 19:30:48.744000+09:00,fall_risk,-8.0,112.0,17768.0,19.0,59.262,827.0,755.0,781.0,766.0,70.0,0.0,0.0,782.25,31.67938341150808,827.0,755.0,72.0,17768.354791595084,49.07806281832201,150.7233456214451
2026-08-30 19:30:49.740000+09:00,fall_risk,16.0,212.0,17980.0,19.0,36.346,886.0,857.0,847.0,877.0,70.0,0.0,0.0,866.75,17.89553016817328,886.0,847.0,39.0,17981.25690823642,45.91377788855058,138.82300805172528
2026-08-30 19:30:50.803000+09:00,fall_risk,-60.0,120.0,18212.0,19.0,811.75,875.0,842.0,829.0,867.0,70.0,0.0,0.0,853.25,21.422340363897373,875.0,829.0,46.0,18212.494172957202,40.59926107700946,166.77385605408458
2026-08-30 19:30:51.787000+09:00,fall_risk,-116.0,192.0,17816.0,19.0,811.563,893.0,856.0,873.0,911.0,72.0,0.0,0.0,883.25,23.89386253134195,911.0,856.0,55.0,17817.412157774204,38.648415232699676,189.70605451221448
2026-08-30 19:30:52.748000+09:00,fall_risk,-240.0,184.0,18252.0,19.0,111.01,903.0,855.0,877.0,893.0,72.0,0.0,0.0,882.0,20.944370763206678,903.0,855.0,48.0,18254.50519734786,41.681830573994496,221.94834939962578
2026-08-30 19:30:53.772000+09:00,fall_risk,-148.0,248.0,17908.0,19.0,103.513,867.0,845.0,843.0,870.0,72.0,1.0,0.0,856.25,14.221462653327892,870.0,843.0,27.0,17910.32864020088,14.011602335179532,190.6975689509133
2026-08-30 19:30:54.745000+09:00,fall_risk,-32.0,192.0,18008.0,19.0,56.797,819.0,779.0,765.0,790.0,75.0,0.0,0.0,788.25,22.911059920192837,819.0,765.0,54.0,18009.05194617418,38.59549844216523,189.13066545483682
2026-08-30 19:30:55.742000+09:00,fall_risk,80.0,208.0,17972.0,19.0,43.503,873.0,884.0,840.0,885.0,75.0,0.0,0.0,870.5,21.047565179849187,885.0,840.0,45.0,17973.381651764925,39.430080522352284,163.31957655153332
2026-08-30 19:30:56.753000+09:00,fall_risk,-496.0,-120.0,18964.0,19.0,52.564,886.0,883.0,843.0,873.0,75.0,0.0,0.0,871.25,19.636275953788523,886.0,843.0,43.0,18970.86481950678,37.68728233766904,437.6467960186822
2026-08-30 19:30:57.766000+09:00,fall_risk,-156.0,84.0,18188.0,19.0,57.545,873.0,885.0,867.0,876.0,78.0,0.0,0.0,875.25,7.5,885.0,867.0,18.0,18188.86296611198,36.520713300799294,437.47345481261834
2026-08-30 19:30:58.749000+09:00,fall_risk,48.0,-64.0,18376.0,19.0,25.194,844.0,827.0,841.0,885.0,78.0,0.0,0.0,849.25,24.958298553119896,885.0,827.0,58.0,18376.174139357736,36.46556594925103,406.0408301540956
2026-08-30 19:30:59.740000+09:00,fall_risk,-80.0,132.0,17996.0,19.0,29.818,858.0,851.0,859.0,856.0,78.0,1.0,0.0,856.0,3.559026084010437,859.0,851.0,8.0,17996.661912699255,11.201841366454001,408.31973277761426
2026-08-30 19:31:00.748000+09:00,fall_risk,-120.0,96.0,18092.0,19.0,59.551,839.0,799.0,793.0,815.0,79.0,0.0,0.0,811.5,20.55075018906447,839.0,793.0,46.0,18092.652652389035,25.361511193128432,387.32564779263197
2026-08-30 19:31:01.759000+09:00,fall_risk,-312.0,72.0,17960.0,17.0,56.967,843.0,798.0,787.0,825.0,79.0,0.0,0.0,813.25,25.46075411294803,843.0,787.0,56.0,17962.85411620325,27.867655983221084,166.55560629445006
2026-08-30 19:31:02.744000+09:00,fall_risk,-76.0,-80.0,18028.0,17.0,101.473,870.0,823.0,843.0,839.0,79.0,0.0,0.0,843.75,19.517086531208154,870.0,823.0,47.0,18028.337693753132,20.89033867602788,166.26339274358358
2026-08-30 19:31:03.749000+09:00,fall_risk,-204.0,96.0,18200.0,17.0,102.425,839.0,824.0,805.0,823.0,79.0,0.0,0.0,822.75,13.9134227756269,839.0,805.0,34.0,18201.396429944598,19.61456729064235,94.1344544974547
2026-08-30 19:31:04.744000+09:00,fall_risk,-160.0,-48.0,18212.0,15.0,102.799,874.0,813.0,825.0,853.0,79.0,0.0,0.0,841.25,27.524231748285608,874.0,813.0,61.0,18212.766072181348,15.245901088460826,108.39175671902913
2026-08-30 19:31:05.758000+09:00,fall_risk,-328.0,-36.0,18128.0,15.0,115.277,816.0,872.0,796.0,821.0,79.0,0.0,0.0,826.25,32.356091646962966,872.0,796.0,76.0,18131.002840438803,12.857876963135714,109.13146914059705
2026-08-30 19:31:06.786000+09:00,fall_risk,-236.0,80.0,18044.0,15.0,122.604,825.0,828.0,809.0,840.0,79.0,0.0,0.0,825.5,12.767145334803704,840.0,809.0,31.0,18045.720600740777,9.803698281727193,85.43635547862345
2026-08-30 19:31:07.742000+09:00,fall_risk,-188.0,-108.0,18000.0,13.0,115.09,842.0,851.0,821.0,841.0,79.0,1.0,0.0,838.75,12.658988901172163,851.0,821.0,30.0,18001.305730418557,8.455028089790058,93.46864480584293
2026-08-30 19:31:08.747000+09:00,fall_risk,-228.0,40.0,18104.0,13.0,116.246,867.0,826.0,811.0,829.0,79.0,0.0,0.0,833.25,23.837994882120434,867.0,811.0,56.0,18105.479833464786,7.123903424327331,81.22719487271335
2026-08-30 19:31:09.748000+09:00,fall_risk,-260.0,0.0,18068.0,13.0,106.148,838.0,845.0,819.0,841.0,79.0,0.0,0.0,835.75,11.528949070347508,845.0,819.0,26.0,18069.87061381459,5.840590723474875,50.7106729448243
2026-08-30 19:31:10.749000+09:00,fall_risk,-256.0,20.0,18116.0,11.0,128.231,870.0,822.0,822.0,839.0,79.0,0.0,0.0,838.25,22.63294059551255,870.0,822.0,48.0,18117.819736381087,5.386325277881488,46.996629529249695
2026-08-30 19:31:11.745000+09:00,fall_risk,-144.0,144.0,18016.0,11.0,122.604,829.0,829.0,827.0,851.0,79.0,0.0,0.0,834.0,11.372481406154654,851.0,827.0,24.0,18017.150940145893,2.462214450276054,51.87241234151626
2026-08-30 19:31:12.746000+09:00,fall_risk,-412.0,104.0,18052.0,11.0,114.665,853.0,856.0,819.0,856.0,79.0,0.0,0.0,846.0,18.05547008526779,856.0,819.0,37.0,18057.000415351384,5.152062693635526,40.14837386432256
2026-08-30 19:31:13.763000+09:00,fall_risk,-248.0,140.0,18184.0,11.0,59.874,684.0,694.0,677.0,687.0,79.0,1.0,0.0,685.5,7.047458170621991,694.0,677.0,17.0,18186.22995565601,68.57719190809068,64.87401000538581
2026-08-30 19:31:14.751000+09:00,fall_risk,-136.0,144.0,18072.0,11.0,59.976,860.0,829.0,799.0,863.0,79.0,0.0,0.0,837.75,30.059662894539144,863.0,799.0,64.0,18073.085403439003,68.78576342528373,64.64493946184946
2026-08-30 19:31:15.757000+09:00,fall_risk,-116.0,128.0,18148.0,11.0,60.401,845.0,851.0,813.0,831.0,79.0,0.0,0.0,835.0,16.89181261242657,851.0,813.0,38.0,18148.822110539295,68.44651196371586,69.27083277547979
2026-08-30 19:31:16.738000+09:00,fall_risk,-188.0,84.0,18124.0,11.0,59.976,861.0,827.0,830.0,873.0,79.0,0.0,0.0,847.75,22.7943706500823,873.0,827.0,46.0,18125.16968196436,70.02780697693669,53.37364770761504
2026-08-30 19:31:17.745000+09:00,fall_risk,-136.0,256.0,18084.0,11.0,74.239,816.0,813.0,827.0,837.0,79.0,0.0,0.0,823.25,10.965856099730654,837.0,813.0,24.0,18086.323230551865,67.84140512989907,46.10282118276767
2026-08-30 19:31:18.751000+09:00,fall_risk,-56.0,148.0,18056.0,11.0,62.118,866.0,827.0,841.0,851.0,79.0,0.0,0.0,846.25,16.439282222773596,866.0,827.0,39.0,18056.693385002694,9.871043511157065,38.027612621280326
2026-08-30 19:31:19.744000+09:00,fall_risk,-64.0,168.0,18100.0,11.0,128.979,744.0,696.0,697.0,739.0,79.0,1.0,0.0,719.0,26.06402373643282,744.0,696.0,48.0,18100.89279566066,54.153427869333576,35.41304405851111
2026-08-30 19:31:20.738000+09:00,fall_risk,0.0,208.0,18024.0,11.0,57.018,889.0,845.0,863.0,879.0,79.0,0.0,0.0,869.0,19.252705437591537,889.0,845.0,44.0,18025.200137585158,59.30045320230805,38.91166312016364
2026-08-30 19:31:21.735000+09:00,fall_risk,-56.0,84.0,18212.0,11.0,57.018,847.0,857.0,843.0,847.0,79.0,0.0,0.0,848.5,5.972157622389639,857.0,843.0,14.0,18212.2798133567,59.38576218252256,71.05599683645815
2026-08-30 19:31:22.743000+09:00,fall_risk,-124.0,28.0,18172.0,11.0,57.001,844.0,857.0,859.0,849.0,79.0,0.0,0.0,852.25,6.994045086119096,859.0,844.0,15.0,18172.44463466597,61.0294498582376,78.12605242606061
2026-08-30 19:31:23.742000+09:00,fall_risk,-24.0,120.0,18032.0,11.0,57.001,846.0,816.0,803.0,853.0,82.0,0.0,0.0,829.5,23.867690853257393,853.0,803.0,50.0,18032.415256975422,60.16217665609457,83.1334520041279
2026-08-30 19:31:24.739000+09:00,fall_risk,-56.0,228.0,18000.0,11.0,57.001,884.0,890.0,876.0,853.0,82.0,0.0,0.0,875.75,16.214705259938174,890.0,853.0,37.0,18001.53104599717,18.211431849231047,96.28569203023706
2026-08-30 19:31:25.749000+09:00,fall_risk,-28.0,160.0,18044.0,11.0,57.035,872.0,861.0,850.0,868.0,82.0,0.0,0.0,862.75,9.63932916061417,872.0,850.0,22.0,18044.73108694059,17.196474929449487,93.41517760636053
2026-08-30 19:31:26.743000+09:00,fall_risk,-52.0,152.0,18072.0,11.0,57.001,885.0,853.0,854.0,859.0,83.0,0.0,0.0,862.75,15.063753405664428,885.0,853.0,32.0,18072.71401865254,17.289447648759342,65.39206198009138
2026-08-30 19:31:27.736000+09:00,fall_risk,-84.0,112.0,18080.0,13.0,60.724,902.0,847.0,859.0,885.0,83.0,1.0,0.0,873.25,24.878035828149027,902.0,847.0,55.0,18080.542027273408,18.478365728581025,31.897045550592832
2026-08-30 19:31:28.751000+09:00,fall_risk,-40.0,168.0,18100.0,13.0,56.933,883.0,861.0,859.0,862.0,83.0,0.0,0.0,866.25,11.236102527122116,883.0,859.0,24.0,18100.82384865396,6.035312750737204,38.412051056223916
2026-08-30 19:31:29.739000+09:00,fall_risk,-136.0,100.0,18240.0,13.0,56.916,855.0,823.0,845.0,849.0,83.0,0.0,0.0,843.0,13.9522996909709,855.0,823.0,32.0,18240.781123625162,11.24666617265752,76.94850026041907
2026-08-30 19:31:30.751000+09:00,fall_risk,-44.0,208.0,18144.0,13.0,56.916,856.0,829.0,797.0,851.0,83.0,0.0,0.0,833.25,26.862303202319293,856.0,797.0,59.0,18145.245548076775,16.83968527019398,69.03682099833307
2026-08-30 19:31:31.737000+09:00,fall_risk,-48.0,172.0,18096.0,13.0,56.933,888.0,831.0,843.0,861.0,83.0,0.0,0.0,855.75,24.78406746278746,888.0,831.0,57.0,18096.881057242987,16.392071254090663,64.91983551188514
2026-08-30 19:31:32.748000+09:00,fall_risk,-60.0,184.0,18176.0,13.0,60.69,744.0,711.0,807.0,877.0,83.0,1.0,0.0,784.75,73.26834241335067,877.0,711.0,166.0,18177.03034051492,31.569170087272685,59.60538711527055
2026-08-30 19:31:34.263000+09:00,fall_risk,-68.0,108.0,18052.0,12.0,56.933,907.0,820.0,840.0,879.0,83.0,1.0,0.0,861.5,38.99145205469185,907.0,820.0,87.0,18052.451135510655,30.507478591308562,72.54127306290013
2026-08-30 19:31:34.742000+09:00,fall_risk,164.0,-3708.0,28536.0,12.0,87.176,853.0,855.0,853.0,859.0,83.0,0.0,0.0,855.0,2.8284271247461903,859.0,853.0,6.0,28776.36975019608,31.679745106284468,4766.846887742972
2026-08-30 19:31:35.742000+09:00,fall_risk,284.0,164.0,17504.0,12.0,53.788,873.0,837.0,800.0,847.0,83.0,0.0,0.0,839.25,30.24758943563382,873.0,800.0,73.0,17507.07194250369,31.565903281850765,4845.178291932732
2026-08-30 19:31:36.769000+09:00,fall_risk,120.0,156.0,18024.0,12.0,351.169,867.0,838.0,859.0,877.0,83.0,0.0,0.0,860.25,16.560495161679196,877.0,838.0,39.0,18025.07453521344,32.211508036711955,4852.781767619466
2026-08-30 19:31:37.741000+09:00,fall_risk,-80.0,320.0,18560.0,12.0,57.766,885.0,871.0,827.0,869.0,83.0,0.0,0.0,863.0,25.03331114069145,885.0,827.0,58.0,18562.930803081716,9.729786739656053,4817.3406505914145
2026-08-30 19:31:38.736000+09:00,fall_risk,32.0,232.0,18232.0,12.0,54.213,727.0,702.0,693.0,717.0,83.0,1.0,0.0,709.75,15.173990905493518,727.0,693.0,34.0,18233.504106451946,65.32835333910637,4797.946933295946
2026-08-30 19:31:39.749000+09:00,fall_risk,80.0,96.0,18112.0,13.0,53.771,851.0,825.0,806.0,858.0,83.0,0.0,0.0,835.0,23.986107090008026,858.0,806.0,52.0,18112.43109027609,63.657629157856036,383.6549256705941
2026-08-30 19:31:40.734000+09:00,fall_risk,-4.0,156.0,18148.0,13.0,53.771,868.0,844.0,819.0,864.0,83.0,0.0,0.0,848.75,22.440662497647732,868.0,819.0,49.0,18148.670915524366,64.45846530905872,207.59231062140515
2026-08-30 19:31:41.746000+09:00,fall_risk,112.0,168.0,18128.0,13.0,52.904,873.0,851.0,855.0,859.0,82.0,0.0,0.0,859.5,9.574271077563381,873.0,851.0,22.0,18129.12441349554,64.35191333596171,187.8823702907715
2026-08-30 19:31:42.745000+09:00,fall_risk,72.0,140.0,18136.0,12.0,52.904,873.0,829.0,810.0,837.0,82.0,0.0,0.0,837.25,26.386549603917523,873.0,810.0,63.0,18136.683268999324,61.329896869301166,47.37499670186732
2026-08-30 19:31:43.740000+09:00,fall_risk,80.0,100.0,18184.0,12.0,53.788,890.0,824.0,847.0,869.0,82.0,0.0,0.0,857.5,28.407745422683583,890.0,824.0,66.0,18184.45094029512,11.256387075752642,26.993434213301416
2026-08-30 19:31:44.764000+09:00,fall_risk,180.0,204.0,17956.0,12.0,240.006,871.0,827.0,779.0,851.0,79.0,0.0,0.0,832.0,39.64845520319802,871.0,779.0,92.0,17958.06091982094,12.141097561553913,88.30604882888261
2026-08-30 19:31:45.744000+09:00,fall_risk,128.0,48.0,18108.0,12.0,56.712,857.0,854.0,859.0,842.0,79.0,1.0,0.0,853.0,7.615773105863909,859.0,842.0,17.0,18108.516007668877,12.439352877025879,85.86092347622797
2026-08-30 19:31:46.745000+09:00,fall_risk,36.0,136.0,18212.0,12.0,240.805,851.0,827.0,819.0,824.0,79.0,0.0,0.0,830.25,14.221462653327892,851.0,819.0,32.0,18212.54336988659,12.468710839503874,99.18753108860636
2026-08-30 19:31:47.733000+09:00,fall_risk,112.0,72.0,18208.0,12.0,52.054,837.0,813.0,805.0,842.0,79.0,0.0,0.0,824.25,18.02544497832624,842.0,805.0,37.0,18208.486812472915,14.837241994358545,107.08149962473702
2026-08-30 19:31:48.764000+09:00,fall_risk,-1572.0,-3940.0,10132.0,12.0,63.121,853.0,820.0,810.0,841.0,79.0,0.0,0.0,831.0,19.544820285692065,853.0,810.0,43.0,10984.179896560325,10.989483609303358,3193.759336241406
2026-08-30 19:31:49.753000+09:00,fall_risk,-12.0,212.0,17968.0,12.0,350.285,869.0,837.0,809.0,855.0,79.0,0.0,0.0,842.5,25.890796305508516,869.0,809.0,60.0,17969.254631174885,11.480145904959182,3194.8703453936387
2026-08-30 19:31:50.754000+09:00,fall_risk,-68.0,168.0,18132.0,12.0,350.268,882.0,869.0,856.0,818.0,79.0,1.0,0.0,856.25,27.62094615806393,882.0,818.0,64.0,18132.905779273216,12.696702327736615,3197.582477055464
2026-08-30 19:31:51.743000+09:00,fall_risk,52.0,128.0,18108.0,12.0,205.156,877.0,875.0,827.0,859.0,79.0,1.0,0.0,859.5,23.115651263447745,877.0,827.0,50.0,18108.527052192843,15.355577162684678,3185.60977612042
2026-08-30 19:31:52.770000+09:00,fall_risk,56.0,212.0,18036.0,14.0,350.625,854.0,827.0,821.0,867.0,79.0,0.0,0.0,842.25,21.86892772862904,867.0,821.0,46.0,18037.33284052828,11.599299547781753,3165.9473298851763
2026-08-30 19:31:53.770000+09:00,fall_risk,36.0,60.0,18116.0,14.0,350.268,844.0,825.0,787.0,816.0,79.0,0.0,0.0,818.0,23.7346441585572,844.0,787.0,57.0,18116.13512866362,16.36440496929739,68.45914531871408
2026-08-30 19:31:54.767000+09:00,fall_risk,92.0,196.0,18188.0,14.0,351.118,889.0,845.0,845.0,866.0,79.0,0.0,0.0,861.25,20.982135258357285,889.0,845.0,44.0,18189.288716164796,18.07916618650241,54.538784520166395
2026-08-30 19:31:55.754000+09:00,fall_risk,24.0,308.0,18052.0,16.0,350.251,885.0,819.0,855.0,877.0,79.0,0.0,0.0,859.0,29.5296461204668,885.0,819.0,66.0,18054.643280884837,18.451795305584028,59.75555782964745
2026-08-30 19:31:56.755000+09:00,fall_risk,4.0,172.0,18048.0,16.0,350.727,715.0,713.0,697.0,695.0,79.0,0.0,0.0,705.0,10.456258094238748,715.0,695.0,20.0,18048.820016832124,65.00879748156487,63.753734575865614
2026-08-30 19:31:57.760000+09:00,fall_risk,44.0,120.0,18196.0,16.0,350.727,825.0,815.0,809.0,828.0,78.0,1.0,0.0,819.25,8.80814017448254,828.0,809.0,19.0,18196.448884329053,63.58237766865208,70.69775709689085
2026-08-30 19:31:58.784000+09:00,fall_risk,12.0,164.0,18024.0,17.0,350.727,874.0,825.0,811.0,811.0,78.0,0.0,0.0,830.25,29.90401310861136,874.0,811.0,63.0,18024.750095354997,64.08134478925291,83.02877042546582
