time,label,ACCEL_X,ACCEL_Y,ACCEL_Z,BREATH,DIST,FSR0,FSR1,FSR2,FSR3,HEART,PIR,SW420,fsr_mean,fsr_std,fsr_max,fsr_min,fsr_range,accel_mag,fsr_mean_roll_std,accel_mag_roll_std
2026-09-05 17:50:00.895000+09:00,safe,1288.0,-308.0,18016.0,22.0,60.928,886.0,857.0,841.0,849.0,0.0,0.0,0.0,858.25,19.619293225462194,886.0,841.0,45.0,18064.608049996546,0.0,0.0
2026-09-05 17:50:01.912000+09:00,safe,1304.0,-268.0,18128.0,22.0,69.173,925.0,876.0,885.0,923.0,0.0,0.0,0.0,902.25,25.395209522007622,925.0,876.0,49.0,18176.81556268864,31.11269837220809,79.34269312465369
2026-09-05 17:50:02.889000+09:00,safe,1368.0,-308.0,18132.0,22.0,68.765,877.0,873.0,844.0,901.0,0.0,0.0,0.0,873.75,23.371991785040485,901.0,844.0,57.0,18186.140657104796,22.31778065429745,67.63586065707952
2026-09-05 17:50:03.889000+09:00,safe,1484.0,-368.0,17960.0,22.0,70.601,757.0,729.0,735.0,745.0,65.0,0.0,0.0,741.5,12.26104943849968,757.0,729.0,28.0,18024.962690668737,70.68102497606178,80.65205308521877
2026-09-05 17:50:04.889000+09:00,safe,1408.0,-208.0,18096.0,22.0,69.326,940.0,863.0,893.0,892.0,65.0,1.0,0.0,897.0,31.864295588218067,940.0,863.0,77.0,18151.885411714124,65.6504474470662,71.96481544917074
2026-09-05 17:50:05.888000+09:00,safe,1264.0,-332.0,18160.0,22.0,68.612,904.0,907.0,845.0,907.0,65.0,0.0,0.0,890.75,30.532769281544052,907.0,845.0,62.0,18206.9635030117,67.68571673551224,72.29428795722559
2026-09-05 17:50:06.922000+09:00,safe,1356.0,-244.0,17868.0,22.0,70.397,877.0,831.0,855.0,883.0,65.0,0.0,0.0,861.5,23.629078131263043,883.0,831.0,52.0,17921.0405947869,63.82804046812029,121.64943538057678
2026-09-05 17:50:07.890000+09:00,safe,1288.0,-336.0,17912.0,23.0,70.499,906.0,915.0,871.0,905.0,65.0,0.0,0.0,899.25,19.36276495407272,915.0,871.0,44.0,17961.39148284453,66.85735748591924,122.550266538028
2026-09-05 17:50:08.889000+09:00,safe,1352.0,-160.0,18196.0,23.0,59.364,939.0,856.0,885.0,911.0,65.0,0.0,0.0,897.75,35.50938842991621,939.0,856.0,83.0,18246.860551886726,15.847909956836636,147.40418394115605
2026-09-05 17:50:09.898000+09:00,safe,1272.0,-300.0,18064.0,22.0,130.577,749.0,749.0,727.0,775.0,65.0,0.0,0.0,750.0,19.629909152447276,775.0,727.0,48.0,18111.214205568882,63.271883566083304,144.76004952154526
2026-09-05 17:50:10.893000+09:00,safe,1364.0,-260.0,18060.0,22.0,62.373,932.0,872.0,879.0,865.0,65.0,0.0,0.0,887.0,30.539591789456953,932.0,865.0,67.0,18113.30163167389,62.83475352064335,131.18223048140766
2026-09-05 17:50:11.888000+09:00,safe,1376.0,-288.0,17936.0,22.0,69.479,923.0,887.0,867.0,885.0,66.0,0.0,0.0,890.5,23.459184413217212,923.0,867.0,56.0,17991.00931020825,64.42985526912196,113.79809028528065
2026-09-05 17:50:12.910000+09:00,safe,1416.0,-328.0,18112.0,22.0,67.966,911.0,873.0,839.0,861.0,66.0,0.0,0.0,871.0,30.155154341063046,911.0,839.0,72.0,18170.227956742867,61.85163700339711,93.76083074230729
2026-09-05 17:50:13.893000+09:00,safe,1332.0,-320.0,18252.0,22.0,69.309,887.0,853.0,838.0,879.0,66.0,0.0,0.0,864.25,22.735801430050067,887.0,838.0,49.0,18303.33652643692,58.354091544638095,113.25678068255328
2026-09-05 17:50:14.903000+09:00,safe,1324.0,-244.0,18052.0,22.0,57.103,922.0,868.0,877.0,911.0,69.0,0.0,0.0,894.5,26.057628441590765,922.0,868.0,54.0,18102.132913002268,13.115353597978377,113.86127713310884
2026-09-05 17:50:15.889000+09:00,safe,1304.0,-300.0,18016.0,21.0,70.176,909.0,887.0,895.0,913.0,69.0,0.0,0.0,901.0,12.110601416389967,913.0,887.0,26.0,18065.621273568202,15.81336460086861,118.15348772461375
2026-09-05 17:50:16.885000+09:00,safe,1364.0,-184.0,18084.0,21.0,56.78,886.0,868.0,823.0,886.0,69.0,0.0,0.0,865.75,29.736341402398512,886.0,823.0,63.0,18136.30083561695,17.182294666312885,91.33371195112304
2026-09-05 17:50:17.891000+09:00,safe,1384.0,-304.0,18072.0,21.0,70.669,927.0,859.0,886.0,909.0,72.0,0.0,0.0,895.25,29.420797632513864,927.0,859.0,68.0,18127.466894191257,17.66935907156806,91.61423530629885
2026-09-05 17:50:18.928000+09:00,safe,1396.0,-340.0,17960.0,21.0,63.07,938.0,879.0,885.0,915.0,72.0,0.0,0.0,904.25,27.463612289718917,938.0,879.0,59.0,18017.38094174622,15.303798548073111,48.893640427799625
2026-09-05 17:50:19.895000+09:00,safe,1444.0,-244.0,18296.0,21.0,66.487,927.0,891.0,889.0,904.0,72.0,1.0,0.0,902.75,17.480942003603047,927.0,889.0,38.0,18354.51682829052,16.047196016750238,129.18545720559052
2026-09-05 17:50:20.889000+09:00,safe,1352.0,-376.0,17964.0,21.0,60.078,927.0,857.0,873.0,909.0,75.0,0.0,0.0,891.5,32.14031735997639,927.0,857.0,70.0,18018.728479002064,15.535845648049053,137.39947743467607
2026-09-05 17:50:21.912000+09:00,safe,1352.0,-340.0,18044.0,21.0,66.062,924.0,871.0,876.0,891.0,75.0,0.0,0.0,890.5,23.895606290697042,924.0,871.0,53.0,18097.774448809996,6.34576630518371,138.0978895319446
2026-09-05 17:50:22.895000+09:00,safe,1336.0,-280.0,17988.0,21.0,69.836,883.0,904.0,837.0,921.0,75.0,0.0,0.0,886.25,36.32606961031338,921.0,837.0,84.0,18039.71840134984,7.979270016737419,142.90772570184674
2026-09-05 17:50:23.889000+09:00,safe,1388.0,-268.0,18000.0,21.0,59.245,925.0,855.0,884.0,909.0,78.0,0.0,0.0,893.25,30.576407026769292,925.0,855.0,70.0,18055.424891151135,6.104813674470716,137.96206974299994
2026-09-05 17:50:24.885000+09:00,safe,1344.0,-208.0,17920.0,21.0,72.403,933.0,861.0,867.0,873.0,78.0,0.0,0.0,883.5,33.36165463522455,933.0,861.0,72.0,17971.533045347023,4.0117016339708895,46.52823756707741
2026-09-05 17:50:25.942000+09:00,safe,1364.0,-240.0,18100.0,21.0,811.291,908.0,881.0,909.0,903.0,78.0,0.0,0.0,900.25,13.098982148752373,909.0,881.0,28.0,18152.90874763601,6.507207542410547,67.5598819832579
2026-09-05 17:50:26.901000+09:00,safe,1388.0,-236.0,18132.0,21.0,157.063,879.0,863.0,873.0,883.0,80.0,0.0,0.0,874.5,8.698658900466592,883.0,863.0,20.0,18186.579227551287,9.774648331270262,87.54833078459951
2026-09-05 17:50:27.902000+09:00,safe,1384.0,-244.0,18084.0,22.0,158.117,925.0,920.0,876.0,887.0,80.0,0.0,0.0,902.0,24.179881444429512,925.0,876.0,49.0,18138.523864967625,11.61545306908019,86.9844029446305
2026-09-05 17:50:28.887000+09:00,safe,1408.0,-168.0,18152.0,22.0,145.469,926.0,888.0,891.0,908.0,80.0,0.0,0.0,903.25,17.53805386390786,926.0,888.0,38.0,18207.300513804894,12.948696845629073,93.3761870549635
2026-09-05 17:50:30.336000+09:00,safe,1352.0,-236.0,18060.0,22.0,156.553,910.0,893.0,886.0,887.0,83.0,0.0,0.0,894.0,11.105554165971787,910.0,886.0,24.0,18112.07332140636,11.891961570741984,37.917356717642015
2026-09-05 17:50:30.891000+09:00,safe,1432.0,-228.0,18080.0,22.0,157.199,920.0,893.0,875.0,901.0,83.0,0.0,0.0,897.25,18.661457606521523,920.0,875.0,45.0,18138.05414039775,11.620832586351291,39.12343568090387
2026-09-05 17:50:31.932000+09:00,safe,1328.0,-256.0,18080.0,22.0,811.274,917.0,896.0,875.0,923.0,83.0,0.0,0.0,902.75,21.823152842795196,923.0,875.0,48.0,18130.51350624135,4.04891960898259,36.28062336598237
2026-09-05 17:50:32.928000+09:00,safe,1388.0,-304.0,18032.0,22.0,810.917,880.0,883.0,870.0,887.0,83.0,0.0,0.0,880.0,7.2571803523590805,887.0,870.0,17.0,18087.896063390013,9.462755941056706,44.724416808264436
2026-09-05 17:50:33.929000+09:00,safe,1420.0,-144.0,17920.0,22.0,812.209,863.0,891.0,880.0,893.0,83.0,0.0,0.0,881.75,13.744695946679455,893.0,863.0,30.0,17976.749873099976,9.906752747495217,65.6950364441705
2026-09-05 17:50:34.928000+09:00,safe,1236.0,-268.0,18072.0,22.0,72.301,934.0,878.0,859.0,875.0,83.0,0.0,0.0,886.5,32.74650108535771,934.0,859.0,75.0,18116.200043055385,9.935101911908301,66.08126791822419
2026-09-05 17:50:35.890000+09:00,safe,1296.0,-236.0,18092.0,22.0,70.669,895.0,916.0,879.0,870.0,77.0,0.0,0.0,890.0,20.182500670960803,916.0,870.0,46.0,18139.894597268198,9.037076407777235,66.42093142959132
2026-09-05 17:50:36.915000+09:00,safe,1320.0,-276.0,18040.0,23.0,156.315,905.0,891.0,827.0,876.0,77.0,0.0,0.0,874.75,33.964442190816754,905.0,827.0,78.0,18090.33377248745,5.8965032010509555,62.65580785609034
2026-09-05 17:50:37.914000+09:00,safe,1364.0,-276.0,18096.0,23.0,156.655,907.0,882.0,907.0,903.0,77.0,0.0,0.0,899.75,11.98262631201246,907.0,882.0,25.0,18149.432167426065,9.333072913033753,69.6985504593609
2026-09-05 17:50:38.926000+09:00,safe,1416.0,-176.0,18004.0,23.0,811.019,762.0,735.0,713.0,743.0,71.0,0.0,0.0,738.25,20.2875166871979,762.0,713.0,49.0,18060.45536524481,67.45336351880465,36.47079794770626
2026-09-05 17:50:39.893000+09:00,safe,1288.0,-200.0,18212.0,23.0,155.924,940.0,863.0,907.0,921.0,71.0,0.0,0.0,907.75,32.75540667838924,940.0,863.0,77.0,18258.583953855785,70.31838308721272,75.73783071076382
2026-09-05 17:50:40.901000+09:00,safe,1304.0,-236.0,18204.0,23.0,158.695,933.0,892.0,826.0,829.0,71.0,0.0,0.0,870.0,51.86520991955976,933.0,826.0,107.0,18252.17050106644,68.88885976701897,90.91795808927894
2026-09-05 17:50:41.889000+09:00,safe,1304.0,-216.0,17968.0,23.0,68.697,925.0,867.0,905.0,886.0,68.0,0.0,0.0,895.75,24.91819950691997,925.0,867.0,58.0,18016.55061325558,70.7721696714182,109.57164699211107
2026-09-05 17:50:42.882000+09:00,safe,1472.0,-260.0,18044.0,23.0,64.787,922.0,889.0,862.0,917.0,68.0,0.0,0.0,897.5,27.76688675382964,922.0,862.0,60.0,18105.80901257936,70.48107015362355,111.09931215283711
2026-09-05 17:50:43.926000+09:00,safe,1484.0,-252.0,18200.0,23.0,811.495,888.0,903.0,891.0,877.0,68.0,0.0,0.0,889.75,10.688779163215974,903.0,877.0,26.0,18262.140071744056,13.976095663668149,112.19014043331553
2026-09-05 17:50:44.883000+09:00,safe,1356.0,-276.0,18168.0,23.0,73.032,884.0,875.0,894.0,901.0,66.0,0.0,0.0,888.5,11.387127235025815,901.0,875.0,26.0,18220.623919064903,10.9221678251162,106.60806908442856
2026-09-05 17:50:45.885000+09:00,safe,1404.0,-264.0,18168.0,23.0,119.493,922.0,895.0,886.0,875.0,66.0,0.0,0.0,894.5,20.074859899884732,922.0,875.0,47.0,18224.081211408164,3.8947079479729623,101.92897128990316
2026-09-05 17:50:46.889000+09:00,safe,1396.0,-128.0,18036.0,23.0,147.339,921.0,880.0,889.0,903.0,66.0,0.0,0.0,898.25,17.876893839068725,921.0,880.0,41.0,18090.39789501602,4.427894533523098,77.25189988386916
2026-09-05 17:50:47.891000+09:00,safe,1364.0,-260.0,17988.0,23.0,66.946,767.0,741.0,715.0,743.0,0.0,0.0,0.0,741.5,21.252450839060106,767.0,715.0,52.0,18041.51434885664,67.75253685287366,95.91289028826343
2026-09-05 17:50:48.915000+09:00,safe,1496.0,-216.0,18068.0,24.0,62.645,923.0,887.0,887.0,895.0,0.0,0.0,0.0,898.0,17.08800749063506,923.0,887.0,36.0,18131.114030858666,68.67623315237961,80.30669999993516
2026-09-05 17:50:49.883000+09:00,safe,1360.0,-236.0,17944.0,24.0,65.484,918.0,889.0,885.0,893.0,0.0,0.0,0.0,896.25,14.863265679744362,918.0,885.0,33.0,17997.011751954822,69.44633719642817,87.22548547623302
2026-09-05 17:50:50.880000+09:00,safe,1312.0,-212.0,18052.0,24.0,61.914,907.0,845.0,825.0,883.0,70.0,0.0,0.0,865.0,36.914315199752345,907.0,825.0,82.0,18100.856112350044,67.61688953212801,52.95771610196043
2026-09-05 17:50:51.890000+09:00,safe,1352.0,-176.0,18056.0,24.0,61.37,933.0,859.0,873.0,934.0,70.0,1.0,0.0,899.75,39.39014259092411,934.0,859.0,75.0,18107.402243281613,67.83311322650614,54.929508906137706
2026-09-05 17:50:52.886000+09:00,safe,1380.0,-236.0,18124.0,24.0,61.37,919.0,879.0,851.0,915.0,70.0,0.0,0.0,891.0,32.16623488483952,919.0,851.0,68.0,18177.99416877451,14.35378869845874,66.46790861907863
2026-09-05 17:50:53.911000+09:00,safe,1352.0,-292.0,17988.0,24.0,64.226,767.0,725.0,699.0,737.0,70.0,0.0,0.0,732.0,28.21347195933177,767.0,699.0,68.0,18041.10063161336,71.08608337783141,69.04744365181868
2026-09-05 17:50:54.881000+09:00,safe,1336.0,-200.0,18076.0,24.0,62.084,921.0,916.0,890.0,837.0,70.0,0.0,0.0,891.0,38.47943173523573,921.0,837.0,84.0,18126.408138404033,70.39309270091775,49.31299654117532
2026-09-05 17:50:55.885000+09:00,safe,1348.0,-312.0,17980.0,24.0,61.642,925.0,856.0,907.0,911.0,70.0,0.0,0.0,899.75,30.170349683091178,925.0,856.0,69.0,18033.159678769553,73.19439015389088,60.69019661417579
2026-09-05 17:50:56.880000+09:00,safe,1316.0,-240.0,17916.0,24.0,61.642,872.0,875.0,871.0,893.0,70.0,0.0,0.0,877.75,10.307764064044152,893.0,871.0,22.0,17965.87075540732,71.03990955793792,83.47742824597262
2026-09-05 17:50:57.884000+09:00,safe,1428.0,-144.0,18088.0,24.0,62.509,923.0,871.0,859.0,920.0,70.0,0.0,0.0,893.25,33.00883720056393,923.0,859.0,64.0,18144.85227275218,71.30546087081969,73.3517204039221
2026-09-05 17:50:58.880000+09:00,safe,1432.0,-184.0,17992.0,24.0,62.084,889.0,891.0,873.0,878.0,70.0,0.0,0.0,882.75,8.65544144839919,891.0,873.0,18.0,18049.83501309638,8.706319543871459,72.82338822812521
2026-09-05 17:50:59.878000+09:00,safe,1376.0,-316.0,17996.0,24.0,62.067,873.0,829.0,847.0,887.0,72.0,0.0,0.0,859.0,25.974346318370873,887.0,829.0,58.0,18051.29491200008,15.716233645501651,63.943352099823095
2026-09-05 17:51:00.886000+09:00,safe,1264.0,-108.0,18116.0,25.0,56.984,937.0,901.0,879.0,909.0,72.0,0.0,0.0,906.5,23.96525262402492,937.0,879.0,58.0,18160.36387300651,17.729389442391916,79.48141512395571
2026-09-05 17:51:01.898000+09:00,safe,1396.0,-208.0,18112.0,25.0,70.414,923.0,873.0,893.0,879.0,72.0,0.0,0.0,892.0,22.300971578236975,923.0,873.0,50.0,18166.910139041258,17.64883140607326,59.05062931999381
2026-09-05 17:51:02.895000+09:00,safe,1472.0,-260.0,18316.0,25.0,58.548,915.0,889.0,891.0,891.0,75.0,0.0,0.0,896.5,12.36931687685298,915.0,889.0,26.0,18376.894188083035,18.00659601368337,133.26522213211996
2026-09-05 17:51:03.880000+09:00,safe,1372.0,-288.0,18076.0,25.0,60.656,926.0,892.0,879.0,914.0,75.0,0.0,0.0,902.75,21.187653637594387,926.0,879.0,47.0,18130.281409840278,18.92716302037888,120.74822710693387
2026-09-05 17:51:04.919000+09:00,safe,1324.0,-288.0,18072.0,25.0,56.848,903.0,883.0,823.0,879.0,75.0,0.0,0.0,872.0,34.31229128655406,903.0,823.0,80.0,18122.723415645894,13.481932354080323,105.38386688103833
2026-09-05 17:51:05.884000+09:00,safe,1380.0,-212.0,18020.0,25.0,56.814,909.0,857.0,856.0,901.0,78.0,0.0,0.0,880.75,28.194266556636414,909.0,856.0,53.0,18074.007413963292,12.360976903141509,118.06280618909825
2026-09-05 17:51:06.879000+09:00,safe,1388.0,-252.0,18096.0,23.0,56.372,935.0,911.0,885.0,920.0,78.0,0.0,0.0,912.75,20.982135258357285,935.0,885.0,50.0,18150.902567090157,16.49564336423401,118.5247971174259
2026-09-05 17:51:07.877000+09:00,safe,1312.0,-204.0,18028.0,23.0,56.831,891.0,873.0,841.0,857.0,78.0,0.0,0.0,865.5,21.439838307848003,891.0,841.0,50.0,18076.828925450394,20.230700679907198,34.04969428321424
2026-09-05 17:51:08.886000+09:00,safe,1312.0,-228.0,18136.0,23.0,56.831,889.0,886.0,831.0,847.0,81.0,0.0,0.0,863.25,28.77933286231632,889.0,831.0,58.0,18184.824002447756,20.13284008777693,47.76596440483536
2026-09-05 17:51:09.884000+09:00,safe,1344.0,-276.0,18040.0,19.0,56.831,925.0,861.0,888.0,907.0,81.0,0.0,0.0,895.25,27.378519560658013,925.0,861.0,64.0,18092.10081776022,20.82816602584101,49.5567771659563
2026-09-05 17:51:10.892000+09:00,safe,1352.0,-208.0,18108.0,19.0,58.123,919.0,883.0,887.0,925.0,78.0,0.0,0.0,903.5,21.563858652847824,925.0,883.0,42.0,18159.593387518344,22.495416199750515,46.209462050068055
2026-09-05 17:51:11.877000+09:00,safe,1336.0,-248.0,18180.0,16.0,56.831,919.0,905.0,888.0,893.0,78.0,0.0,0.0,901.25,13.81725973797506,919.0,888.0,31.0,18230.710353686165,19.760282133613313,64.26150516640294
2026-09-05 17:51:12.892000+09:00,safe,1480.0,-192.0,18156.0,16.0,123.862,895.0,919.0,889.0,883.0,78.0,0.0,0.0,896.5,15.7797338380595,919.0,883.0,36.0,18217.23359898533,16.394930618944304,54.94443339294816
2026-09-05 17:51:13.893000+09:00,safe,1336.0,-264.0,18056.0,16.0,62.356,932.0,886.0,879.0,910.0,78.0,0.0,0.0,901.75,24.143667216615345,932.0,879.0,53.0,18107.283838279003,3.573338774871067,62.56099854144767
2026-09-05 17:51:14.888000+09:00,safe,1352.0,-236.0,18108.0,15.0,64.192,907.0,901.0,885.0,907.0,78.0,0.0,0.0,900.0,10.392304845413264,907.0,885.0,22.0,18159.935682705487,2.6136660077364695,49.84246304539419
2026-09-05 17:51:15.881000+09:00,safe,1316.0,-204.0,18096.0,15.0,63.223,904.0,921.0,869.0,918.0,78.0,0.0,0.0,903.0,23.84673283002656,921.0,869.0,52.0,18144.935601979963,2.4811791551593196,51.378967301295546
2026-09-05 17:51:16.883000+09:00,safe,1248.0,-244.0,18036.0,15.0,61.387,919.0,875.0,873.0,907.0,78.0,0.0,0.0,893.5,23.057898140695016,919.0,873.0,46.0,18080.772549866335,3.9067249711231518,52.307762861192515
2026-09-05 17:51:17.879000+09:00,safe,1412.0,-164.0,17884.0,17.0,63.087,924.0,889.0,863.0,917.0,78.0,0.0,0.0,898.25,27.944886234634534,924.0,863.0,61.0,17940.404008828787,3.705570131571813,87.4874147938549
2026-09-05 17:51:18.879000+09:00,safe,1360.0,-332.0,18076.0,17.0,62.645,883.0,861.0,847.0,873.0,78.0,0.0,0.0,866.0,15.534906930308058,883.0,847.0,36.0,18130.129618951985,15.018322143302058,89.40886505250779
2026-09-05 17:51:19.885000+09:00,safe,1420.0,-212.0,18392.0,17.0,62.22,891.0,836.0,819.0,883.0,78.0,0.0,0.0,857.25,35.19824806246281,891.0,819.0,72.0,18447.954032900234,20.573496299851346,185.68337805281678
2026-09-05 17:51:20.876000+09:00,safe,1332.0,-288.0,17936.0,18.0,63.053,859.0,851.0,877.0,872.0,78.0,0.0,0.0,864.75,11.89887949906769,877.0,851.0,26.0,17987.69757361959,18.57030559791619,199.32378302135575
2026-09-05 17:51:21.880000+09:00,safe,1404.0,-172.0,18128.0,18.0,62.22,915.0,907.0,873.0,884.0,78.0,0.0,0.0,894.75,19.56825660774783,915.0,873.0,42.0,18183.101605611733,18.871605655057476,199.87652039511045
2026-09-05 17:51:22.910000+09:00,safe,1360.0,-292.0,17948.0,18.0,62.492,831.0,877.0,851.0,858.0,80.0,0.0,0.0,854.25,18.997806890972093,877.0,831.0,46.0,18001.82124119668,16.06976975566226,186.122323408886
2026-09-05 17:51:23.898000+09:00,safe,1384.0,-216.0,18036.0,19.0,61.948,922.0,903.0,875.0,894.0,80.0,0.0,0.0,898.5,19.53629101612347,922.0,875.0,47.0,18090.312545669298,21.136165688222587,188.03455202438587
2026-09-05 17:51:24.883000+09:00,safe,1332.0,-280.0,17952.0,19.0,62.492,921.0,875.0,896.0,914.0,80.0,0.0,0.0,901.5,20.566963801203133,921.0,875.0,46.0,18003.52543253682,21.6787626491919,83.14089476793191
2026-09-05 17:51:25.879000+09:00,safe,1304.0,-228.0,18148.0,19.0,61.642,934.0,891.0,901.0,893.0,83.0,0.0,0.0,904.75,19.972898304118676,934.0,891.0,43.0,18196.216749643318,20.735687835227406,93.64637343745996
2026-09-05 17:51:26.878000+09:00,safe,1372.0,-288.0,18096.0,21.0,63.07,925.0,902.0,841.0,905.0,83.0,0.0,0.0,893.25,36.29853073243231,925.0,841.0,84.0,18150.22159644339,20.674108203257468,86.8181877482764
2026-09-05 17:51:27.888000+09:00,safe,1372.0,-220.0,18144.0,21.0,64.328,905.0,876.0,845.0,878.0,83.0,0.0,0.0,876.0,24.535688292770594,905.0,845.0,60.0,18197.129443953516,11.329441733818882,81.91324748340946
2026-09-05 17:51:28.879000+09:00,safe,1356.0,-116.0,18220.0,21.0,62.645,911.0,864.0,867.0,885.0,86.0,0.0,0.0,881.75,21.592822881689184,911.0,864.0,47.0,18270.757838688576,12.388754981837243,99.33997528089355
2026-09-05 17:51:29.915000+09:00,safe,1320.0,-268.0,18156.0,20.0,61.489,895.0,905.0,883.0,883.0,86.0,0.0,0.0,891.5,10.63014581273465,905.0,883.0,22.0,18205.893551265206,11.100957165938315,43.18589228669212
2026-09-05 17:51:30.896000+09:00,safe,1372.0,-232.0,18040.0,20.0,57.256,904.0,907.0,851.0,895.0,86.0,0.0,0.0,889.25,26.004807247891687,907.0,851.0,56.0,18093.584719452363,7.259907024197858,66.13125507952222
2026-09-05 17:51:31.881000+09:00,safe,1276.0,-188.0,17956.0,20.0,63.189,758.0,735.0,711.0,745.0,89.0,0.0,0.0,737.25,19.872510326243805,758.0,711.0,47.0,18002.26252447175,66.19445784958131,105.9005694413393
2026-09-05 17:51:32.882000+09:00,safe,1228.0,-296.0,17880.0,20.0,60.673,903.0,877.0,895.0,921.0,89.0,0.0,0.0,899.0,18.257418583505537,921.0,877.0,44.0,17924.564150907547,68.75522707401959,142.07521363739005
2026-09-05 17:51:34.324000+09:00,safe,1352.0,-196.0,17992.0,20.0,63.988,903.0,858.0,843.0,871.0,89.0,0.0,0.0,868.75,25.53918557824427,903.0,843.0,60.0,18043.790732548412,67.9564658439504,105.08714674666386
2026-09-05 17:51:34.941000+09:00,safe,1292.0,-260.0,18120.0,20.0,62.781,880.0,845.0,859.0,875.0,90.0,0.0,0.0,864.75,15.924300089276556,880.0,845.0,35.0,18167.863495744346,65.58782280271237,91.89488129607614
2026-09-05 17:51:35.918000+09:00,safe,1392.0,-216.0,18060.0,19.0,63.087,903.0,875.0,840.0,893.0,90.0,0.0,0.0,877.75,27.70529431955801,903.0,840.0,63.0,18114.853573794077,64.13170042966267,95.06200571809829
2026-09-05 17:51:36.883000+09:00,safe,1332.0,-252.0,18028.0,19.0,62.373,927.0,855.0,895.0,903.0,90.0,0.0,0.0,895.0,29.93325909419153,927.0,855.0,72.0,18078.896869001714,15.367782858955149,91.41460966742255
2026-09-05 17:51:37.879000+09:00,safe,1364.0,-212.0,18312.0,19.0,64.498,750.0,735.0,725.0,742.0,90.0,0.0,0.0,738.0,10.614455552060438,750.0,725.0,25.0,18363.953387002482,63.050723627885475,126.08681970456773
2026-09-05 17:51:38.881000+09:00,safe,1392.0,-236.0,18104.0,19.0,61.506,920.0,901.0,879.0,892.0,90.0,0.0,0.0,898.0,17.224014243685083,920.0,879.0,41.0,18158.969574290277,66.61489135321017,110.50622220318283
2026-09-05 17:51:39.889000+09:00,safe,1268.0,-196.0,17996.0,19.0,65.042,874.0,825.0,879.0,887.0,90.0,0.0,0.0,866.25,28.01636426566921,887.0,825.0,62.0,18041.68107466707,66.67481721009811,126.35907338594961
2026-09-05 17:51:40.877000+09:00,safe,1216.0,-108.0,18180.0,19.0,64.294,878.0,844.0,859.0,883.0,90.0,0.0,0.0,866.0,17.944358444926362,883.0,844.0,39.0,18220.941797832515,65.87478652716831,127.53280179132132
2026-09-05 17:51:41.892000+09:00,safe,1400.0,-308.0,18080.0,18.0,63.002,872.0,845.0,845.0,892.0,90.0,0.0,0.0,863.5,22.869193252058544,892.0,845.0,47.0,18136.737964694752,62.21675819262842,119.22853420426385
2026-09-05 17:51:42.880000+09:00,safe,1352.0,-236.0,18172.0,18.0,62.628,923.0,881.0,892.0,937.0,90.0,0.0,0.0,908.25,26.145426623662757,937.0,881.0,56.0,18223.753290691795,21.086577484266968,74.59178608798555
2026-09-05 17:51:44.347000+09:00,safe,1392.0,-256.0,18168.0,18.0,62.22,916.0,872.0,878.0,918.0,85.0,0.0,0.0,896.0,24.385788210895843,918.0,872.0,46.0,18223.046507101935,20.684384206448946,80.4170012945564
2026-09-05 17:51:44.884000+09:00,safe,1256.0,-176.0,18128.0,17.0,62.22,923.0,893.0,891.0,914.0,85.0,0.0,0.0,905.25,15.75595125658873,923.0,891.0,32.0,18172.311245408495,21.538773177690388,39.35396456142504
2026-09-05 17:51:47.319000+09:00,safe,1372.0,-212.0,18168.0,17.0,63.07,927.0,921.0,883.0,915.0,85.0,0.0,0.0,911.5,19.621416870348583,927.0,883.0,44.0,18220.964628690766,19.54529994653434,39.3576762416545
2026-09-05 17:51:47.487000+09:00,safe,1424.0,-204.0,18032.0,17.0,65.195,933.0,875.0,891.0,905.0,82.0,0.0,0.0,901.0,24.60352278299458,933.0,875.0,58.0,18089.290091100866,6.084303575594776,58.224539363211996
2026-09-05 17:51:47.889000+09:00,safe,1324.0,-220.0,17960.0,16.0,63.478,937.0,883.0,875.0,904.0,82.0,0.0,0.0,899.75,27.681221071332818,937.0,875.0,62.0,18010.079844353826,5.925052742380896,92.05637126782698
2026-09-05 17:51:48.887000+09:00,safe,1392.0,-232.0,18304.0,16.0,63.495,927.0,927.0,870.0,877.0,82.0,0.0,0.0,900.25,31.0201547384922,927.0,870.0,57.0,18358.31974882233,4.947853069766244,132.43434424767509
2026-09-05 17:51:49.902000+09:00,safe,1312.0,-224.0,18180.0,16.0,63.478,873.0,875.0,855.0,875.0,79.0,0.0,0.0,869.5,9.71253485622231,875.0,855.0,20.0,18228.656560481904,15.802096379910958,135.03143300261434
2026-09-05 17:51:50.879000+09:00,safe,1400.0,-124.0,18292.0,15.0,62.56,895.0,863.0,855.0,862.0,79.0,0.0,0.0,868.75,17.858238061652855,895.0,855.0,40.0,18345.91616682034,17.101352285711066,154.35028820373796
2026-09-05 17:51:51.894000+09:00,safe,1296.0,-220.0,18108.0,15.0,63.342,915.0,879.0,829.0,887.0,79.0,0.0,0.0,877.5,35.828294219327084,915.0,829.0,86.0,18155.651461734993,15.760512364767687,144.28183994240487
2026-09-05 17:51:52.910000+09:00,safe,1380.0,-284.0,18124.0,15.0,62.934,869.0,847.0,855.0,903.0,79.0,0.0,0.0,868.5,24.73189573539939,903.0,847.0,56.0,18178.68070020484,13.576864512839293,93.96458510741645
2026-09-05 17:51:53.872000+09:00,safe,1312.0,-228.0,18056.0,16.0,63.92,875.0,870.0,872.0,891.0,79.0,0.0,0.0,877.0,9.556847457887633,891.0,870.0,21.0,18105.03974035959,4.582575694955272,91.53222377970212
2026-09-05 17:51:54.920000+09:00,safe,1384.0,-232.0,18244.0,16.0,811.121,925.0,857.0,889.0,908.0,79.0,0.0,0.0,894.75,29.14761282392322,925.0,857.0,68.0,18297.89102601718,10.667415338309231,101.15481283861172
2026-09-05 17:51:55.877000+09:00,safe,1264.0,-320.0,18080.0,16.0,65.637,875.0,869.0,847.0,893.0,79.0,0.0,0.0,871.0,18.973665961010276,893.0,847.0,46.0,18126.95495663847,10.256095748382771,75.2821876046216
2026-09-05 17:51:56.875000+09:00,safe,1328.0,-244.0,18108.0,17.0,66.011,743.0,743.0,725.0,759.0,79.0,0.0,0.0,742.5,13.892443989449804,759.0,725.0,34.0,18158.270402216174,61.37640018769425,75.14164608980614
2026-09-05 17:51:57.887000+09:00,safe,1336.0,-324.0,18084.0,17.0,69.037,907.0,866.0,807.0,875.0,79.0,0.0,0.0,863.75,41.72429348313362,907.0,807.0,100.0,18136.17732599679,61.068967160088725,76.77666966925405
2026-09-05 17:51:58.880000+09:00,safe,1276.0,-108.0,18228.0,17.0,62.475,907.0,889.0,849.0,867.0,79.0,0.0,0.0,878.0,25.32455988429677,907.0,849.0,58.0,18272.92598354188,61.18184984127233,80.6830478276723
2026-09-05 17:51:59.892000+09:00,safe,1392.0,-228.0,17996.0,18.0,66.351,931.0,887.0,869.0,920.0,79.0,0.0,0.0,901.75,28.74456470360962,931.0,869.0,62.0,18051.19563907056,62.52714410558022,80.09312189045552
2026-09-05 17:52:00.894000+09:00,safe,1380.0,-220.0,18220.0,18.0,69.037,869.0,852.0,869.0,891.0,79.0,0.0,0.0,870.25,15.986973864159951,891.0,852.0,39.0,18273.51088324299,62.46924243177594,95.32856960890035
2026-09-05 17:52:01.901000+09:00,safe,1280.0,-216.0,18168.0,18.0,60.639,885.0,863.0,841.0,905.0,79.0,0.0,0.0,873.5,27.63451947595012,905.0,841.0,64.0,18214.315249275773,14.542394919682092,95.66196409688439
2026-09-05 17:52:02.886000+09:00,safe,1352.0,-324.0,18096.0,19.0,177.531,927.0,845.0,895.0,877.0,79.0,0.0,0.0,886.0,34.27341049073854,927.0,845.0,82.0,18149.32770104722,12.573036626050023,93.99132545944295
2026-09-05 17:52:03.929000+09:00,safe,1284.0,-352.0,18200.0,19.0,811.359,933.0,914.0,883.0,915.0,79.0,0.0,0.0,911.25,20.758532382292028,933.0,883.0,50.0,18248.631729529752,17.73009447239342,89.28881140819475
2026-09-05 17:52:04.897000+09:00,safe,1332.0,-136.0,17996.0,19.0,62.645,938.0,905.0,857.0,905.0,82.0,0.0,0.0,901.25,33.350412291304586,938.0,857.0,81.0,18045.74010673987,17.63820427367807,91.37815822934452
2026-09-05 17:52:05.874000+09:00,safe,1316.0,-216.0,18176.0,20.0,65.62,933.0,889.0,889.0,909.0,82.0,0.0,0.0,905.0,20.912516188477497,933.0,889.0,44.0,18224.859066670448,15.37510162568024,81.8657962376743
2026-09-05 17:52:07.137000+09:00,safe,1364.0,-232.0,18104.0,20.0,811.121,939.0,902.0,925.0,901.0,82.0,0.0,0.0,916.75,18.518009252256753,939.0,901.0,38.0,18156.793108916565,11.701228567975054,79.23579598664244
2026-09-05 17:52:07.874000+09:00,safe,1488.0,-264.0,18192.0,20.0,58.956,924.0,843.0,877.0,918.0,85.0,0.0,0.0,890.5,37.93415347678132,924.0,843.0,81.0,18254.662527694123,10.017796663937434,87.56867189887528
2026-09-05 17:52:08.947000+09:00,safe,1452.0,-144.0,18136.0,21.0,810.985,928.0,885.0,855.0,895.0,85.0,0.0,0.0,890.75,30.092911679219966,928.0,855.0,73.0,18194.60183680863,10.946746091875712,81.01749633095504
2026-09-05 17:52:09.879000+09:00,safe,1488.0,-224.0,18132.0,21.0,56.678,904.0,893.0,877.0,876.0,85.0,0.0,0.0,887.5,13.478377746103819,904.0,876.0,28.0,18194.33274401675,12.44563176379553,36.764634002602975
2026-09-05 17:52:10.869000+09:00,safe,1324.0,-212.0,18008.0,21.0,50.116,883.0,885.0,843.0,869.0,86.0,0.0,0.0,870.0,19.356308187943966,885.0,843.0,42.0,18057.851034937685,16.707595578059593,72.63488330308141
2026-09-05 17:52:11.886000+09:00,safe,1400.0,-184.0,18072.0,22.0,70.397,909.0,883.0,873.0,857.0,86.0,0.0,0.0,880.5,21.80978373727412,909.0,857.0,52.0,18127.08029441035,8.777812939451184,75.31992149769803
2026-09-05 17:52:12.876000+09:00,safe,1332.0,-256.0,18052.0,22.0,49.963,890.0,875.0,843.0,853.0,86.0,0.0,0.0,865.25,21.234798484249072,890.0,843.0,47.0,18102.88551585078,10.982087688595302,59.40994151631238
2026-09-05 17:52:13.899000+09:00,safe,1252.0,-220.0,17976.0,23.0,71.587,920.0,861.0,895.0,888.0,86.0,0.0,0.0,891.0,24.26245384677046,920.0,861.0,59.0,18020.89010010327,11.050452479423466,66.47066780933552
2026-09-05 17:52:14.944000+09:00,safe,1392.0,-256.0,17992.0,23.0,78.727,941.0,873.0,882.0,917.0,86.0,1.0,0.0,903.25,31.52115691616241,941.0,873.0,68.0,18047.583328523517,15.486889616704715,42.992994876566854
2026-09-05 17:52:15.894000+09:00,safe,1324.0,-220.0,18088.0,23.0,56.661,891.0,883.0,831.0,871.0,86.0,0.0,0.0,869.0,26.633312473917574,891.0,831.0,60.0,18137.726428634873,15.68578177841309,50.881900697612
2026-09-05 17:52:16.869000+09:00,safe,1352.0,-236.0,18072.0,23.0,58.089,925.0,861.0,907.0,909.0,86.0,0.0,0.0,900.5,27.537852736430512,925.0,861.0,64.0,18124.038843480776,17.693042417854436,50.301305262032315
2026-09-05 17:52:17.892000+09:00,safe,1320.0,-212.0,18020.0,23.0,81.43,892.0,895.0,877.0,890.0,86.0,0.0,0.0,888.5,7.937253933193772,895.0,877.0,18.0,18069.52528430119,13.500462955024789,49.81538337160979
2026-09-05 17:52:18.931000+09:00,safe,1352.0,-168.0,18060.0,23.0,811.58,761.0,764.0,743.0,763.0,86.0,0.0,0.0,757.75,9.912113800799505,764.0,743.0,21.0,18111.31491637203,60.800750406553334,38.03334250235823
2026-09-05 17:52:19.958000+09:00,safe,1424.0,-220.0,18076.0,24.0,811.053,905.0,903.0,888.0,915.0,86.0,0.0,0.0,902.75,11.146748404803978,915.0,888.0,27.0,18133.338137254264,60.720002882081566,27.458286805528257
2026-09-05 17:52:20.900000+09:00,safe,1432.0,-116.0,18412.0,24.0,71.043,925.0,883.0,869.0,921.0,86.0,0.0,0.0,899.5,27.778888866667554,925.0,869.0,56.0,18467.967511342442,62.87919966093712,162.13337218125935
2026-09-05 17:52:21.876000+09:00,safe,1508.0,-172.0,18460.0,24.0,142.681,907.0,877.0,829.0,873.0,87.0,0.0,0.0,871.5,32.14031735997639,907.0,829.0,78.0,18522.29057109298,60.6369833517466,215.91317235253857
2026-09-05 17:52:22.871000+09:00,safe,1480.0,-212.0,18096.0,24.0,71.213,941.0,869.0,911.0,892.0,87.0,0.0,0.0,903.25,30.467195473164246,941.0,869.0,72.0,18157.658439347295,62.45833611296408,199.3472352482493
2026-09-05 17:52:23.926000+09:00,safe,1460.0,-248.0,18152.0,24.0,811.461,907.0,871.0,882.0,905.0,87.0,0.0,0.0,891.25,17.63282923034947,907.0,871.0,36.0,18212.309244025044,13.28133088210635,182.58207966627654
2026-09-05 17:52:24.917000+09:00,safe,1308.0,-176.0,18040.0,24.0,811.444,884.0,893.0,871.0,877.0,87.0,0.0,0.0,881.25,9.464847243000456,893.0,871.0,22.0,18088.212736475652,13.077413735138604,193.58402492051493
2026-09-05 17:52:25.874000+09:00,safe,1396.0,-216.0,18076.0,23.0,69.156,866.0,856.0,861.0,891.0,87.0,0.0,0.0,868.5,15.545631755148024,891.0,856.0,35.0,18131.1127071672,14.348998222872277,173.61394279104692
2026-09-05 17:52:26.881000+09:00,safe,1352.0,-232.0,18076.0,23.0,70.397,911.0,889.0,884.0,905.0,87.0,0.0,0.0,897.25,12.816005617976296,911.0,884.0,27.0,18127.975728139092,13.729985433349592,45.788350950346214
2026-09-05 17:52:27.916000+09:00,safe,1396.0,-124.0,18284.0,23.0,812.158,885.0,921.0,874.0,887.0,85.0,0.0,0.0,891.75,20.320351046836436,921.0,874.0,47.0,18337.63474388123,11.357816691600185,99.26287814108551
2026-09-05 17:52:28.870000+09:00,safe,1312.0,-316.0,17992.0,23.0,69.19,933.0,870.0,875.0,910.0,85.0,0.0,0.0,897.0,29.87752778706208,933.0,870.0,63.0,18042.540397626937,12.276247390794625,113.26116311023434
2026-09-05 17:52:29.875000+09:00,safe,1380.0,-264.0,18048.0,23.0,69.173,904.0,886.0,903.0,917.0,85.0,0.0,0.0,902.5,12.7148207485071,917.0,886.0,31.0,18102.607546980627,13.35407241256359,111.61204069524572
2026-09-05 17:52:30.891000+09:00,safe,1440.0,-116.0,18348.0,23.0,69.173,877.0,868.0,933.0,887.0,79.0,0.0,0.0,891.25,28.894924583162812,933.0,868.0,65.0,18404.78633399475,4.621282289580693,158.3498890760489
2026-09-05 17:52:31.921000+09:00,safe,1304.0,-248.0,18100.0,22.0,71.757,938.0,902.0,855.0,907.0,79.0,0.0,0.0,900.5,34.25881881598761,938.0,855.0,83.0,18148.60655808043,5.057791019802237,156.1562782482584
2026-09-05 17:52:34.313000+09:00,safe,1384.0,-256.0,17996.0,22.0,69.547,933.0,903.0,911.0,913.0,79.0,0.0,0.0,915.0,12.754084313139327,933.0,903.0,30.0,18050.955874966843,8.79275269753404,148.76266035197492
2026-09-05 17:52:34.392000+09:00,safe,1432.0,-212.0,18060.0,22.0,69.19,924.0,913.0,891.0,960.0,73.0,0.0,0.0,922.0,28.809720581775867,960.0,891.0,69.0,18117.923942880432,12.214233500305786,138.63735413229057
2026-09-05 17:52:34.889000+09:00,safe,1312.0,-252.0,17976.0,22.0,66.572,904.0,908.0,867.0,901.0,73.0,0.0,0.0,895.0,18.88562063228706,908.0,867.0,41.0,18025.57693944912,13.209844813622608,151.02715236843264
2026-09-05 17:52:35.875000+09:00,safe,1240.0,-116.0,17908.0,22.0,67.065,905.0,895.0,875.0,895.0,73.0,0.0,0.0,892.5,12.583057392117917,905.0,875.0,30.0,17951.253995194875,12.898643339514127,77.92991010873773
2026-09-05 17:52:36.918000+09:00,safe,1296.0,-160.0,18208.0,22.0,811.614,916.0,919.0,889.0,924.0,70.0,0.0,0.0,912.0,15.684387141358123,924.0,889.0,35.0,18254.76595303265,12.920913280414515,114.41403192497849
2026-09-05 17:52:37.869000+09:00,safe,1432.0,-212.0,18084.0,21.0,73.032,919.0,893.0,891.0,891.0,70.0,0.0,0.0,898.5,13.69914839202301,919.0,891.0,28.0,18141.847314978702,12.564831873128748,115.83849729510939
2026-09-05 17:52:38.875000+09:00,safe,1348.0,-148.0,18104.0,21.0,75.565,927.0,885.0,895.0,927.0,70.0,0.0,0.0,908.5,21.748563170931547,927.0,885.0,42.0,18154.719055936945,8.533756499923829,118.5362867775066
2026-09-05 17:52:39.875000+09:00,safe,1376.0,-300.0,18152.0,21.0,74.936,930.0,877.0,895.0,905.0,0.0,0.0,0.0,901.75,22.11146007541489,930.0,877.0,53.0,18206.550469542548,7.789415895944463,115.57314815791914
2026-09-05 17:52:40.871000+09:00,safe,1356.0,-280.0,18160.0,21.0,75.718,773.0,747.0,733.0,741.0,0.0,0.0,0.0,748.5,17.31088289679838,773.0,733.0,40.0,18212.70809078101,70.27570704019985,45.996829474837824
2026-09-05 17:52:41.921000+09:00,safe,1392.0,-176.0,18148.0,21.0,74.834,928.0,855.0,882.0,922.0,0.0,0.0,0.0,896.75,34.519318262870335,928.0,855.0,73.0,18202.157674297847,68.5149162591621,32.7711300248924
2026-09-05 17:52:42.918000+09:00,safe,1392.0,-256.0,18000.0,21.0,811.41,902.0,878.0,883.0,893.0,64.0,0.0,0.0,889.0,10.677078252031311,902.0,878.0,24.0,18055.558700854428,67.6813766851709,66.06309497308693
2026-09-05 17:52:43.916000+09:00,safe,1384.0,-300.0,18144.0,21.0,811.427,901.0,893.0,887.0,895.0,64.0,0.0,0.0,894.0,5.773502691896258,901.0,887.0,14.0,18199.18108047722,65.84617490788659,67.09238561868388
2026-09-05 17:52:44.867000+09:00,safe,1340.0,-172.0,18308.0,21.0,85.595,935.0,853.0,877.0,915.0,64.0,0.0,0.0,895.0,36.914315199752345,935.0,853.0,82.0,18357.778950624717,64.99365353632611,106.9746766557228
2026-09-05 17:52:45.918000+09:00,safe,1412.0,-196.0,18152.0,21.0,810.883,894.0,883.0,830.0,868.0,64.0,0.0,0.0,868.75,27.944886234634534,894.0,830.0,64.0,18207.890157840913,11.518192132448378,106.91493929101348
2026-09-05 17:52:46.876000+09:00,safe,1408.0,-384.0,17928.0,21.0,158.644,879.0,871.0,837.0,868.0,64.0,0.0,0.0,863.75,18.427786989579985,879.0,837.0,42.0,17987.303966965144,14.75275398018946,144.62463894242603
2026-09-05 17:52:47.872000+09:00,safe,1364.0,-268.0,18028.0,21.0,119.578,884.0,916.0,788.0,875.0,64.0,0.0,0.0,865.75,54.738012386275045,916.0,788.0,128.0,18081.51276857111,15.669835672399254,140.26992778049174
2026-09-05 17:52:48.879000+09:00,safe,1460.0,-168.0,18168.0,21.0,70.278,935.0,845.0,885.0,909.0,64.0,0.0,0.0,893.5,38.240467221692434,935.0,845.0,90.0,18227.34341586837,15.538862570986215,142.4471042503069
2026-09-05 17:52:50.324000+09:00,safe,1340.0,-228.0,18128.0,21.0,66.062,951.0,887.0,901.0,915.0,64.0,1.0,0.0,913.5,27.48939189335891,951.0,887.0,64.0,18178.887974790978,21.752442391602763,100.53461434381316
2026-09-05 17:52:50.877000+09:00,safe,1340.0,-184.0,18236.0,21.0,62.798,904.0,891.0,823.0,851.0,64.0,0.0,0.0,867.25,37.133767202731626,904.0,823.0,81.0,18286.091763960936,21.9737058777075,118.82041900200159
2026-09-05 17:52:51.867000+09:00,safe,1336.0,-292.0,18232.0,21.0,59.534,888.0,885.0,885.0,893.0,64.0,0.0,0.0,887.75,3.774917217635375,893.0,885.0,8.0,18283.21590968066,19.85053525726692,85.0269091678309
2026-09-05 17:52:52.875000+09:00,safe,1412.0,-248.0,18012.0,22.0,69.173,879.0,870.0,871.0,885.0,64.0,0.0,0.0,876.25,7.088723439378913,885.0,870.0,15.0,18068.962117398994,17.66759038465623,89.86784058783667
2026-09-05 17:52:53.912000+09:00,safe,1416.0,-200.0,18120.0,22.0,811.257,901.0,861.0,825.0,903.0,64.0,0.0,0.0,872.5,37.107950630558946,903.0,825.0,78.0,18176.343306616982,18.409746060171425,90.14504376395932
2026-09-05 17:52:54.936000+09:00,safe,1348.0,-268.0,18184.0,22.0,811.325,885.0,905.0,891.0,887.0,64.0,0.0,0.0,892.0,9.018499505645789,905.0,885.0,20.0,18235.865320845074,10.408229916753275,90.61450264261913
2026-09-05 17:52:55.910000+09:00,safe,1368.0,-216.0,18028.0,22.0,811.427,907.0,832.0,854.0,863.0,64.0,0.0,0.0,864.0,31.485446373417247,907.0,832.0,75.0,18081.118991920826,11.392157390064357,93.94249265987656
2026-09-05 17:52:56.919000+09:00,safe,1392.0,-232.0,18096.0,22.0,811.019,763.0,727.0,756.0,760.0,64.0,1.0,0.0,751.5,16.583123951777,763.0,727.0,36.0,18150.942234495706,56.67836888972722,69.11777093559304
2026-09-05 17:52:57.918000+09:00,safe,1332.0,-188.0,18088.0,22.0,811.07,877.0,904.0,858.0,890.0,64.0,0.0,0.0,882.25,19.56825660774783,904.0,858.0,46.0,18137.95225487155,57.39893291691055,56.45750506224155
2026-09-05 17:52:58.912000+09:00,safe,1372.0,-220.0,18176.0,22.0,811.274,921.0,875.0,861.0,923.0,64.0,0.0,0.0,895.0,31.706991868250974,923.0,861.0,62.0,18229.036178580587,60.17848452727933,65.32244886150666
2026-09-05 17:52:59.870000+09:00,safe,1352.0,-264.0,18056.0,22.0,74.205,878.0,859.0,843.0,877.0,64.0,0.0,0.0,864.25,16.640813281407453,878.0,843.0,35.0,18108.471387723483,57.35105709575019,55.9041146187632
2026-09-05 17:53:00.910000+09:00,safe,1356.0,-216.0,18000.0,22.0,811.512,921.0,918.0,879.0,892.0,62.0,0.0,0.0,902.5,20.37154878746336,921.0,879.0,42.0,18052.296031253198,61.87199487651904,64.51095270958521
2026-09-05 17:53:01.922000+09:00,safe,1344.0,-180.0,18108.0,22.0,811.24,909.0,870.0,827.0,853.0,62.0,0.0,0.0,864.75,34.39355559791204,909.0,827.0,82.0,18158.700394026,17.33223153549471,65.05899624010218
2026-09-05 17:53:02.925000+09:00,safe,1288.0,-168.0,17864.0,22.0,811.393,790.0,723.0,731.0,781.0,62.0,0.0,0.0,756.25,34.13087556255577,790.0,723.0,67.0,17911.16031975595,58.686508245081306,120.1858310746065
2026-09-05 17:53:03.909000+09:00,safe,1212.0,-284.0,18108.0,22.0,811.036,915.0,903.0,879.0,895.0,62.0,0.0,0.0,898.0,15.0996688705415,915.0,879.0,36.0,18150.73728530056,59.19105717927325,101.50496718247187
2026-09-05 17:53:04.941000+09:00,safe,1208.0,-208.0,18148.0,21.0,395.08,933.0,928.0,857.0,915.0,62.0,0.0,0.0,908.25,34.99880950356264,933.0,857.0,76.0,18189.349411125182,63.615888345601164,113.6379201380692
2026-09-05 17:53:05.872000+09:00,safe,1368.0,-148.0,17908.0,21.0,109.803,933.0,872.0,861.0,907.0,62.0,0.0,0.0,893.25,32.96841923214801,933.0,861.0,72.0,17960.784838085445,62.41033568248127,128.16257396584103
2026-09-05 17:53:06.916000+09:00,safe,1264.0,-164.0,17984.0,21.0,811.257,885.0,863.0,895.0,887.0,62.0,0.0,0.0,882.5,13.69914839202301,895.0,863.0,32.0,18029.11112617591,62.95896481042231,119.6063508419663
2026-09-05 17:53:07.908000+09:00,safe,1264.0,-140.0,18060.0,22.0,811.291,908.0,885.0,868.0,875.0,62.0,0.0,0.0,884.0,17.45470328211473,908.0,868.0,40.0,18104.72026848247,10.590974931515776,92.37589318887899
2026-09-05 17:53:08.913000+09:00,safe,1340.0,-276.0,18036.0,22.0,811.376,943.0,857.0,873.0,905.0,62.0,0.0,0.0,894.5,37.995613781944186,943.0,857.0,86.0,18087.81556739232,10.306248104911683,85.54551534527901
2026-09-05 17:53:09.908000+09:00,safe,1384.0,-296.0,18236.0,22.0,811.036,919.0,871.0,879.0,921.0,62.0,0.0,0.0,897.5,26.197964297504747,921.0,871.0,50.0,18290.838362415212,6.683935966180077,123.34222593943362
2026-09-05 17:53:11.330000+09:00,safe,1372.0,-196.0,18056.0,21.0,811.206,920.0,891.0,903.0,915.0,62.0,0.0,0.0,907.25,12.971121771072847,920.0,891.0,29.0,18109.111960557315,10.20661550172219,98.4137975769687
2026-09-05 17:53:11.876000+09:00,safe,1356.0,-164.0,17984.0,21.0,182.682,918.0,869.0,877.0,908.0,62.0,0.0,0.0,893.0,23.678400846904054,918.0,869.0,49.0,18035.79463178709,8.38525491562396,96.82998862082538
2026-09-05 17:53:12.910000+09:00,safe,1352.0,-172.0,18132.0,21.0,811.257,889.0,870.0,841.0,893.0,62.0,0.0,0.0,873.25,23.725864929790582,893.0,841.0,52.0,18183.14912219553,12.405391972847772,98.920547926712
2026-09-05 17:53:13.921000+09:00,safe,1324.0,-308.0,18080.0,22.0,811.427,887.0,889.0,868.0,901.0,62.0,0.0,0.0,886.25,13.647344063956181,901.0,868.0,33.0,18131.029755642674,12.717360182050204,94.88002363370724
2026-09-05 17:53:14.995000+09:00,safe,1212.0,-204.0,18004.0,22.0,83.946,915.0,883.0,856.0,874.0,62.0,1.0,0.0,882.0,24.698178070456937,915.0,856.0,59.0,18045.90191705585,12.762983585353236,61.244606214806005
2026-09-05 17:53:15.915000+09:00,safe,1376.0,-224.0,18028.0,23.0,811.036,877.0,843.0,864.0,873.0,63.0,0.0,0.0,864.25,15.173990905493518,877.0,843.0,34.0,18081.823359384973,11.240273573183007,61.55581933941051
2026-09-05 17:53:16.908000+09:00,safe,1352.0,-196.0,17968.0,23.0,811.835,895.0,887.0,875.0,883.0,63.0,0.0,0.0,885.0,8.32666399786453,895.0,875.0,20.0,18019.859710885656,9.281365740018886,65.69566316986914
2026-09-05 17:53:17.874000+09:00,safe,1392.0,-136.0,18096.0,23.0,254.932,875.0,845.0,859.0,877.0,66.0,0.0,0.0,864.0,15.01110699893027,877.0,845.0,32.0,18149.96903578626,11.221352414036206,55.04351397506917
2026-09-05 17:53:18.917000+09:00,safe,1384.0,-268.0,18180.0,23.0,811.495,887.0,883.0,869.0,889.0,66.0,0.0,0.0,882.0,9.018499505645789,889.0,869.0,20.0,18234.573754272405,10.410931754650779,86.71796215613357
2026-09-05 17:53:19.868000+09:00,safe,1344.0,-176.0,18128.0,23.0,134.708,905.0,851.0,910.0,917.0,66.0,0.0,0.0,895.75,30.236567265481707,917.0,851.0,66.0,18178.605447063313,13.828638761642296,83.82243197443258
2026-09-05 17:53:20.909000+09:00,safe,1432.0,-256.0,18048.0,23.0,811.461,921.0,871.0,889.0,915.0,69.0,0.0,0.0,899.0,23.266571155486865,921.0,871.0,50.0,18106.530976418428,13.797191743249627,80.72474063476065
2026-09-05 17:53:21.868000+09:00,safe,1388.0,-224.0,18012.0,24.0,135.762,939.0,906.0,883.0,922.0,69.0,0.0,0.0,912.5,23.8397427279183,939.0,883.0,56.0,18066.788978675762,18.426882536120857,64.70703321275722
2026-09-05 17:53:22.889000+09:00,safe,1428.0,-276.0,18228.0,24.0,136.391,915.0,879.0,869.0,917.0,69.0,0.0,0.0,895.0,24.60352278299458,917.0,869.0,48.0,18285.93295404968,10.893805579318736,89.8115600239762
2026-09-05 17:53:23.869000+09:00,safe,1352.0,-260.0,17960.0,24.0,136.646,925.0,877.0,887.0,916.0,72.0,0.0,0.0,901.25,22.89650628371062,925.0,877.0,48.0,18012.69285809315,7.060895835515199,106.04823042197273
2026-09-05 17:53:24.867000+09:00,safe,1272.0,-124.0,18108.0,24.0,65.603,916.0,861.0,853.0,907.0,72.0,0.0,0.0,884.25,31.847291878588358,916.0,853.0,63.0,18153.044482951063,10.235660701683878,103.71647731085727
2026-09-05 17:53:25.911000+09:00,safe,1336.0,-144.0,18076.0,24.0,811.393,921.0,883.0,905.0,919.0,72.0,0.0,0.0,907.0,17.511900715418264,921.0,883.0,38.0,18125.876751208478,10.953024696402164,103.21496762865854
2026-09-05 17:53:26.905000+09:00,safe,1396.0,-204.0,17912.0,24.0,811.41,903.0,887.0,837.0,902.0,75.0,0.0,0.0,882.25,31.041638702448253,903.0,837.0,66.0,17967.475504366215,10.673272693977038,125.33381405618948
2026-09-05 17:53:27.909000+09:00,safe,1332.0,-268.0,18264.0,25.0,811.427,779.0,755.0,729.0,743.0,75.0,0.0,0.0,751.5,21.18962010041709,779.0,729.0,50.0,18314.468160446264,64.47504362154395,135.63097499824582
2026-09-05 17:53:28.913000+09:00,safe,1280.0,-200.0,18228.0,25.0,810.832,919.0,857.0,903.0,927.0,75.0,0.0,0.0,901.5,31.29962726082639,927.0,857.0,70.0,18273.981065985594,64.51002829018134,136.82808966423292
2026-09-05 17:53:29.871000+09:00,safe,1384.0,-256.0,18072.0,25.0,137.445,910.0,887.0,841.0,892.0,78.0,0.0,0.0,882.5,29.376861643136763,910.0,841.0,69.0,18126.725462697337,64.38613981285098,137.99893713133307
2026-09-05 17:53:30.872000+09:00,safe,1388.0,-320.0,17992.0,25.0,134.13,895.0,875.0,837.0,893.0,78.0,0.0,0.0,875.0,26.8824602048746,895.0,837.0,58.0,18048.29654011702,60.64301278795436,147.09602686399185
2026-09-05 17:53:31.913000+09:00,safe,1364.0,-312.0,18060.0,25.0,811.325,878.0,935.0,871.0,906.0,78.0,0.0,0.0,897.5,29.2175746198528,935.0,871.0,64.0,18114.122667134612,62.488398923320126,113.28892366106983
2026-09-05 17:53:32.906000+09:00,safe,1312.0,-164.0,18000.0,25.0,811.342,920.0,859.0,886.0,909.0,81.0,0.0,0.0,893.5,27.012342857787562,920.0,859.0,61.0,18048.49689032303,10.977249200049847,92.21850049828778
2026-09-05 17:53:33.906000+09:00,safe,1376.0,-344.0,18144.0,25.0,811.478,883.0,892.0,861.0,883.0,81.0,0.0,0.0,879.75,13.200378782444085,892.0,861.0,31.0,18199.35295553114,9.489467845985619,62.922192203003526
2026-09-05 17:53:34.907000+09:00,safe,1400.0,-176.0,18128.0,25.0,811.002,900.0,913.0,851.0,947.0,81.0,0.0,0.0,902.75,39.78588526935987,947.0,851.0,96.0,18182.831462673792,11.839288407670233,71.63062817509794
2026-09-05 17:53:35.915000+09:00,safe,1396.0,-288.0,18232.0,25.0,810.968,917.0,860.0,867.0,873.0,81.0,0.0,0.0,879.25,25.721262281103805,917.0,860.0,57.0,18287.63472951054,10.608663912104786,90.39880280444812
2026-09-05 17:53:36.876000+09:00,safe,1396.0,-224.0,18172.0,25.0,215.815,903.0,885.0,869.0,907.0,81.0,0.0,0.0,891.0,17.511900715418264,907.0,869.0,38.0,18226.9189936204,9.919992439512962,88.10931741976145
2026-09-05 17:53:38.317000+09:00,safe,1276.0,-184.0,18300.0,25.0,811.206,887.0,869.0,876.0,901.0,81.0,0.0,0.0,883.25,13.961255912942311,901.0,869.0,32.0,18345.354507340544,9.88116895918668,67.2789307100954
2026-09-05 17:53:38.884000+09:00,safe,1256.0,-280.0,18080.0,25.0,136.476,927.0,889.0,871.0,915.0,81.0,0.0,0.0,900.5,25.265259415516265,927.0,871.0,56.0,18125.73684019494,10.317763808112407,86.1181135984576
2026-09-05 17:53:39.905000+09:00,safe,1364.0,-204.0,18120.0,25.0,811.325,905.0,863.0,893.0,889.0,81.0,0.0,0.0,887.5,17.69180601295413,905.0,863.0,42.0,18172.410737158676,8.12673058492739,87.76711726075412
2026-09-05 17:53:40.921000+09:00,safe,1320.0,-208.0,18116.0,25.0,810.9,887.0,867.0,831.0,879.0,81.0,0.0,0.0,866.0,24.73863375370596,887.0,831.0,56.0,18165.21731221512,12.693009887335402,85.27098824299102
2026-09-05 17:53:41.921000+09:00,safe,1356.0,-200.0,18040.0,25.0,811.189,924.0,891.0,873.0,877.0,82.0,0.0,0.0,891.25,23.157072353818823,924.0,873.0,51.0,18091.996462524527,12.719817215667613,97.86118803660212
2026-09-05 17:53:42.911000+09:00,safe,1304.0,-280.0,18064.0,25.0,810.866,919.0,849.0,881.0,911.0,82.0,0.0,0.0,890.0,31.85383284106744,919.0,849.0,70.0,18113.1695735451,12.752940837312552,34.33641402297182
2026-09-05 17:53:43.910000+09:00,safe,1392.0,-240.0,18064.0,25.0,811.325,917.0,871.0,885.0,887.0,82.0,0.0,0.0,890.0,19.356308187943966,917.0,871.0,46.0,18119.143467614576,10.680589871350454,34.841875244238615
2026-09-05 17:53:44.904000+09:00,safe,1344.0,-284.0,18124.0,25.0,811.444,927.0,903.0,893.0,905.0,82.0,0.0,0.0,907.0,14.329456840136451,927.0,893.0,34.0,18175.98327464019,14.662452045957178,35.88873240770426
2026-09-05 17:53:45.909000+09:00,safe,1284.0,-192.0,18168.0,25.0,811.342,907.0,900.0,871.0,925.0,82.0,0.0,0.0,900.75,22.45551157288562,925.0,871.0,54.0,18214.32798650557,7.71240883252397,50.586308958108354
2026-09-05 17:53:46.904000+09:00,safe,1328.0,-184.0,18016.0,25.0,811.07,755.0,742.0,734.0,751.0,82.0,0.0,0.0,745.5,9.39858145324779,755.0,734.0,21.0,18065.815674914877,68.11515983978892,57.98900676357963
2026-09-05 17:53:47.917000+09:00,safe,1316.0,-280.0,18196.0,25.0,812.039,907.0,919.0,869.0,904.0,82.0,0.0,0.0,899.75,21.5,919.0,869.0,50.0,18245.67543282517,69.08341877759085,72.45597403375385
2026-09-05 17:53:48.879000+09:00,safe,1396.0,-256.0,17992.0,25.0,396.304,925.0,891.0,861.0,917.0,82.0,0.0,0.0,898.5,28.907899727698425,925.0,861.0,64.0,18047.892286912618,69.8420986941257,88.71298646496614
2026-09-05 17:53:49.862000+09:00,safe,1384.0,-116.0,18292.0,25.0,134.963,923.0,871.0,891.0,878.0,82.0,0.0,0.0,890.75,23.0416289933387,923.0,871.0,52.0,18344.64979224188,68.0627926990951,125.52321362421128
2026-09-05 17:53:50.904000+09:00,safe,1404.0,-228.0,18244.0,25.0,811.478,927.0,842.0,889.0,907.0,82.0,0.0,0.0,891.25,36.31689230463789,927.0,842.0,85.0,18299.364360545424,67.01133299674014,136.0358082633906
2026-09-05 17:53:51.902000+09:00,safe,1368.0,-324.0,17836.0,25.0,811.631,888.0,875.0,894.0,893.0,82.0,0.0,0.0,887.5,8.736894948054104,894.0,875.0,19.0,17891.319012303145,5.307424045617002,190.68875872062875
2026-09-05 17:53:52.909000+09:00,safe,1436.0,-92.0,17712.0,25.0,811.648,903.0,875.0,853.0,895.0,82.0,0.0,0.0,881.5,22.35322497239865,903.0,853.0,50.0,17770.354639117362,6.181120448591291,250.12044273568907
2026-09-05 17:53:53.914000+09:00,safe,1444.0,-348.0,18192.0,25.0,811.257,889.0,887.0,879.0,908.0,82.0,1.0,0.0,890.75,12.284814474246922,908.0,879.0,29.0,18252.536919562717,4.11020072502467,261.9174372847814
2026-09-05 17:53:54.902000+09:00,safe,1356.0,-184.0,18148.0,25.0,811.07,879.0,871.0,875.0,886.0,82.0,0.0,0.0,877.75,6.3966136874651625,886.0,871.0,15.0,18199.519114526076,5.923997805535831,236.44291269393585
2026-09-05 17:53:55.902000+09:00,safe,1324.0,-208.0,18088.0,25.0,811.172,871.0,917.0,875.0,888.0,82.0,0.0,0.0,887.75,20.80664957811965,917.0,871.0,46.0,18137.58484473608,5.28381964113021,208.8235574257165
2026-09-05 17:53:56.904000+09:00,safe,1244.0,-232.0,18028.0,25.0,811.41,931.0,875.0,873.0,903.0,82.0,0.0,0.0,895.5,27.34349404642111,931.0,873.0,58.0,18072.35856217998,7.107654324739872,189.14221202612813
2026-09-05 17:53:57.929000+09:00,safe,1300.0,-308.0,18148.0,23.0,811.291,868.0,831.0,861.0,873.0,82.0,0.0,0.0,858.25,18.82153022471871,873.0,831.0,42.0,18197.108781342162,14.78174549909426,68.89595047361064
2026-09-05 17:53:58.914000+09:00,safe,1296.0,-220.0,17920.0,23.0,811.444,923.0,860.0,906.0,902.0,82.0,0.0,0.0,897.75,26.76284738214527,923.0,860.0,63.0,17968.150043897116,16.09114663409645,97.18358169305192
2026-09-05 17:53:59.927000+09:00,safe,1256.0,-316.0,18084.0,23.0,811.189,909.0,926.0,869.0,910.0,82.0,0.0,0.0,903.5,24.28305307548181,926.0,869.0,57.0,18130.31847486414,17.854796274390637,86.4643138143846
2026-09-05 17:54:00.903000+09:00,safe,1344.0,-208.0,18240.0,23.0,810.951,889.0,870.0,885.0,915.0,82.0,0.0,0.0,889.75,18.714967272212903,915.0,870.0,45.0,18290.631481717628,17.854796274390637,122.27982933224135
2026-09-05 17:54:01.903000+09:00,safe,1420.0,-192.0,18040.0,23.0,811.206,893.0,841.0,873.0,879.0,82.0,0.0,0.0,871.5,21.992422937608914,893.0,841.0,52.0,18096.819168019556,18.85188982569105,119.77517447864135
2026-09-05 17:54:02.926000+09:00,safe,1364.0,-260.0,18096.0,23.0,811.529,917.0,901.0,893.0,914.0,82.0,0.0,0.0,906.25,11.236102527122116,917.0,893.0,24.0,18149.195905053206,13.949686376402658,115.5672107587141
2026-09-05 17:54:03.913000+09:00,safe,1432.0,-216.0,18144.0,22.0,811.308,905.0,889.0,853.0,882.0,82.0,0.0,0.0,882.25,21.746647251166483,905.0,853.0,52.0,18201.70365652622,14.547980959569403,75.58147958130907
2026-09-05 17:54:04.910000+09:00,safe,1324.0,-204.0,18108.0,22.0,811.461,883.0,889.0,870.0,895.0,82.0,0.0,0.0,884.25,10.688779163215974,895.0,870.0,25.0,18157.48484785269,12.730867998687039,72.59782926833091
2026-09-05 17:54:05.906000+09:00,safe,1320.0,-320.0,17932.0,22.0,810.9,733.0,699.0,713.0,745.0,82.0,0.0,0.0,722.5,20.48576741707927,745.0,699.0,46.0,17983.365202319615,74.22865854910754,83.83508592685278
2026-09-05 17:54:06.920000+09:00,safe,1276.0,-240.0,18052.0,21.0,811.019,891.0,891.0,877.0,901.0,82.0,0.0,0.0,890.0,9.865765724632494,901.0,877.0,24.0,18098.631992501534,75.80389996563498,83.725980368156
2026-09-05 17:54:07.904000+09:00,safe,1304.0,-220.0,18080.0,21.0,811.07,930.0,859.0,883.0,917.0,82.0,0.0,0.0,897.25,32.294220329134234,930.0,859.0,71.0,18128.298761880553,74.43810348202051,82.29351556403019
2026-09-05 17:54:08.922000+09:00,safe,1356.0,-372.0,17984.0,21.0,811.342,925.0,879.0,892.0,887.0,82.0,0.0,0.0,895.75,20.221688027132323,925.0,879.0,46.0,18038.88510967349,75.89289327730228,70.1848534893971
2026-09-05 17:54:09.915000+09:00,safe,1352.0,-220.0,17988.0,20.0,811.308,903.0,873.0,829.0,887.0,82.0,0.0,0.0,873.0,31.790984046843636,903.0,829.0,74.0,18040.078935525755,75.08066495443414,56.67817442811497
2026-09-05 17:54:10.906000+09:00,safe,1376.0,-248.0,18148.0,20.0,811.342,943.0,883.0,847.0,907.0,82.0,0.0,0.0,895.0,40.39801975344831,943.0,847.0,96.0,18201.779693205826,9.992809915133613,67.96245569613737
2026-09-05 17:54:11.901000+09:00,safe,1380.0,-272.0,18056.0,20.0,811.07,757.0,719.0,731.0,777.0,82.0,0.0,0.0,746.0,26.05123157677323,777.0,719.0,58.0,18110.701808599246,65.27983034598047,68.04787068861317
2026-09-05 17:54:12.900000+09:00,safe,1324.0,-180.0,18152.0,20.0,811.019,901.0,837.0,851.0,895.0,82.0,1.0,0.0,871.0,31.790984046843636,901.0,837.0,64.0,18201.112053937803,62.67964183050181,81.10096176495661
2026-09-05 17:54:13.881000+09:00,safe,1240.0,-36.0,18016.0,20.0,383.095,903.0,935.0,872.0,935.0,82.0,0.0,0.0,911.25,30.20347662107791,935.0,872.0,63.0,18058.658643431965,65.44988540860857,76.60493958269915
2026-09-05 17:54:14.860000+09:00,safe,1276.0,-200.0,18104.0,20.0,115.056,938.0,895.0,895.0,933.0,82.0,0.0,0.0,915.25,23.471614061812335,938.0,895.0,43.0,18150.013553713947,70.22228100823834,61.29301029569113
2026-09-05 17:54:15.910000+09:00,safe,1232.0,-188.0,18012.0,20.0,811.444,895.0,868.0,889.0,871.0,82.0,0.0,0.0,880.75,13.275918047351754,895.0,868.0,27.0,18055.063334145354,69.11778895479797,62.1015322543767
2026-09-05 17:54:16.902000+09:00,safe,1352.0,-180.0,18028.0,20.0,811.155,927.0,891.0,867.0,909.0,82.0,0.0,0.0,898.5,25.632011235952593,927.0,867.0,60.0,18079.521232599054,19.13651614061428,64.18542712875713
2026-09-05 17:54:17.903000+09:00,safe,1228.0,-168.0,18044.0,20.0,812.43,951.0,903.0,905.0,923.0,82.0,0.0,0.0,920.5,22.233608194203057,951.0,903.0,48.0,18086.518294022208,15.924627154190791,38.22497569720186
2026-09-05 17:54:18.895000+09:00,safe,1312.0,-232.0,18116.0,17.0,737.8,943.0,895.0,911.0,931.0,82.0,0.0,0.0,920.0,21.2602916254693,943.0,895.0,48.0,18164.928406134717,17.1801120485284,47.63834565798658
2026-09-05 17:54:19.904000+09:00,safe,1268.0,-248.0,18092.0,17.0,810.662,915.0,875.0,841.0,890.0,81.0,0.0,0.0,880.25,30.93406967514405,915.0,841.0,74.0,18138.07575240549,19.89425168233253,45.19311733253967
2026-09-05 17:54:20.865000+09:00,safe,1364.0,-172.0,18164.0,14.0,187.357,919.0,879.0,877.0,907.0,81.0,0.0,0.0,895.5,20.808652046684813,919.0,877.0,42.0,18215.95388663465,17.243114567849705,56.71657752889307
2026-09-05 17:54:21.906000+09:00,safe,1448.0,-176.0,17968.0,14.0,811.036,935.0,891.0,873.0,919.0,81.0,0.0,0.0,904.5,27.778888866667554,935.0,873.0,62.0,18027.11025095259,17.06385067914012,72.6112866655105
2026-09-05 17:54:22.912000+09:00,safe,1332.0,-128.0,17988.0,14.0,811.257,955.0,921.0,863.0,927.0,81.0,0.0,0.0,916.5,38.622100754188224,955.0,863.0,92.0,18037.703623244284,16.176371657451202,82.00757868660408
2026-09-05 17:54:23.917000+09:00,safe,1380.0,-268.0,18000.0,13.0,811.087,949.0,903.0,908.0,933.0,81.0,0.0,0.0,923.25,21.608254595562936,949.0,903.0,46.0,18054.81165783792,17.054141725692052,80.61016853527816
2026-09-05 17:54:24.928000+09:00,safe,1244.0,-196.0,18200.0,13.0,794.257,967.0,907.0,906.0,937.0,81.0,0.0,0.0,929.25,28.98706608127149,967.0,906.0,61.0,18243.518081773593,13.753863093690835,104.91329878383542
2026-09-05 17:54:25.880000+09:00,safe,1296.0,-212.0,18020.0,13.0,526.881,954.0,910.0,933.0,921.0,81.0,0.0,0.0,929.5,18.841443681416774,954.0,910.0,44.0,18067.787911086405,10.45316937583961,89.32623908728235
2026-09-05 17:54:26.885000+09:00,safe,1348.0,-196.0,18076.0,12.0,261.001,951.0,943.0,891.0,964.0,81.0,0.0,0.0,937.25,32.02473002748553,964.0,891.0,73.0,18127.252853093873,7.755240163914397,83.82642933457603
2026-09-05 17:54:27.905000+09:00,safe,1336.0,-124.0,17980.0,12.0,811.24,957.0,905.0,906.0,935.0,81.0,0.0,0.0,925.75,25.0516133878306,957.0,905.0,52.0,18029.99367720355,5.291502622128338,85.45681801065248
2026-09-05 17:54:28.955000+09:00,safe,1376.0,-192.0,18076.0,12.0,810.917,951.0,925.0,931.0,918.0,81.0,0.0,0.0,931.25,14.198004554631378,951.0,918.0,33.0,18129.313721153376,4.219004621944739,80.96665300316891
2026-09-05 17:54:29.915000+09:00,safe,1308.0,-232.0,18044.0,11.0,811.087,911.0,887.0,885.0,888.0,81.0,0.0,0.0,892.75,12.230426539304888,911.0,885.0,26.0,18092.833498377197,17.575195589238565,41.93423276400973
2026-09-05 17:54:30.900000+09:00,safe,1364.0,-184.0,18032.0,11.0,811.087,851.0,825.0,805.0,867.0,81.0,0.0,0.0,837.0,27.47119703738202,867.0,805.0,62.0,18084.451221975192,41.63397050486525,40.41838539539346
2026-09-05 17:54:31.923000+09:00,safe,1324.0,-148.0,18044.0,11.0,601.035,997.0,927.0,888.0,941.0,81.0,0.0,0.0,938.25,45.132213181569846,997.0,888.0,109.0,18093.115154665877,41.830760213029706,35.75084032198526
2026-09-05 17:54:32.879000+09:00,safe,1328.0,-136.0,18120.0,11.0,333.812,942.0,889.0,909.0,931.0,81.0,0.0,0.0,917.75,23.57081528783706,942.0,889.0,53.0,18169.10784821313,40.983075775251294,35.45572954373383
2026-09-05 17:54:33.866000+09:00,safe,1340.0,-276.0,18100.0,11.0,67.269,958.0,920.0,935.0,913.0,81.0,0.0,0.0,931.5,19.908122295518815,958.0,913.0,45.0,18151.63287420721,41.025677934678775,39.118573025168835
2026-09-05 17:54:34.856000+09:00,safe,1240.0,-148.0,18036.0,11.0,48.535,953.0,919.0,905.0,895.0,81.0,0.0,0.0,918.0,25.32455988429677,953.0,895.0,58.0,18079.181397397395,40.9332535965563,41.723898351307476
2026-09-05 17:54:35.899000+09:00,safe,1324.0,-120.0,17968.0,11.0,812.362,953.0,891.0,877.0,952.0,81.0,0.0,0.0,918.25,39.96143974716961,953.0,877.0,76.0,18017.114086334692,9.547578226963571,60.77032242794154
2026-09-05 17:54:36.901000+09:00,safe,1444.0,-96.0,18012.0,11.0,811.24,891.0,850.0,808.0,885.0,81.0,0.0,0.0,858.5,38.214307966170644,891.0,808.0,83.0,18070.044161539838,28.720310757371482,62.468604434666005
2026-09-05 17:54:37.894000+09:00,safe,1364.0,-224.0,18140.0,11.0,675.121,933.0,908.0,911.0,937.0,81.0,0.0,0.0,922.25,14.863265679744362,937.0,908.0,29.0,18192.588380986363,29.138355307051697,69.67262128187717
2026-09-05 17:54:38.887000+09:00,safe,1232.0,-132.0,17964.0,11.0,411.264,886.0,893.0,907.0,919.0,81.0,0.0,0.0,901.25,14.705441169852742,919.0,886.0,33.0,18006.680538066976,26.50153297452787,73.94213925243169
2026-09-05 17:54:39.920000+09:00,safe,1456.0,-236.0,18172.0,11.0,810.798,921.0,903.0,852.0,926.0,81.0,0.0,0.0,900.5,33.80828300875393,926.0,852.0,74.0,18231.763930020596,25.25903303770728,102.88841925110093
2026-09-05 17:54:40.909000+09:00,safe,1340.0,-216.0,18056.0,11.0,811.24,955.0,901.0,893.0,941.0,81.0,1.0,0.0,922.5,30.171730698343,955.0,893.0,62.0,18106.943198673816,26.07860713305041,91.17942567595179
2026-09-05 17:54:41.900000+09:00,safe,1372.0,-232.0,18220.0,11.0,812.515,935.0,931.0,901.0,879.0,81.0,0.0,0.0,911.5,26.451212952654302,935.0,879.0,56.0,18273.05688712209,10.753778405750591,106.4089521575669
2026-09-05 17:54:42.899000+09:00,safe,1200.0,-240.0,18028.0,11.0,811.257,949.0,917.0,927.0,885.0,81.0,0.0,0.0,919.5,26.6020049369717,949.0,885.0,64.0,18069.48765184005,10.124845677835683,111.73008773240876
2026-09-05 17:54:43.905000+09:00,safe,1524.0,-188.0,18196.0,11.0,747.983,904.0,879.0,892.0,907.0,81.0,0.0,0.0,895.5,12.767145334803704,907.0,879.0,28.0,18260.677314930024,11.717508267545108,93.60366610882463
2026-09-05 17:54:44.889000+09:00,safe,1376.0,-84.0,18184.0,11.0,481.083,943.0,919.0,869.0,940.0,81.0,0.0,0.0,917.75,34.20891696619465,943.0,869.0,74.0,18236.18074049498,10.758136455724477,94.13471436815415
2026-09-05 17:54:45.877000+09:00,safe,1332.0,-92.0,18124.0,11.0,213.435,957.0,924.0,927.0,919.0,81.0,0.0,0.0,931.75,17.153716798408443,957.0,919.0,38.0,18173.113767321218,13.235133168955567,83.74530129157068
2026-09-05 17:54:46.895000+09:00,safe,1228.0,-136.0,17940.0,11.0,811.308,931.0,923.0,931.0,927.0,81.0,1.0,0.0,928.0,3.8297084310253524,931.0,923.0,8.0,17982.493709160586,14.110058469049227,116.82690744086408
2026-09-05 17:54:47.896000+09:00,safe,1280.0,-156.0,18032.0,11.0,811.189,921.0,915.0,841.0,909.0,81.0,0.0,0.0,896.5,37.322915213043046,921.0,841.0,80.0,18078.04635462582,17.128740467412882,115.51034753678258
2026-09-05 17:54:48.900000+09:00,safe,1208.0,-212.0,17680.0,11.0,811.053,937.0,906.0,911.0,926.0,81.0,0.0,0.0,920.0,14.165686240583852,937.0,906.0,31.0,17722.48876427913,13.71290450633956,201.09839330077284
2026-09-05 17:54:49.906000+09:00,safe,1304.0,-172.0,18080.0,11.0,811.495,859.0,821.0,861.0,875.0,81.0,0.0,0.0,854.0,23.122860261366167,875.0,821.0,54.0,18127.779786835454,32.16092349420313,179.09330442043915
2026-09-05 17:54:50.882000+09:00,safe,1228.0,-144.0,18072.0,11.0,555.577,948.0,895.0,927.0,947.0,81.0,0.0,0.0,929.25,24.797513316190933,948.0,895.0,53.0,18114.245885490236,31.677278923543717,167.82762013285293
2026-09-05 17:54:51.908000+09:00,safe,1300.0,-212.0,18132.0,11.0,810.849,934.0,916.0,869.0,927.0,81.0,0.0,0.0,911.5,29.28594657283023,934.0,869.0,65.0,18179.7790965677,29.541284670778737,183.65527090061622
2026-09-05 17:54:52.905000+09:00,safe,1340.0,-132.0,18044.0,11.0,811.155,918.0,925.0,879.0,917.0,81.0,0.0,0.0,909.75,20.80664957811965,925.0,879.0,46.0,18094.169226576832,29.490782458252728,184.53167171639876
2026-09-05 17:54:53.899000+09:00,safe,1336.0,-192.0,18140.0,11.0,811.291,923.0,904.0,893.0,905.0,81.0,0.0,0.0,906.25,12.419742348374221,923.0,893.0,30.0,18190.14458436216,28.349713402431195,41.84028046421889
2026-09-05 17:54:54.897000+09:00,safe,1260.0,-220.0,18064.0,11.0,811.172,943.0,909.0,878.0,943.0,81.0,1.0,0.0,918.25,31.255666152982034,943.0,878.0,65.0,18109.226819497293,9.082951062291775,44.0926748765227
2026-09-05 17:54:55.887000+09:00,safe,1312.0,-228.0,18068.0,11.0,130.39,959.0,904.0,875.0,941.0,81.0,0.0,0.0,919.75,37.606515392947536,959.0,875.0,84.0,18117.007258374655,5.732582315151456,43.74430540221953
2026-09-05 17:54:56.852000+09:00,safe,1256.0,-256.0,18052.0,12.0,61.217,957.0,915.0,904.0,923.0,81.0,0.0,0.0,924.75,22.86737122335374,957.0,904.0,53.0,18097.452196372837,7.574628703770714,39.395788694274586
2026-09-05 17:54:57.869000+09:00,safe,1276.0,-196.0,18184.0,12.0,358.105,884.0,859.0,877.0,901.0,81.0,0.0,0.0,880.25,17.38533865071371,901.0,859.0,42.0,18229.76818283765,17.88644738342378,58.048688846193855
2026-09-05 17:54:58.851000+09:00,safe,1292.0,-232.0,18048.0,12.0,93.109,941.0,889.0,915.0,971.0,81.0,0.0,0.0,929.0,35.13782387494517,971.0,889.0,82.0,18095.673295017237,19.557287644251375,56.549882189338824
2026-09-05 17:54:59.901000+09:00,safe,1276.0,-272.0,18108.0,14.0,811.053,936.0,909.0,927.0,932.0,81.0,0.0,0.0,926.0,11.916375287812984,936.0,909.0,27.0,18154.93938298886,20.23409869502438,56.080357258572526
2026-09-05 17:55:00.897000+09:00,safe,1344.0,-248.0,18004.0,14.0,132.651,873.0,914.0,893.0,927.0,81.0,0.0,0.0,901.75,23.73991013743172,927.0,873.0,54.0,18055.798403836925,20.976623894230155,67.57521066599688
2026-09-05 17:55:01.896000+09:00,safe,1364.0,-196.0,18092.0,14.0,811.393,895.0,904.0,877.0,895.0,81.0,0.0,0.0,892.75,11.324751652906125,904.0,877.0,27.0,18144.403434668224,21.128623949514264,65.7272038600872
2026-09-05 17:55:02.866000+09:00,safe,1336.0,-288.0,18128.0,14.0,135.473,958.0,901.0,903.0,919.0,81.0,0.0,0.0,920.25,26.424420523447623,958.0,901.0,57.0,18179.445096041847,15.887691776969596,49.70038290974904
2026-09-05 17:55:03.889000+09:00,safe,1316.0,-200.0,18088.0,14.0,137.207,940.0,903.0,868.0,923.0,81.0,0.0,0.0,908.5,30.946189857019014,940.0,868.0,72.0,18136.912636940167,13.498379532373045,46.73186731395195
2026-09-05 17:55:04.862000+09:00,safe,1332.0,-320.0,18080.0,14.0,165.869,887.0,851.0,895.0,895.0,81.0,0.0,0.0,882.0,21.007935008784973,895.0,851.0,44.0,18131.823515576143,14.632369937914616,45.301049113153624
2026-09-05 17:55:05.929000+09:00,safe,1268.0,-200.0,18192.0,14.0,811.24,937.0,895.0,895.0,920.0,81.0,0.0,0.0,911.75,20.54872258803452,937.0,895.0,42.0,18237.23356213875,15.414481827164593,43.97585356499881
2026-09-05 17:55:06.903000+09:00,safe,1360.0,-348.0,18124.0,14.0,811.444,925.0,903.0,879.0,923.0,81.0,0.0,0.0,907.5,21.439838307848003,925.0,879.0,46.0,18178.28594780047,14.323276510630786,42.405465592885406
2026-09-05 17:55:07.894000+09:00,safe,1348.0,-236.0,18140.0,14.0,811.376,923.0,909.0,871.0,877.0,81.0,0.0,0.0,895.0,25.03331114069145,923.0,871.0,52.0,18191.547487775744,12.35971277983383,43.22140697360818
2026-09-05 17:55:08.896000+09:00,safe,1320.0,-180.0,18092.0,15.0,810.917,931.0,912.0,891.0,891.0,81.0,0.0,0.0,906.25,19.241881404893856,931.0,891.0,40.0,18140.982994314283,12.053267191927167,42.35046731993211
2026-09-05 17:55:09.857000+09:00,safe,1320.0,-328.0,18028.0,15.0,69.751,917.0,893.0,853.0,875.0,81.0,0.0,0.0,884.5,27.147743920996454,917.0,853.0,64.0,18079.235824558516,11.108836572746393,59.22465359794338
2026-09-05 17:55:10.894000+09:00,safe,1316.0,-228.0,18140.0,15.0,810.917,920.0,915.0,891.0,918.0,82.0,1.0,0.0,911.0,13.490737563232042,920.0,891.0,29.0,18189.102231831013,10.931033802892923,47.36599840870156
2026-09-05 17:55:11.859000+09:00,safe,1296.0,-264.0,18148.0,17.0,137.615,914.0,862.0,863.0,904.0,82.0,0.0,0.0,885.75,27.158485475691265,914.0,862.0,52.0,18196.131896642208,11.907193204109346,50.07593458831516
2026-09-05 17:55:12.901000+09:00,safe,1316.0,-260.0,18116.0,17.0,811.393,889.0,879.0,859.0,873.0,82.0,0.0,0.0,875.0,12.54325848148452,889.0,859.0,30.0,18165.596934865644,15.387698008473775,47.17164457701731
2026-09-05 17:55:13.868000+09:00,safe,1204.0,-272.0,18100.0,17.0,133.824,925.0,917.0,878.0,917.0,85.0,0.0,0.0,909.25,21.17191535974013,925.0,878.0,47.0,18142.039576629744,16.09988353995108,47.09988988985664
2026-09-05 17:55:14.911000+09:00,safe,1340.0,-136.0,18148.0,18.0,810.934,815.0,831.0,820.0,821.0,85.0,0.0,0.0,821.75,6.701989754294367,831.0,815.0,16.0,18197.911968135246,36.2842079974193,23.955047908020884
2026-09-05 17:55:15.885000+09:00,safe,1360.0,-236.0,18028.0,18.0,134.317,910.0,919.0,875.0,923.0,85.0,0.0,0.0,906.75,21.85368008673444,923.0,875.0,48.0,18080.76547052143,35.432329869767045,48.25249934748979
2026-09-05 17:55:16.892000+09:00,safe,1432.0,-216.0,18400.0,18.0,810.832,893.0,920.0,851.0,871.0,88.0,0.0,0.0,883.75,29.635283025474887,920.0,851.0,69.0,18456.903315561904,35.35816737332389,145.24976901917177
2026-09-05 17:55:17.856000+09:00,safe,1332.0,-276.0,18080.0,17.0,136.952,902.0,882.0,849.0,915.0,88.0,0.0,0.0,887.0,28.74021572639983,915.0,849.0,66.0,18131.10035270888,35.40056496724291,148.5865980274716
2026-09-05 17:55:18.922000+09:00,safe,1384.0,-184.0,18116.0,17.0,811.342,907.0,921.0,905.0,914.0,88.0,0.0,0.0,911.75,7.274384280931732,921.0,905.0,16.0,18169.721186633546,35.901079370960225,146.30404042965824
2026-09-05 17:55:19.911000+09:00,safe,1344.0,-232.0,18352.0,17.0,811.342,904.0,907.0,883.0,901.0,91.0,0.0,0.0,898.75,10.781929326423912,907.0,883.0,24.0,18402.610249635785,12.139295696208439,169.78307505526138
2026-09-05 17:55:20.900000+09:00,safe,1276.0,-240.0,18176.0,17.0,811.087,851.0,805.0,809.0,820.0,91.0,0.0,0.0,821.25,20.822663934601003,851.0,805.0,46.0,18222.3146718522,34.90343822605425,144.85162153490353
2026-09-05 17:55:21.894000+09:00,safe,1340.0,-256.0,18136.0,17.0,810.73,891.0,901.0,915.0,877.0,87.0,0.0,0.0,896.0,16.041612554021285,915.0,877.0,38.0,18187.23816306368,35.611357036765455,105.85672535055406
2026-09-05 17:55:22.873000+09:00,safe,1312.0,-360.0,17960.0,17.0,393.805,927.0,925.0,868.0,927.0,87.0,0.0,0.0,911.75,29.181900783419394,927.0,868.0,59.0,18011.45591005902,37.95787138394334,139.79317944084994
2026-09-05 17:55:23.857000+09:00,safe,1308.0,-324.0,18112.0,17.0,133.603,878.0,869.0,889.0,885.0,87.0,0.0,0.0,880.25,8.770214744615247,889.0,869.0,20.0,18162.058914120942,35.54732760700844,140.23114642353892
2026-09-05 17:55:24.891000+09:00,safe,1324.0,-188.0,18032.0,17.0,811.342,917.0,907.0,845.0,909.0,84.0,0.0,0.0,894.5,33.28162656281491,917.0,845.0,72.0,18081.519405182742,35.08249207225713,85.42027389563268
2026-09-05 17:55:25.900000+09:00,safe,1344.0,-216.0,18088.0,17.0,811.308,926.0,926.0,887.0,891.0,84.0,0.0,0.0,907.5,21.42428528562855,926.0,887.0,39.0,18139.149263402625,12.355413793150941,70.44530108931372
2026-09-05 17:55:26.897000+09:00,safe,1356.0,-296.0,18308.0,17.0,811.223,923.0,926.0,895.0,915.0,84.0,0.0,0.0,914.75,13.961255912942311,926.0,895.0,31.0,18360.53419702161,14.29051258702726,130.83138902298748
2026-09-05 17:55:27.891000+09:00,safe,1260.0,-196.0,18124.0,17.0,736.933,928.0,935.0,908.0,927.0,81.0,0.0,0.0,924.5,11.561430130683084,935.0,908.0,27.0,18168.802712341836,17.33439499953733,105.33038254700594
2026-09-05 17:55:28.955000+09:00,safe,1436.0,-292.0,18072.0,17.0,459.493,941.0,876.0,903.0,919.0,81.0,0.0,0.0,909.75,27.366341857593365,941.0,876.0,65.0,18131.313907160726,10.945033120095397,107.686732109734
2026-09-05 17:55:29.897000+09:00,safe,1428.0,-348.0,18124.0,17.0,810.832,926.0,891.0,875.0,892.0,81.0,0.0,0.0,896.0,21.463146709340332,926.0,875.0,51.0,18183.499773145984,10.414833171970876,94.04994573275073
2026-09-05 17:55:30.861000+09:00,safe,1352.0,-260.0,17876.0,17.0,132.362,936.0,892.0,867.0,939.0,80.0,0.0,0.0,908.5,35.02855977627399,939.0,867.0,72.0,17928.939734407053,10.352234058404253,154.03782277756338
2026-09-05 17:55:31.861000+09:00,safe,1300.0,-320.0,18152.0,17.0,133.62,896.0,919.0,873.0,905.0,80.0,0.0,0.0,898.25,19.311050377094112,919.0,873.0,46.0,18201.30500815807,11.322819878457176,111.37552877866361
2026-09-05 17:55:32.948000+09:00,safe,1336.0,-280.0,18096.0,17.0,811.087,919.0,867.0,904.0,939.0,80.0,0.0,0.0,907.25,30.42340108096617,939.0,867.0,72.0,18147.41061418956,6.34281089107856,109.56134561806265
2026-09-05 17:55:33.850000+09:00,safe,1344.0,-184.0,17904.0,17.0,132.277,931.0,855.0,883.0,935.0,80.0,0.0,0.0,901.0,38.71261637588793,935.0,855.0,80.0,17955.316984113648,5.492608669838486,130.65421073813977
2026-09-05 17:55:34.893000+09:00,safe,1268.0,-252.0,18104.0,17.0,810.849,905.0,883.0,847.0,907.0,80.0,0.0,0.0,885.5,27.874719729532707,907.0,847.0,60.0,18150.10038539732,9.206994623653525,124.98091025713865
2026-09-05 17:55:35.861000+09:00,safe,1232.0,-284.0,18044.0,17.0,263.738,939.0,901.0,907.0,895.0,80.0,0.0,0.0,910.5,19.621416870348583,939.0,895.0,44.0,18088.239715350966,9.693747985169873,94.51575232526922
2026-09-05 17:55:37.353000+09:00,safe,1432.0,-184.0,17996.0,17.0,811.172,895.0,903.0,872.0,885.0,80.0,0.0,0.0,888.75,13.375973484822204,903.0,872.0,31.0,18053.822199190952,11.077285317260047,80.23723718613422
2026-09-05 17:55:37.861000+09:00,safe,1260.0,-188.0,18060.0,17.0,134.759,937.0,919.0,919.0,917.0,80.0,0.0,0.0,923.0,9.38083151964686,937.0,917.0,20.0,18104.876249231864,15.506047207460227,73.10594603342119
2026-09-05 17:55:38.896000+09:00,safe,1336.0,-216.0,18032.0,17.0,811.155,880.0,875.0,895.0,891.0,80.0,0.0,0.0,885.25,9.322910847297997,895.0,875.0,20.0,18082.7148404215,17.20337902855091,35.43060718213087
2026-09-05 17:55:39.894000+09:00,safe,1196.0,-292.0,18116.0,17.0,811.172,824.0,795.0,825.0,856.0,80.0,0.0,0.0,825.0,24.91318258807306,856.0,795.0,61.0,18157.78444634697,37.73965089928608,38.408094331357624
2026-09-05 17:55:40.896000+09:00,safe,1328.0,-308.0,18124.0,17.0,810.866,927.0,876.0,921.0,951.0,80.0,1.0,0.0,918.75,31.308944408906537,951.0,876.0,75.0,18175.198045688525,39.20323647353602,50.8472853460365
2026-09-05 17:55:41.892000+09:00,safe,1384.0,-196.0,17928.0,17.0,810.747,875.0,845.0,918.0,891.0,80.0,0.0,0.0,882.25,30.52185009682954,918.0,845.0,73.0,17982.409627188455,39.28605032323796,76.06257084490589
2026-09-05 17:55:42.861000+09:00,safe,1316.0,-344.0,18116.0,17.0,70.465,905.0,907.0,879.0,933.0,80.0,0.0,0.0,906.0,22.06052281036573,933.0,879.0,54.0,18166.99336709297,35.97108213551526,81.79327839251022
2026-09-05 17:55:43.856000+09:00,safe,1224.0,-268.0,18144.0,17.0,136.391,950.0,893.0,883.0,938.0,80.0,0.0,0.0,916.0,32.95451410656816,950.0,883.0,67.0,18187.21353038997,38.86780480037411,85.38563977172575
2026-09-05 17:55:44.896000+09:00,safe,1240.0,-332.0,17996.0,17.0,811.206,939.0,939.0,917.0,916.0,80.0,0.0,0.0,927.75,12.996794476587935,939.0,916.0,23.0,18041.72497296198,17.418201686740925,92.73515407779409
2026-09-05 17:55:45.892000+09:00,safe,1360.0,-236.0,18036.0,17.0,811.376,943.0,909.0,893.0,911.0,80.0,0.0,0.0,914.0,20.944370763206678,943.0,893.0,50.0,18088.742134266828,16.955272041462038,85.48074016243169
2026-09-05 17:55:46.893000+09:00,safe,1316.0,-260.0,18028.0,15.0,811.155,895.0,879.0,879.0,915.0,80.0,0.0,0.0,892.0,17.08800749063506,915.0,879.0,36.0,18077.83836635343,13.233007972489995,61.90033952518679
2026-09-05 17:55:47.897000+09:00,safe,1332.0,-252.0,18152.0,15.0,810.9,919.0,904.0,874.0,893.0,80.0,0.0,0.0,897.5,18.947295321496416,919.0,874.0,45.0,18202.55015100906,14.541320435228158,71.08635214714457
2026-09-05 17:55:48.852000+09:00,safe,1240.0,-240.0,18128.0,15.0,146.54,941.0,919.0,915.0,938.0,80.0,0.0,0.0,928.25,13.149778198382917,941.0,915.0,26.0,18171.94497020063,16.780382891936174,67.7039157519849
2026-09-05 17:55:49.890000+09:00,safe,1416.0,-172.0,18080.0,14.0,811.41,917.0,940.0,879.0,895.0,80.0,0.0,0.0,907.75,26.550266790875504,940.0,879.0,61.0,18136.180413747545,14.250657879550126,53.234320849237825
2026-09-05 17:55:50.898000+09:00,safe,1276.0,-268.0,18084.0,14.0,811.189,909.0,887.0,891.0,901.0,80.0,0.0,0.0,897.0,9.93310961716756,909.0,887.0,22.0,18130.941950158023,14.457913058252359,46.95211040196732
2026-09-05 17:55:51.899000+09:00,safe,1312.0,-264.0,17992.0,14.0,811.325,920.0,893.0,869.0,904.0,80.0,0.0,0.0,896.5,21.42428528562855,920.0,869.0,51.0,18041.70457578773,13.599862131653541,60.48966793805274
2026-09-05 17:55:52.895000+09:00,safe,1328.0,-268.0,18148.0,15.0,810.849,921.0,884.0,871.0,939.0,80.0,0.0,0.0,903.75,31.63726705432482,939.0,871.0,68.0,18198.497520399866,12.964615304743292,59.40353027627151
2026-09-05 17:55:53.910000+09:00,safe,1312.0,-328.0,18056.0,15.0,810.968,935.0,889.0,923.0,935.0,80.0,0.0,0.0,920.5,21.748563170931547,935.0,889.0,46.0,18106.575159317126,9.818031880167418,56.60201561610424
2026-09-05 17:55:54.858000+09:00,safe,1308.0,-304.0,18096.0,15.0,264.163,939.0,894.0,917.0,908.0,79.0,0.0,0.0,914.5,18.876793513023692,939.0,894.0,45.0,18145.75696960587,10.69813067783263,57.3262202320203
2026-09-05 17:55:55.904000+09:00,safe,1268.0,-200.0,18088.0,16.0,811.206,950.0,911.0,923.0,923.0,79.0,0.0,0.0,926.75,16.5,950.0,911.0,39.0,18133.49298949323,12.283881715483247,57.40701084712111
2026-09-05 17:55:56.898000+09:00,safe,1304.0,-324.0,18080.0,16.0,811.257,926.0,932.0,901.0,895.0,79.0,0.0,0.0,913.5,18.230011885167087,932.0,895.0,37.0,18129.859127968975,8.575765271973326,34.19530865524187
2026-09-05 17:55:57.848000+09:00,safe,1300.0,-280.0,18184.0,16.0,132.294,949.0,895.0,871.0,937.0,79.0,0.0,0.0,913.0,36.3318042491699,949.0,871.0,78.0,18232.56032486935,5.909737726835589,48.47021547769793
2026-09-05 17:55:58.886000+09:00,safe,1320.0,-244.0,18008.0,15.0,811.189,825.0,807.0,767.0,819.0,79.0,0.0,0.0,804.5,26.095976701399778,825.0,767.0,58.0,18057.962232765913,50.604594653054825,62.20109128037762
2026-09-05 17:55:59.897000+09:00,safe,1260.0,-280.0,18040.0,15.0,810.934,920.0,924.0,907.0,920.0,79.0,0.0,0.0,917.75,7.41057802513857,924.0,907.0,17.0,18086.116222119108,50.946233913803525,66.381530750852
2026-09-05 17:56:00.865000+09:00,safe,1344.0,-164.0,18076.0,15.0,298.061,895.0,865.0,883.0,889.0,79.0,0.0,0.0,883.0,12.96148139681572,895.0,865.0,30.0,18126.638077702108,47.81200163138943,66.31042428501407
2026-09-05 17:56:01.887000+09:00,safe,1336.0,-252.0,18016.0,13.0,811.342,937.0,910.0,911.0,895.0,79.0,0.0,0.0,913.25,17.44276354251241,937.0,895.0,42.0,18067.226018401387,47.776628700652225,71.2772103206718
2026-09-05 17:56:02.891000+09:00,safe,1264.0,-212.0,18108.0,13.0,811.427,921.0,920.0,919.0,947.0,79.0,1.0,0.0,926.75,13.524668819112232,947.0,919.0,28.0,18153.300085659357,50.03979666225659,40.52534720544158
2026-09-05 17:56:03.925000+09:00,safe,1276.0,-216.0,18036.0,13.0,811.512,951.0,940.0,925.0,923.0,79.0,0.0,0.0,934.75,13.225606476327151,951.0,923.0,28.0,18082.37064104151,19.765500246641547,35.63419259953436
2026-09-05 17:56:04.886000+09:00,safe,1344.0,-260.0,17896.0,12.0,811.155,828.0,796.0,792.0,803.0,79.0,0.0,0.0,804.75,16.152915113584505,828.0,792.0,36.0,17948.279917585416,52.8653951087097,79.00719960352221
2026-09-05 17:56:05.842000+09:00,safe,1332.0,-352.0,18084.0,12.0,64.481,895.0,849.0,875.0,921.0,79.0,0.0,0.0,885.0,30.506829836393468,921.0,849.0,72.0,18136.40493592928,52.78304652063944,80.68852253018102
2026-09-05 17:56:06.863000+09:00,safe,1388.0,-252.0,18156.0,12.0,369.733,937.0,859.0,886.0,921.0,79.0,0.0,0.0,900.75,35.04639781775011,937.0,859.0,78.0,18210.72167707804,51.86629445024955,99.4511523152012
2026-09-05 17:56:07.895000+09:00,safe,1296.0,-256.0,17908.0,11.0,810.968,920.0,901.0,893.0,917.0,79.0,0.0,0.0,907.75,12.893796958227627,920.0,893.0,27.0,17956.65937751229,49.16286708482314,113.99415516116936
2026-09-05 17:56:08.906000+09:00,safe,1272.0,-272.0,18244.0,11.0,811.189,919.0,943.0,909.0,888.0,79.0,0.0,0.0,914.75,22.838198994958717,943.0,888.0,55.0,18290.311752400503,44.89418113742567,152.48730806022147
2026-09-05 17:56:09.906000+09:00,safe,1236.0,-244.0,18140.0,11.0,811.597,909.0,888.0,889.0,901.0,77.0,0.0,0.0,896.75,10.07885575516057,909.0,888.0,21.0,18183.696873848286,11.277743568639336,124.41955549950657
2026-09-05 17:56:10.853000+09:00,safe,1324.0,-188.0,18184.0,11.0,128.979,905.0,900.0,919.0,887.0,77.0,0.0,0.0,902.75,13.225606476327151,919.0,887.0,32.0,18233.1065921307,6.942621983082896,128.15754640173813
2026-09-05 17:56:11.891000+09:00,safe,1264.0,-320.0,18192.0,11.0,810.883,918.0,883.0,869.0,883.0,77.0,0.0,0.0,888.25,20.902551678363736,918.0,869.0,49.0,18238.66661793016,10.158740079359534,130.69456141059524
2026-09-05 17:56:12.864000+09:00,safe,1368.0,-232.0,18020.0,11.0,140.165,937.0,901.0,887.0,917.0,74.0,0.0,0.0,910.5,21.501937897160182,937.0,887.0,50.0,18073.340809048004,10.60895847856827,82.13186633114667
2026-09-05 17:56:13.848000+09:00,safe,1440.0,-172.0,18192.0,12.0,171.258,872.0,880.0,895.0,893.0,74.0,0.0,0.0,885.0,10.923979738782625,895.0,872.0,23.0,18249.71364158901,10.432221719268892,72.93610799244799
2026-09-05 17:56:14.901000+09:00,safe,1348.0,-284.0,18168.0,12.0,811.172,902.0,879.0,884.0,870.0,74.0,0.0,0.0,883.75,13.475286020464774,902.0,870.0,32.0,18220.153237555387,11.915588529316773,73.2571124853852
2026-09-05 17:56:15.886000+09:00,safe,1256.0,-276.0,18008.0,12.0,811.359,919.0,923.0,925.0,895.0,71.0,0.0,0.0,915.5,13.892443989449804,925.0,895.0,30.0,18053.857648713198,15.164308424718392,95.36252650542727
2026-09-05 17:56:16.886000+09:00,safe,1320.0,-260.0,18020.0,13.0,811.478,939.0,909.0,901.0,918.0,71.0,0.0,0.0,916.75,16.3783393541592,939.0,901.0,38.0,18070.1521853027,16.535378737724315,93.52721009535352
2026-09-05 17:56:17.862000+09:00,safe,1296.0,-308.0,18124.0,13.0,134.504,924.0,905.0,870.0,885.0,71.0,0.0,0.0,896.0,23.53720459187964,924.0,870.0,54.0,18172.88793780449,16.000585926771095,87.96442359539611
2026-09-05 17:56:18.917000+09:00,safe,1364.0,-220.0,18092.0,13.0,811.104,915.0,924.0,887.0,927.0,70.0,0.0,0.0,913.25,18.227726133558185,927.0,887.0,40.0,18144.678558740026,14.568158771786687,69.88265801937793
2026-09-05 17:56:19.853000+09:00,safe,1332.0,-320.0,18028.0,16.0,258.91,953.0,895.0,931.0,940.0,70.0,0.0,0.0,929.75,24.86463351831271,953.0,895.0,58.0,18079.97256635087,12.063633366444193,51.56806380869283
2026-09-05 17:56:20.848000+09:00,safe,1280.0,-272.0,18064.0,16.0,134.13,943.0,922.0,883.0,939.0,70.0,1.0,0.0,921.75,27.390691849604675,943.0,883.0,60.0,18111.33567686271,12.539936203983881,43.24425343983913
2026-09-05 17:56:21.891000+09:00,safe,1340.0,-200.0,18064.0,16.0,811.24,891.0,908.0,877.0,879.0,70.0,0.0,0.0,888.75,14.244882121894399,908.0,877.0,31.0,18114.73698401387,17.220627166278977,35.35402312338125
2026-09-05 17:56:22.844000+09:00,safe,1316.0,-176.0,18088.0,18.0,134.079,953.0,907.0,909.0,907.0,70.0,0.0,0.0,919.0,22.686266036231405,953.0,907.0,46.0,18136.663860809684,15.572411502396974,25.297561666296676
2026-09-05 17:56:23.886000+09:00,safe,1360.0,-228.0,18084.0,18.0,811.172,829.0,809.0,786.0,811.0,70.0,0.0,0.0,808.75,17.63282923034947,829.0,786.0,43.0,18136.50021365754,49.918558673102595,23.28334145831926
2026-09-05 17:56:24.883000+09:00,safe,1384.0,-300.0,18160.0,19.0,810.9,904.0,879.0,857.0,885.0,70.0,0.0,0.0,881.25,19.36276495407272,904.0,857.0,47.0,18215.132610003144,45.669190927801495,42.09173076602865
2026-09-05 17:56:25.846000+09:00,safe,1360.0,-308.0,18000.0,19.0,72.097,907.0,903.0,888.0,934.0,70.0,0.0,0.0,908.0,19.165942015286735,934.0,888.0,46.0,18053.932092483345,43.16559683358944,57.757689856452735
2026-09-05 17:56:27.298000+09:00,safe,1412.0,-236.0,18056.0,19.0,68.85,902.0,909.0,907.0,893.0,70.0,1.0,0.0,902.75,7.135591542869215,909.0,893.0,16.0,18112.66341541188,44.222943705727985,57.91441555076781
2026-09-05 17:56:27.898000+09:00,safe,1288.0,-280.0,18092.0,20.0,812.464,952.0,879.0,913.0,931.0,70.0,0.0,0.0,918.75,30.923292192132454,952.0,879.0,73.0,18139.95060632746,44.173521480633475,58.01364784253293
2026-09-05 17:56:28.888000+09:00,safe,1368.0,-352.0,18112.0,20.0,811.172,875.0,878.0,856.0,910.0,70.0,0.0,0.0,879.75,22.396056200441482,910.0,856.0,54.0,18166.999532118673,17.078495249874553,60.214664836745406
2026-09-05 17:56:29.886000+09:00,safe,1252.0,-148.0,18032.0,20.0,811.155,927.0,915.0,973.0,972.0,70.0,0.0,0.0,946.75,30.137186331839274,973.0,915.0,58.0,18076.01814559833,24.451738179523904,45.96579676554722
2026-09-05 17:56:30.879000+09:00,safe,1552.0,-420.0,18092.0,20.0,662.456,939.0,905.0,905.0,951.0,70.0,0.0,0.0,925.0,23.607908279501032,951.0,905.0,46.0,18163.30278335964,25.069652969277154,37.9989739860533
2026-09-05 17:56:31.861000+09:00,safe,1332.0,-268.0,18072.0,20.0,393.465,931.0,915.0,901.0,891.0,70.0,0.0,0.0,909.5,17.3877351409933,931.0,891.0,40.0,18123.002841692654,24.44598637813551,36.96538731513506
2026-09-05 17:56:32.887000+09:00,safe,1260.0,-180.0,18068.0,20.0,810.764,931.0,901.0,866.0,925.0,70.0,1.0,0.0,905.75,29.5,931.0,866.0,65.0,18112.775160090736,24.763001635504267,37.832690353671076
2026-09-05 17:56:33.888000+09:00,safe,1304.0,-128.0,18100.0,21.0,811.291,921.0,851.0,872.0,933.0,70.0,0.0,0.0,894.25,39.08431057769003,933.0,851.0,82.0,18147.36344486438,20.289313689723137,33.61025284241378
2026-09-05 17:56:34.896000+09:00,safe,1268.0,-232.0,18056.0,21.0,811.206,922.0,924.0,853.0,891.0,70.0,0.0,0.0,897.5,33.291640592396966,924.0,853.0,71.0,18101.955253507836,12.070884391791129,25.210193407342096
2026-09-05 17:56:35.893000+09:00,safe,1348.0,-136.0,18180.0,21.0,811.104,921.0,895.0,935.0,953.0,70.0,0.0,0.0,926.0,24.467665738003422,953.0,895.0,58.0,18230.4141477916,12.45818004364949,51.619567982031896
2026-09-05 17:56:36.879000+09:00,safe,1312.0,-172.0,18000.0,21.0,738.65,919.0,883.0,869.0,919.0,70.0,0.0,0.0,897.5,25.475478405713993,919.0,869.0,50.0,18048.571356204346,12.907604347824833,67.23541047237208
2026-09-05 17:56:37.884000+09:00,safe,1360.0,-304.0,18044.0,21.0,810.713,922.0,924.0,875.0,891.0,70.0,0.0,0.0,903.0,24.013884872437167,924.0,875.0,49.0,18097.733338736096,12.88361362351365,68.42499483437189
2026-09-05 17:56:38.860000+09:00,safe,1320.0,-140.0,18016.0,21.0,225.59,900.0,937.0,863.0,904.0,70.0,0.0,0.0,901.0,30.276503540974915,937.0,863.0,74.0,18064.83479027694,11.973930014827488,71.62350076985366
2026-09-05 17:56:39.893000+09:00,safe,1276.0,-100.0,18112.0,22.0,812.294,939.0,954.0,920.0,916.0,70.0,0.0,0.0,932.25,17.63282923034947,954.0,916.0,38.0,18157.167179932007,15.955406607165683,74.52082218221896
2026-09-05 17:56:40.882000+09:00,safe,1336.0,-192.0,18016.0,22.0,810.985,968.0,935.0,889.0,949.0,70.0,1.0,0.0,935.25,33.668729309751704,968.0,889.0,79.0,18066.488756811603,18.34853536389177,43.09117546777182
2026-09-05 17:56:41.902000+09:00,safe,1380.0,-264.0,18160.0,22.0,811.138,967.0,937.0,887.0,931.0,70.0,0.0,0.0,930.5,33.0,967.0,887.0,80.0,18214.271766941438,16.897300080189947,64.5580627256296
2026-09-05 17:56:42.879000+09:00,safe,1288.0,-232.0,18232.0,22.0,111.486,973.0,902.0,939.0,959.0,70.0,0.0,0.0,943.25,30.836936726378426,973.0,902.0,71.0,18278.911127307336,16.10454128499123,93.30983906692279
2026-09-05 17:56:43.867000+09:00,safe,1348.0,-204.0,18112.0,22.0,537.098,959.0,908.0,921.0,996.0,70.0,0.0,0.0,946.0,39.740827033836794,996.0,908.0,88.0,18163.239358660667,6.836025892284681,78.36716230273129
2026-09-05 17:56:44.849000+09:00,safe,1244.0,-240.0,18064.0,22.0,270.878,918.0,874.0,909.0,937.0,70.0,0.0,0.0,909.5,26.38812864401971,937.0,874.0,63.0,18108.37463716719,14.470444015301892,84.12720528906188
2026-09-05 17:56:45.851000+09:00,safe,1404.0,-188.0,18188.0,22.0,125.681,947.0,943.0,902.0,909.0,70.0,0.0,0.0,925.25,23.0416289933387,947.0,902.0,45.0,18243.078249023656,14.752753980189132,67.12028975323982
2026-09-05 17:56:46.883000+09:00,safe,1312.0,-200.0,18120.0,22.0,810.917,941.0,939.0,900.0,946.0,70.0,1.0,0.0,931.5,21.205345238091898,946.0,900.0,46.0,18168.53720033619,14.752753980189134,68.06705137263522
2026-09-05 17:56:47.898000+09:00,safe,1292.0,-332.0,17940.0,22.0,811.172,949.0,956.0,917.0,915.0,70.0,0.0,0.0,934.25,21.2818388929779,956.0,915.0,41.0,17989.527175554114,13.385393158214908,94.17186302728481
2026-09-05 17:56:48.840000+09:00,safe,1244.0,-192.0,17972.0,22.0,120.241,953.0,933.0,901.0,895.0,70.0,0.0,0.0,920.5,27.34349404642111,953.0,895.0,58.0,18016.02575486614,9.812937888317967,105.31416970804996
2026-09-05 17:56:49.872000+09:00,safe,1324.0,-332.0,18244.0,22.0,612.0,943.0,914.0,920.0,940.0,70.0,0.0,0.0,929.25,14.407752542757436,943.0,914.0,29.0,18294.99210166542,5.398495160689327,135.50291297137292
2026-09-05 17:56:50.867000+09:00,safe,1240.0,-164.0,17800.0,22.0,343.859,933.0,941.0,902.0,919.0,70.0,0.0,0.0,923.75,17.114808402861737,941.0,902.0,39.0,17843.892400482582,5.636377382679954,173.61638119127088
2026-09-05 17:56:51.840000+09:00,safe,1364.0,-128.0,18036.0,22.0,80.75,950.0,891.0,877.0,947.0,70.0,1.0,0.0,916.25,37.69504830434187,950.0,877.0,73.0,18087.956656294817,7.102816342830922,164.84189275018235
2026-09-05 17:56:52.850000+09:00,safe,1292.0,-296.0,17792.0,22.0,129.387,936.0,869.0,871.0,923.0,70.0,0.0,0.0,899.75,34.76947895305115,936.0,869.0,67.0,17841.304436615614,11.202120335007375,189.17613451882696
2026-09-05 17:56:53.881000+09:00,safe,1352.0,-324.0,18072.0,22.0,811.019,969.0,917.0,944.0,951.0,70.0,0.0,0.0,945.25,21.577380131362872,969.0,917.0,52.0,18125.39831286474,16.73842883905134,195.28406611077074
2026-09-05 17:56:54.881000+09:00,safe,1344.0,-96.0,18128.0,23.0,811.206,933.0,906.0,906.0,917.0,70.0,0.0,0.0,915.5,12.767145334803704,933.0,906.0,27.0,18178.006931454285,16.552567776631687,160.87976434486544
2026-09-05 17:56:55.884000+09:00,safe,1400.0,-252.0,18172.0,23.0,683.689,953.0,922.0,886.0,937.0,70.0,0.0,0.0,924.5,28.61817604250837,953.0,886.0,67.0,18227.59139326971,16.597251278449264,149.8017576108121
2026-09-05 17:56:56.882000+09:00,safe,1308.0,-252.0,18140.0,23.0,810.832,877.0,877.0,891.0,901.0,70.0,0.0,0.0,886.5,11.704699910719626,901.0,877.0,24.0,18188.84185427978,22.62700267379631,155.78695174316866
2026-09-05 17:56:57.841000+09:00,safe,1300.0,-196.0,18148.0,23.0,150.246,935.0,927.0,922.0,893.0,70.0,0.0,0.0,919.25,18.300728582946274,935.0,893.0,42.0,18195.557699614485,21.122706976142656,37.158677100921516
2026-09-05 17:56:58.881000+09:00,safe,1360.0,-348.0,18148.0,23.0,812.294,984.0,903.0,902.0,939.0,70.0,0.0,0.0,932.0,38.704004960727254,984.0,902.0,82.0,18202.21437078467,17.38030494554069,18.58757596722874
2026-09-05 17:56:59.840000+09:00,safe,1284.0,-108.0,18228.0,23.0,120.853,944.0,941.0,892.0,949.0,73.0,1.0,0.0,931.5,26.539279065817393,949.0,892.0,57.0,18273.48636686497,18.784967394168834,34.54238869522281
2026-09-05 17:57:00.883000+09:00,safe,1324.0,-104.0,17904.0,23.0,811.121,979.0,925.0,919.0,969.0,73.0,0.0,0.0,948.0,30.397368307141328,979.0,919.0,60.0,17953.189354540882,23.040996072218444,121.95565921856183
2026-09-05 17:57:01.844000+09:00,safe,1316.0,-120.0,18036.0,23.0,120.054,951.0,931.0,927.0,951.0,73.0,0.0,0.0,940.0,12.806248474865697,951.0,927.0,24.0,18084.345495483103,10.72030783140043,125.25581104983598
2026-09-05 17:57:02.882000+09:00,safe,1296.0,-200.0,18212.0,23.0,810.883,985.0,905.0,927.0,947.0,76.0,0.0,0.0,941.0,33.980386499665755,985.0,905.0,80.0,18259.15003498246,6.892024376044057,134.93857339886202
2026-09-05 17:57:03.852000+09:00,safe,1312.0,-92.0,17984.0,23.0,224.978,932.0,941.0,907.0,915.0,76.0,0.0,0.0,923.75,15.521490478258416,941.0,907.0,34.0,18032.028837598948,9.37683315410835,141.20533764285108
2026-09-05 17:57:04.841000+09:00,safe,1304.0,-172.0,18160.0,23.0,131.359,891.0,910.0,883.0,905.0,76.0,0.0,0.0,897.25,12.446552400832395,910.0,883.0,27.0,18207.56985432158,20.350829221434335,125.55398804171179
2026-09-05 17:57:05.881000+09:00,safe,1332.0,-48.0,18016.0,23.0,811.104,901.0,935.0,918.0,940.0,77.0,0.0,0.0,923.5,17.710637105046974,940.0,901.0,39.0,18065.236892994235,17.711754571469918,98.20030457464415
2026-09-05 17:57:07.298000+09:00,safe,1356.0,-212.0,18096.0,22.0,128.486,947.0,878.0,919.0,949.0,77.0,0.0,0.0,923.25,33.129795250398594,949.0,878.0,71.0,18147.972228323473,15.653474055301132,94.9271675106566
2026-09-05 17:57:07.842000+09:00,safe,1296.0,-116.0,18096.0,22.0,130.373,951.0,917.0,862.0,895.0,77.0,0.0,0.0,906.25,37.42882133686107,951.0,862.0,89.0,18142.719972484832,12.331869282472368,70.1802059985801
2026-09-05 17:57:08.857000+09:00,safe,1408.0,-196.0,17940.0,22.0,130.832,939.0,939.0,908.0,903.0,77.0,0.0,0.0,922.25,19.448650338776723,939.0,903.0,36.0,17996.235161833156,12.075284675732718,82.09687382630199
2026-09-05 17:57:09.851000+09:00,safe,1280.0,-76.0,18028.0,19.0,296.956,942.0,971.0,931.0,983.0,77.0,0.0,0.0,956.75,24.308777564218786,983.0,931.0,52.0,18073.543094811266,18.45738334650894,62.64589823876024
2026-09-05 17:57:10.899000+09:00,safe,1340.0,-116.0,18132.0,19.0,810.866,989.0,924.0,947.0,968.0,77.0,1.0,0.0,957.0,27.892651361962706,989.0,924.0,65.0,18181.817290909068,22.727736358907052,74.04366713431214
2026-09-05 17:57:11.878000+09:00,safe,1384.0,-164.0,18056.0,19.0,810.985,955.0,932.0,957.0,927.0,77.0,0.0,0.0,942.75,15.456929406148772,957.0,927.0,30.0,18109.707010330123,22.28368237073903,70.84695567243274
2026-09-05 17:57:12.882000+09:00,safe,1348.0,-176.0,18100.0,18.0,811.07,989.0,907.0,919.0,951.0,77.0,0.0,0.0,941.5,36.71057976478534,989.0,907.0,82.0,18150.98013882446,14.251535005043682,72.15297332766526
2026-09-05 17:57:13.883000+09:00,safe,1316.0,-104.0,18032.0,18.0,812.056,973.0,985.0,979.0,1017.0,77.0,0.0,0.0,988.5,19.621416870348583,1017.0,973.0,44.0,18080.257077818336,18.9418518102108,46.42764483326159
2026-09-05 17:57:14.869000+09:00,safe,1396.0,-200.0,17996.0,18.0,636.531,939.0,933.0,936.0,987.0,77.0,0.0,0.0,948.75,25.617376914898998,987.0,933.0,54.0,18051.172593490985,19.333746403632855,52.6020858274236
2026-09-05 17:57:15.852000+09:00,safe,1252.0,-252.0,18028.0,15.0,371.246,967.0,905.0,942.0,965.0,77.0,0.0,0.0,944.75,28.825625173908485,967.0,905.0,62.0,18073.178801749295,19.895822425825635,38.55384907787311
2026-09-05 17:57:16.848000+09:00,safe,1360.0,-104.0,17924.0,15.0,103.241,928.0,903.0,907.0,933.0,77.0,0.0,0.0,917.75,14.952703211571256,933.0,903.0,30.0,17975.8224290295,25.536126370301083,62.90443454110041
2026-09-05 17:57:17.880000+09:00,safe,1364.0,-48.0,18264.0,15.0,810.951,952.0,933.0,904.0,925.0,77.0,0.0,0.0,928.5,19.87460691435179,952.0,904.0,48.0,18314.925498073968,27.014232359998427,127.57546935918643
2026-09-05 17:57:18.885000+09:00,safe,1208.0,-156.0,17912.0,15.0,811.087,981.0,910.0,935.0,969.0,77.0,0.0,0.0,948.75,32.356091646962966,981.0,910.0,71.0,17953.36581257119,13.933323365227183,143.8383049927999
2026-09-05 17:57:19.879000+09:00,safe,1408.0,-80.0,18080.0,15.0,811.104,973.0,939.0,943.0,925.0,77.0,0.0,0.0,945.0,20.199009876724155,973.0,925.0,48.0,18134.918362099124,13.27521186271563,145.42741567210365
2026-09-05 17:57:20.874000+09:00,safe,1352.0,-160.0,18024.0,15.0,710.294,949.0,954.0,886.0,959.0,77.0,0.0,0.0,937.0,34.2442209236342,959.0,886.0,73.0,18075.344533369203,12.570550902803978,145.366355753048
2026-09-05 17:57:22.313000+09:00,safe,1372.0,-100.0,18000.0,16.0,444.533,968.0,919.0,925.0,968.0,77.0,0.0,0.0,945.0,26.670833007863354,968.0,919.0,49.0,18052.489689790713,8.127115109310685,133.7780097524697
2026-09-05 17:57:22.844000+09:00,safe,1280.0,-172.0,17944.0,16.0,177.157,958.0,933.0,951.0,937.0,77.0,0.0,0.0,944.75,11.729592206608606,958.0,933.0,25.0,17990.417449297835,4.30334172475135,71.3619158932061
2026-09-05 17:57:23.880000+09:00,safe,1332.0,-124.0,18036.0,16.0,810.968,973.0,921.0,952.0,973.0,77.0,0.0,0.0,954.75,24.58149710656371,973.0,921.0,52.0,18085.543840316222,6.2983132662631265,52.6761017022145
2026-09-05 17:57:24.880000+09:00,safe,1336.0,-140.0,18096.0,16.0,811.019,959.0,921.0,915.0,933.0,77.0,0.0,0.0,932.0,19.493588689617926,959.0,915.0,44.0,18145.79047603052,8.68439692782327,56.245733892647145
2026-09-05 17:57:25.886000+09:00,safe,1348.0,-84.0,18068.0,16.0,810.985,965.0,928.0,879.0,939.0,77.0,0.0,0.0,927.75,36.012729231018675,965.0,879.0,86.0,18118.41008477289,10.903841066339249,60.42662099584328
2026-09-05 17:57:26.890000+09:00,safe,1332.0,-148.0,18064.0,15.0,783.309,970.0,927.0,903.0,970.0,77.0,0.0,0.0,942.5,33.231511150312336,970.0,903.0,67.0,18113.647451576395,10.72176524645015,60.02614369115278
2026-09-05 17:57:27.864000+09:00,safe,1376.0,-68.0,17964.0,15.0,517.004,966.0,948.0,913.0,981.0,77.0,0.0,0.0,952.0,29.29163703175362,981.0,913.0,68.0,18016.75042842077,11.89196157074124,49.19999433959655
2026-09-05 17:57:28.852000+09:00,safe,1400.0,-312.0,18424.0,15.0,250.954,909.0,901.0,880.0,895.0,77.0,0.0,0.0,896.25,12.257650672131263,909.0,880.0,29.0,18479.748916043205,21.14429592112224,177.29529995173903
2026-09-05 17:57:29.879000+09:00,safe,1336.0,-144.0,18076.0,15.0,811.257,923.0,889.0,885.0,879.0,77.0,1.0,0.0,894.0,19.765289440498126,923.0,879.0,44.0,18125.876751208478,26.45337880120395,178.33247104178307
2026-09-05 17:57:30.881000+09:00,safe,1336.0,-136.0,18088.0,15.0,811.138,957.0,904.0,903.0,936.0,77.0,0.0,0.0,925.0,26.267851073127396,957.0,903.0,54.0,18137.782003321136,26.345303186715967,177.11362979689412
2026-09-05 17:57:31.904000+09:00,safe,1348.0,-88.0,18248.0,15.0,811.308,910.0,911.0,921.0,927.0,77.0,0.0,0.0,917.25,8.180260794538684,927.0,910.0,17.0,18297.9329980192,23.709570852294792,180.3615491339954
2026-09-05 17:57:32.879000+09:00,safe,1228.0,-184.0,18056.0,17.0,810.951,890.0,900.0,877.0,843.0,77.0,0.0,0.0,877.5,24.85290056847825,900.0,843.0,57.0,18098.64569518946,19.09761110715124,160.9107842448659
2026-09-05 17:57:33.895000+09:00,safe,1332.0,-236.0,18184.0,17.0,810.849,954.0,879.0,893.0,931.0,77.0,0.0,0.0,914.25,34.42261853297431,954.0,879.0,75.0,18234.247338456284,19.436274077095806,83.92718637196256
2026-09-05 17:57:34.878000+09:00,safe,1340.0,-200.0,18028.0,17.0,810.713,927.0,908.0,877.0,949.0,77.0,0.0,0.0,915.25,30.510927004381013,949.0,877.0,72.0,18078.838015757538,18.569632468091186,93.45214209096017
2026-09-05 17:57:35.836000+09:00,safe,1396.0,-260.0,18052.0,17.0,71.944,954.0,879.0,910.0,954.0,77.0,0.0,0.0,924.25,36.609425015970956,954.0,879.0,75.0,18107.764080636793,18.419079781573952,96.89896923801267
2026-09-05 17:57:36.875000+09:00,safe,1304.0,-116.0,17972.0,17.0,811.036,935.0,885.0,907.0,941.0,77.0,0.0,0.0,917.0,25.974346318370873,941.0,885.0,56.0,18019.618641913596,18.393782917061582,78.56124656257589
2026-09-05 17:57:37.876000+09:00,safe,1348.0,-136.0,18148.0,17.0,811.121,932.0,915.0,916.0,903.0,77.0,0.0,0.0,916.5,11.902380714238083,932.0,903.0,29.0,18198.50279555986,3.9504746550239647,87.79499017289562
2026-09-05 17:57:38.880000+09:00,safe,1268.0,-172.0,18084.0,17.0,811.257,891.0,895.0,887.0,907.0,77.0,0.0,0.0,895.0,8.640987597877148,907.0,887.0,20.0,18129.215757996815,10.978103205927097,65.7557210344055
2026-09-05 17:57:39.875000+09:00,safe,1284.0,-144.0,18140.0,17.0,663.272,968.0,923.0,893.0,959.0,77.0,0.0,0.0,935.75,34.5,968.0,893.0,75.0,18185.9559000895,14.88224613423614,71.56604693092697
2026-09-05 17:57:40.856000+09:00,safe,1276.0,-128.0,17932.0,17.0,395.046,943.0,888.0,873.0,906.0,77.0,0.0,0.0,902.5,30.18277654557314,943.0,873.0,70.0,17977.79697293303,15.64808294967747,99.13995490839189
2026-09-05 17:57:41.859000+09:00,safe,1332.0,-136.0,18044.0,17.0,130.934,965.0,907.0,917.0,955.0,77.0,0.0,0.0,936.0,28.307831660749528,965.0,907.0,58.0,18093.608153157293,18.75466608607007,88.70105208142054
2026-09-05 17:57:42.894000+09:00,safe,1256.0,-256.0,18104.0,17.0,811.138,955.0,911.0,851.0,915.0,77.0,0.0,0.0,908.0,42.879676615696006,955.0,851.0,104.0,18149.32197080651,19.20807122019249,79.67327890876477
2026-09-05 17:57:43.887000+09:00,safe,1304.0,-260.0,17976.0,17.0,811.019,963.0,907.0,932.0,925.0,77.0,0.0,0.0,931.75,23.34345018772218,963.0,907.0,56.0,18025.11004127298,16.226328913219614,85.83935153382876
2026-09-05 17:57:44.880000+09:00,safe,1220.0,-152.0,18036.0,17.0,811.002,916.0,922.0,921.0,918.0,77.0,1.0,0.0,919.25,2.753785273643051,922.0,916.0,6.0,18077.853854924262,14.522611679721614,65.74396704501378
2026-09-05 17:57:45.874000+09:00,safe,1372.0,-200.0,17972.0,17.0,736.185,936.0,923.0,919.0,908.0,77.0,1.0,0.0,921.5,11.561430130683084,936.0,908.0,28.0,18025.40340741366,11.027522387190452,52.01983123260957
2026-09-05 17:57:46.881000+09:00,safe,1240.0,-140.0,17964.0,17.0,810.662,935.0,919.0,911.0,919.0,77.0,0.0,0.0,921.0,10.066445913694333,935.0,911.0,24.0,18007.29007929844,8.447262870302216,57.97546856299396
2026-09-05 17:57:47.863000+09:00,safe,1396.0,-148.0,17952.0,16.0,201.671,925.0,915.0,875.0,876.0,77.0,0.0,0.0,897.75,26.01762223314549,925.0,875.0,50.0,18006.804935912423,12.46620431406395,29.05778707883814
2026-09-05 17:57:49.300000+09:00,safe,1316.0,-256.0,18012.0,16.0,70.941,954.0,939.0,888.0,922.0,77.0,0.0,0.0,925.75,28.359301824974466,954.0,888.0,66.0,18061.82537840514,11.050169681954515,32.43246513938491
2026-09-05 17:57:49.874000+09:00,safe,1276.0,-204.0,18188.0,16.0,811.155,927.0,909.0,879.0,875.0,77.0,0.0,0.0,897.5,24.839484696748443,927.0,875.0,52.0,18233.84589163789,13.885018905280141,95.89488958160602
2026-09-05 17:57:50.874000+09:00,safe,1224.0,-212.0,18140.0,16.0,812.26,943.0,901.0,887.0,943.0,77.0,0.0,0.0,918.5,28.861739379323623,943.0,887.0,56.0,18182.4838787224,13.468249700684458,104.2161840436159
2026-09-05 17:57:51.875000+09:00,safe,1144.0,-84.0,17820.0,16.0,810.815,895.0,875.0,875.0,869.0,77.0,0.0,0.0,878.5,11.357816691600547,895.0,869.0,26.0,17856.880802648597,18.80209429824208,149.13502086875758
2026-09-05 17:57:52.861000+09:00,safe,1216.0,-28.0,18056.0,16.0,543.626,955.0,912.0,927.0,957.0,77.0,0.0,0.0,937.75,21.96019125599775,957.0,912.0,45.0,18096.921727188852,23.59064963073266,145.22920081325222
2026-09-05 17:57:53.842000+09:00,safe,1160.0,-220.0,18076.0,16.0,276.335,919.0,925.0,887.0,921.0,77.0,0.0,0.0,913.0,17.511900715418264,925.0,887.0,38.0,18114.51837615342,22.334390522241414,144.91238365006123
2026-09-05 17:57:54.891000+09:00,safe,1308.0,-276.0,18008.0,16.0,811.138,958.0,907.0,937.0,951.0,77.0,0.0,0.0,938.25,22.588713996153036,958.0,907.0,51.0,18057.549778416782,24.405045584878284,123.07235676359046
2026-09-05 17:57:56.300000+09:00,safe,1256.0,-240.0,18328.0,16.0,811.07,968.0,928.0,920.0,953.0,77.0,0.0,0.0,942.25,22.18670773233379,968.0,920.0,48.0,18372.55344256753,26.90457674820377,183.99327896906192
2026-09-05 17:57:57.810000+09:00,safe,1388.0,-148.0,18060.0,15.0,811.104,953.0,923.0,914.0,967.0,77.0,1.0,0.0,939.25,24.904818810824544,967.0,914.0,53.0,18113.863420043777,11.923715863772761,125.94972486953314
2026-09-05 17:57:57.892000+09:00,safe,1328.0,-224.0,18212.0,15.0,811.002,883.0,878.0,879.0,903.0,77.0,0.0,0.0,885.75,11.7011395456454,903.0,878.0,25.0,18261.727848152816,24.2502577305889,129.74061089242338
2026-09-05 17:57:58.862000+09:00,safe,1264.0,-196.0,18132.0,15.0,616.369,954.0,905.0,895.0,927.0,77.0,0.0,0.0,920.25,26.170912606683526,954.0,895.0,59.0,18177.0607084864,23.66009298375614,124.26114463981271
2026-09-05 17:57:59.849000+09:00,safe,1232.0,-240.0,18100.0,14.0,348.568,938.0,950.0,889.0,933.0,77.0,0.0,0.0,927.5,26.639569566092216,950.0,889.0,61.0,18143.46780524605,22.63846284534324,104.62244736709363
2026-09-05 17:58:00.835000+09:00,safe,1248.0,-264.0,18016.0,14.0,83.13,895.0,879.0,921.0,915.0,77.0,0.0,0.0,902.5,19.209372712298546,921.0,879.0,42.0,18061.103399294298,21.116788344821433,74.92677546029604
2026-09-05 17:58:01.872000+09:00,safe,1216.0,-152.0,18096.0,14.0,810.713,893.0,891.0,908.0,919.0,77.0,0.0,0.0,902.75,13.225606476327151,919.0,891.0,28.0,18137.44678834372,16.453533055243362,72.6781322100323
2026-09-05 17:58:02.900000+09:00,safe,1220.0,-196.0,18128.0,16.0,811.138,972.0,894.0,907.0,953.0,77.0,1.0,0.0,931.5,37.00900791248891,972.0,894.0,78.0,18170.06329102901,13.641160141277796,46.089414405857845
2026-09-05 17:58:03.874000+09:00,safe,1224.0,-148.0,18044.0,16.0,810.951,888.0,883.0,878.0,907.0,77.0,0.0,0.0,889.0,12.675435561221029,907.0,878.0,29.0,18086.0724315701,18.139735389469877,44.66729546375031
2026-09-05 17:58:04.876000+09:00,safe,1452.0,-176.0,17988.0,16.0,688.483,917.0,934.0,903.0,953.0,77.0,0.0,0.0,926.75,21.608254595562936,953.0,903.0,50.0,18047.366123620366,17.96785323849195,51.9315226766569
2026-09-05 17:58:05.849000+09:00,safe,1324.0,-192.0,18028.0,15.0,422.433,924.0,948.0,902.0,925.0,77.0,0.0,0.0,924.75,18.786076404259266,948.0,902.0,46.0,18077.57240339532,18.24434843999603,49.26920978726418
2026-09-05 17:58:06.843000+09:00,safe,1300.0,-256.0,18140.0,15.0,156.23,937.0,894.0,852.0,905.0,77.0,0.0,0.0,897.0,35.10935297989222,937.0,852.0,85.0,18188.324166893442,19.353132821328572,61.6727134943966
2026-09-05 17:58:07.876000+09:00,safe,1420.0,-276.0,18172.0,15.0,811.07,941.0,939.0,906.0,915.0,77.0,0.0,0.0,925.25,17.44276354251241,941.0,906.0,35.0,18229.486004821967,18.08435096982983,78.60678465364715
2026-09-05 17:58:08.887000+09:00,safe,1212.0,-212.0,17964.0,14.0,811.002,967.0,889.0,915.0,926.0,77.0,0.0,0.0,924.25,32.448677425538726,967.0,889.0,78.0,18006.087415093818,12.668366114064806,95.11004985731591
2026-09-05 17:58:09.875000+09:00,safe,1336.0,-208.0,18004.0,14.0,811.104,965.0,887.0,923.0,953.0,77.0,0.0,0.0,932.0,34.813790371058424,965.0,887.0,78.0,18054.69955440965,13.59296693146811,93.9567472532609
2026-09-05 17:58:10.868000+09:00,safe,1236.0,-72.0,17956.0,14.0,762.484,905.0,873.0,894.0,901.0,76.0,0.0,0.0,893.25,14.244882121894399,905.0,873.0,32.0,17998.633725924865,17.85059522817056,106.78356932868444
2026-09-05 17:58:11.866000+09:00,safe,1280.0,-184.0,18184.0,16.0,496.434,943.0,893.0,890.0,903.0,76.0,0.0,0.0,907.25,24.472773987978286,943.0,890.0,53.0,18229.923532478133,15.834692924082407,116.96437459516684
2026-09-05 17:58:12.968000+09:00,safe,1260.0,-244.0,18072.0,16.0,228.106,926.0,926.0,874.0,935.0,76.0,0.0,0.0,915.25,27.825348155953055,935.0,874.0,61.0,18117.51417827512,15.04950165287826,95.65383542593828
2026-09-05 17:58:13.891000+09:00,safe,1260.0,-316.0,17980.0,16.0,811.053,949.0,911.0,923.0,903.0,73.0,0.0,0.0,921.5,20.09145755455952,949.0,903.0,46.0,18026.86484111977,14.644324839335725,91.94503729292964
2026-09-05 17:58:14.876000+09:00,safe,1388.0,-292.0,18108.0,17.0,812.311,938.0,905.0,877.0,921.0,73.0,0.0,0.0,910.25,25.940637360455632,938.0,877.0,61.0,18163.465308139854,10.568230693923438,95.6210933347022
2026-09-05 17:58:17.312000+09:00,safe,1328.0,-264.0,18040.0,17.0,128.588,953.0,886.0,906.0,941.0,73.0,0.0,0.0,921.5,30.946189857019014,953.0,886.0,67.0,18090.74017280664,6.4628747473539585,76.39756055299927
2026-09-05 17:58:17.381000+09:00,safe,1348.0,-192.0,18044.0,17.0,810.781,849.0,857.0,824.0,851.0,71.0,0.0,0.0,845.25,14.568802284333465,857.0,824.0,33.0,18095.300605405813,32.48797854591734,49.4562775723162
2026-09-05 17:58:17.864000+09:00,safe,1332.0,-184.0,18180.0,18.0,569.602,895.0,891.0,889.0,890.0,71.0,0.0,0.0,891.25,2.6299556396765835,895.0,889.0,6.0,18229.659349532565,31.947906817192038,77.53626329627988
2026-09-05 17:58:18.840000+09:00,safe,1324.0,-216.0,17892.0,18.0,301.631,935.0,915.0,903.0,937.0,71.0,0.0,0.0,922.5,16.36052158907737,937.0,903.0,34.0,17942.221044229726,32.13477477748967,106.94618219614215
2026-09-05 17:58:19.827000+09:00,safe,1276.0,-216.0,18156.0,18.0,64.515,857.0,892.0,903.0,877.0,72.0,0.0,0.0,882.25,19.922767545365446,903.0,857.0,46.0,18202.064937803072,31.93812377081637,113.4803500279477
2026-09-05 17:58:20.872000+09:00,safe,1276.0,-144.0,18144.0,20.0,811.291,943.0,925.0,908.0,933.0,72.0,1.0,0.0,927.25,14.795832746644125,943.0,908.0,35.0,18189.382837248766,33.31497411075063,117.36881574336384
2026-09-05 17:58:21.902000+09:00,safe,1256.0,-228.0,18008.0,20.0,812.124,941.0,867.0,863.0,923.0,72.0,0.0,0.0,898.5,39.408120990476064,941.0,863.0,78.0,18053.187640968008,19.67279212516577,122.05377820949988
2026-09-05 17:58:22.880000+09:00,safe,1216.0,-180.0,17868.0,20.0,811.036,895.0,874.0,906.0,911.0,75.0,0.0,0.0,896.5,16.421530582338136,911.0,874.0,37.0,17910.233945987417,18.92468625895775,135.34108169065559
2026-09-05 17:58:23.865000+09:00,safe,1312.0,-164.0,18104.0,19.0,641.869,940.0,921.0,888.0,939.0,75.0,0.0,0.0,922.0,24.289915602982237,940.0,888.0,52.0,18152.219037902778,18.812728403928663,121.78451684622272
2026-09-05 17:58:24.844000+09:00,safe,1296.0,-148.0,18132.0,19.0,375.598,953.0,923.0,921.0,954.0,75.0,0.0,0.0,937.75,18.20942979154848,954.0,921.0,33.0,18178.859810230122,18.17501719393918,117.35159949400241
2026-09-05 17:58:25.833000+09:00,safe,1376.0,-268.0,18268.0,19.0,39.236,943.0,885.0,887.0,909.0,78.0,0.0,0.0,906.0,26.956755492207638,943.0,885.0,58.0,18321.709090584318,17.474624459483664,152.9724157152067
2026-09-05 17:58:26.885000+09:00,safe,1180.0,-200.0,18012.0,17.0,811.75,975.0,909.0,937.0,957.0,78.0,1.0,0.0,944.5,28.30194339616981,975.0,909.0,66.0,18051.718588544416,20.362035752841233,153.14192203975057
2026-09-05 17:58:27.875000+09:00,safe,1264.0,-112.0,18064.0,17.0,811.138,944.0,942.0,909.0,947.0,78.0,0.0,0.0,935.5,17.7857620959388,947.0,909.0,38.0,18108.51556588778,15.304819502365408,101.1282129666927
2026-09-05 17:58:28.871000+09:00,safe,1356.0,-132.0,18092.0,17.0,811.053,922.0,951.0,888.0,935.0,78.0,0.0,0.0,924.0,26.770630673681683,951.0,888.0,63.0,18143.225292102834,15.09594316364448,101.43862522573562
2026-09-05 17:58:29.826000+09:00,safe,1352.0,-120.0,18196.0,17.0,86.173,923.0,919.0,923.0,908.0,78.0,0.0,0.0,918.25,7.088723439378913,923.0,908.0,15.0,18246.553647195953,14.966211945578758,108.70769444206101
2026-09-05 17:58:30.849000+09:00,safe,1316.0,-164.0,18120.0,17.0,448.137,967.0,913.0,921.0,944.0,77.0,0.0,0.0,936.25,24.34988021873345,967.0,913.0,54.0,18168.465868091338,10.478251285399887,72.26854550918128
2026-09-05 17:58:31.835000+09:00,safe,1244.0,-176.0,18092.0,19.0,181.934,959.0,916.0,922.0,943.0,77.0,0.0,0.0,935.0,19.748417658131498,959.0,916.0,43.0,18135.57211669927,8.18802479234062,52.65661384622637
2026-09-05 17:58:33.292000+09:00,safe,1304.0,-228.0,18068.0,19.0,812.311,948.0,894.0,873.0,942.0,77.0,0.0,0.0,914.25,36.609425015970956,948.0,873.0,75.0,18116.42967032964,9.838381472578932,50.79048178840153
2026-09-05 17:58:33.839000+09:00,safe,1284.0,-232.0,18000.0,19.0,128.248,964.0,877.0,909.0,936.0,74.0,0.0,0.0,921.5,37.20663023351259,964.0,877.0,87.0,18047.22915020475,9.999062456049787,72.98110622032367
2026-09-05 17:58:34.829000+09:00,safe,1228.0,-132.0,18016.0,19.0,128.452,932.0,901.0,863.0,919.0,74.0,0.0,0.0,903.75,29.993054751614302,932.0,863.0,69.0,18058.285189906597,13.832253973954655,51.50912492246384
2026-09-05 17:58:35.866000+09:00,safe,1360.0,-132.0,18016.0,19.0,789.31,907.0,911.0,903.0,891.0,74.0,0.0,0.0,903.0,8.640987597877148,911.0,891.0,20.0,18067.741419446982,13.342835155992308,38.676629486428354
2026-09-05 17:58:36.851000+09:00,safe,1256.0,-148.0,18060.0,19.0,522.155,920.0,883.0,915.0,909.0,70.0,0.0,0.0,906.75,16.45954636879968,920.0,883.0,37.0,18104.227130700718,7.887093888117745,30.009988876536625
2026-09-05 17:58:37.850000+09:00,safe,1372.0,-148.0,18020.0,20.0,255.578,925.0,939.0,887.0,945.0,70.0,1.0,0.0,924.0,26.05123157677323,945.0,887.0,58.0,18072.760940155214,10.132558906810484,21.44735961569221
2026-09-05 17:58:38.884000+09:00,safe,1276.0,-112.0,18192.0,20.0,810.968,921.0,925.0,913.0,949.0,70.0,0.0,0.0,927.0,15.491933384829668,949.0,913.0,36.0,18237.038794716645,11.63588200352618,74.1608918202126
2026-09-05 17:58:39.877000+09:00,safe,1324.0,-188.0,18096.0,20.0,810.985,965.0,893.0,923.0,940.0,0.0,0.0,0.0,930.25,30.236567265481707,965.0,893.0,72.0,18145.344747344978,12.434076161902192,69.65034781728635
2026-09-05 17:58:40.869000+09:00,safe,1332.0,-92.0,18004.0,19.0,810.968,955.0,909.0,917.0,943.0,0.0,0.0,0.0,931.0,21.602468994692867,955.0,909.0,46.0,18053.44022617296,9.93006797559736,72.8322090757082
2026-09-05 17:58:41.881000+09:00,safe,1292.0,-64.0,17992.0,19.0,810.798,874.0,895.0,858.0,877.0,0.0,0.0,0.0,876.0,15.165750888103101,895.0,858.0,37.0,18038.442948325668,23.44914710602465,82.29900789322349
2026-09-05 17:58:42.864000+09:00,safe,1284.0,-268.0,18112.0,19.0,595.476,953.0,937.0,937.0,921.0,64.0,0.0,0.0,937.0,13.063945294843617,953.0,921.0,32.0,18159.43347133935,24.998749968748122,81.7772125738613
2026-09-05 17:58:44.297000+09:00,safe,1440.0,-164.0,18160.0,18.0,330.361,905.0,871.0,909.0,903.0,64.0,0.0,0.0,897.0,17.511900715418264,909.0,871.0,38.0,18217.741243084994,26.527108775740793,75.48339960394951
2026-09-05 17:58:44.836000+09:00,safe,1380.0,-132.0,18144.0,18.0,63.019,909.0,856.0,910.0,922.0,64.0,0.0,0.0,899.25,29.432125305522874,922.0,856.0,66.0,18196.883249611732,25.45363431810837,82.50983691657436
2026-09-05 17:58:45.873000+09:00,safe,1292.0,-180.0,18024.0,18.0,810.968,933.0,895.0,885.0,879.0,62.0,0.0,0.0,898.0,24.24871130596428,933.0,879.0,54.0,18071.143848688716,22.068359703430247,78.51523788580079
2026-09-05 17:58:46.879000+09:00,safe,1212.0,-152.0,18076.0,17.0,811.087,940.0,931.0,876.0,904.0,62.0,0.0,0.0,912.75,28.883386228072357,940.0,876.0,64.0,18117.224511497338,17.014148524095575,59.45071073975366
2026-09-05 17:58:47.875000+09:00,safe,1296.0,-160.0,18004.0,17.0,811.308,845.0,871.0,879.0,866.0,62.0,0.0,0.0,865.25,14.522970311429637,879.0,845.0,34.0,18051.294468818574,17.533361058279258,74.14519351155184
2026-09-05 17:58:48.871000+09:00,safe,1348.0,-196.0,18152.0,17.0,667.505,957.0,922.0,887.0,939.0,62.0,0.0,0.0,926.25,29.81470554385313,957.0,887.0,70.0,18203.038867178195,22.711781083833646,70.014589227335
2026-09-05 17:58:49.846000+09:00,safe,1288.0,-88.0,17968.0,17.0,399.772,960.0,888.0,919.0,947.0,62.0,0.0,0.0,928.5,31.963520874063086,960.0,888.0,72.0,18014.319637443987,25.914884719017834,72.61248094670931
2026-09-05 17:58:50.835000+09:00,safe,1288.0,-160.0,17984.0,17.0,134.708,927.0,923.0,921.0,949.0,62.0,0.0,0.0,930.0,12.909944487358056,949.0,921.0,28.0,18030.77369388236,27.312657322201083,77.50793749897377
2026-09-05 17:58:51.868000+09:00,safe,1272.0,-216.0,18088.0,17.0,811.087,941.0,955.0,927.0,932.0,64.0,0.0,0.0,938.75,12.284814474246922,955.0,927.0,28.0,18133.956655953494,29.72845858768975,79.66828268431404
2026-09-05 17:58:52.919000+09:00,safe,1276.0,-188.0,18072.0,18.0,811.087,967.0,931.0,917.0,909.0,64.0,1.0,0.0,931.0,25.664502073226878,967.0,909.0,58.0,18117.96633179342,4.738802591370992,77.8239312299642
2026-09-05 17:58:53.845000+09:00,safe,1308.0,-160.0,17988.0,18.0,129.285,907.0,905.0,920.0,941.0,64.0,0.0,0.0,918.25,16.560495161679196,941.0,905.0,36.0,18036.202704560626,7.338681761732437,55.036727823202526
2026-09-05 17:58:54.969000+09:00,safe,1328.0,-200.0,17968.0,18.0,740.027,919.0,924.0,916.0,917.0,0.0,0.0,0.0,919.0,3.559026084010437,924.0,916.0,8.0,18018.1188807267,8.700933857924921,54.152859009042004
2026-09-05 17:58:55.886000+09:00,safe,1308.0,-196.0,18188.0,19.0,474.249,948.0,883.0,939.0,949.0,0.0,0.0,0.0,929.75,31.489416211377012,949.0,883.0,66.0,18236.025444158604,8.682957445478138,87.17228164436001
2026-09-05 17:58:56.843000+09:00,safe,1252.0,-224.0,18080.0,19.0,206.499,953.0,947.0,915.0,892.0,0.0,0.0,0.0,926.75,28.546745290254485,953.0,892.0,61.0,18124.681514443226,5.982787811713223,86.59065758850221
2026-09-05 17:58:57.833000+09:00,safe,1328.0,-228.0,18116.0,19.0,133.858,916.0,895.0,917.0,928.0,68.0,0.0,0.0,914.0,13.784048752090222,928.0,895.0,33.0,18166.04040510755,6.493746992298381,90.73810035077433
2026-09-05 17:58:58.836000+09:00,safe,1360.0,-300.0,18152.0,20.0,134.402,947.0,943.0,916.0,973.0,68.0,0.0,0.0,944.75,23.32916629457641,973.0,916.0,57.0,18205.348225178226,11.785319257448403,84.78611885400008
2026-09-05 17:58:59.831000+09:00,safe,1256.0,-132.0,18080.0,20.0,133.807,971.0,969.0,951.0,926.0,68.0,0.0,0.0,954.25,20.870633275809656,971.0,926.0,45.0,18124.054733971647,15.781318069159632,49.45124366640372
2026-09-05 17:59:00.836000+09:00,safe,1440.0,-276.0,18044.0,20.0,133.348,916.0,901.0,917.0,921.0,65.0,0.0,0.0,913.75,8.770214744615247,921.0,901.0,20.0,18103.472374105473,18.260613352239417,40.805337046964645
2026-09-05 17:59:01.854000+09:00,safe,1276.0,-232.0,18044.0,21.0,546.975,918.0,905.0,887.0,915.0,65.0,0.0,0.0,906.25,13.985111130532118,918.0,887.0,31.0,18090.548250398606,21.400642513718708,47.32939421329167
2026-09-05 17:59:02.834000+09:00,safe,1264.0,-236.0,17984.0,21.0,281.027,965.0,939.0,941.0,911.0,65.0,0.0,0.0,939.0,22.090722034374522,965.0,911.0,54.0,18029.909816746174,20.627348351157124,63.486248896939216
2026-09-05 17:59:03.875000+09:00,safe,1324.0,-256.0,18088.0,21.0,810.815,933.0,934.0,916.0,906.0,62.0,0.0,0.0,922.25,13.62289739127963,934.0,906.0,28.0,18138.19880804045,19.462785001124185,41.87370726206836
2026-09-05 17:59:04.867000+09:00,safe,1364.0,-196.0,18132.0,21.0,811.002,924.0,924.0,880.0,967.0,62.0,0.0,0.0,923.75,35.518774378254285,967.0,880.0,87.0,18184.28816313688,12.280574090814516,57.32964958558031
2026-09-05 17:59:05.869000+09:00,safe,1320.0,-228.0,18128.0,21.0,811.172,966.0,968.0,910.0,925.0,62.0,0.0,0.0,942.25,29.23895802977026,968.0,910.0,58.0,18177.42468008051,14.489651479589996,64.54149828538218
2026-09-05 17:59:06.867000+09:00,safe,1356.0,-108.0,18124.0,21.0,811.835,926.0,941.0,951.0,955.0,62.0,0.0,0.0,943.25,12.919623317522328,955.0,926.0,29.0,18174.976643726397,10.267667700114968,64.62178820960482
2026-09-05 17:59:07.868000+09:00,safe,1304.0,-192.0,18004.0,22.0,621.469,909.0,904.0,947.0,956.0,62.0,0.0,0.0,929.0,26.318561257535844,956.0,904.0,52.0,18052.182582723897,10.046143538691066,55.12256857465211
2026-09-05 17:59:08.839000+09:00,safe,1260.0,-148.0,17976.0,22.0,353.804,917.0,949.0,883.0,949.0,62.0,0.0,0.0,924.5,31.51190251317746,949.0,883.0,66.0,18020.712527533422,9.531854489026996,78.885715645143
2026-09-05 17:59:09.835000+09:00,safe,1244.0,-300.0,18096.0,22.0,85.986,978.0,942.0,932.0,927.0,62.0,0.0,0.0,944.75,23.02715787933891,978.0,927.0,51.0,18141.189376664366,9.308933880954585,72.4596077471712
2026-09-05 17:59:10.868000+09:00,safe,1292.0,-104.0,18004.0,22.0,810.934,979.0,941.0,939.0,957.0,62.0,0.0,0.0,954.0,18.51125783588643,979.0,939.0,40.0,18050.598217233688,12.107074378229617,66.33891734958611
2026-09-05 17:59:11.897000+09:00,safe,1480.0,-204.0,18000.0,22.0,811.019,967.0,959.0,950.0,927.0,62.0,1.0,0.0,950.75,17.289206652321173,967.0,927.0,40.0,18061.894031357842,13.167906059810118,45.13050157241106
2026-09-05 17:59:12.885000+09:00,safe,1344.0,-208.0,18048.0,22.0,811.784,947.0,965.0,907.0,921.0,62.0,1.0,0.0,935.0,25.974346318370873,965.0,907.0,58.0,18099.168599689878,12.07450827156054,46.58080275485965
2026-09-05 17:59:13.867000+09:00,safe,1300.0,-220.0,18016.0,23.0,693.141,951.0,950.0,941.0,925.0,62.0,0.0,0.0,941.75,12.0381338531629,951.0,925.0,26.0,18064.181575703893,7.48957608947156,37.06774899256587
2026-09-05 17:59:14.848000+09:00,safe,1300.0,-220.0,18136.0,23.0,426.445,949.0,927.0,937.0,970.0,62.0,0.0,0.0,945.75,18.5,970.0,927.0,43.0,18183.86361585458,7.486237372671542,54.508341451829345
2026-09-05 17:59:15.853000+09:00,safe,1408.0,-276.0,18172.0,23.0,132.668,979.0,949.0,907.0,923.0,62.0,0.0,0.0,939.5,31.51190251317746,979.0,907.0,72.0,18228.555181363114,6.008847643266068,75.00839249514858
2026-09-05 17:59:16.916000+09:00,safe,1292.0,-240.0,18188.0,23.0,811.036,979.0,877.0,921.0,966.0,62.0,0.0,0.0,935.75,46.385162857678246,979.0,877.0,102.0,18235.41082619199,4.427894533520871,77.15683682985171
2026-09-05 17:59:17.876000+09:00,safe,1328.0,-208.0,18056.0,23.0,811.104,931.0,902.0,920.0,909.0,62.0,0.0,0.0,915.5,12.7148207485071,931.0,902.0,29.0,18105.96542579268,11.832951871785161,75.81614537168511
2026-09-05 17:59:18.880000+09:00,safe,1336.0,-156.0,18064.0,23.0,812.09,965.0,951.0,943.0,967.0,62.0,0.0,0.0,956.5,11.474609652039003,967.0,943.0,24.0,18114.009164180083,15.116836639984694,61.3829937340675
2026-09-05 17:59:19.969000+09:00,safe,1364.0,-180.0,18132.0,23.0,767.533,940.0,894.0,926.0,966.0,62.0,0.0,0.0,931.5,29.99444392994587,966.0,894.0,72.0,18184.122744856293,14.7711712467219,61.393975461674735
2026-09-05 17:59:20.856000+09:00,safe,1256.0,-228.0,17992.0,23.0,500.123,935.0,939.0,912.0,959.0,62.0,0.0,0.0,936.25,19.276496915501358,959.0,912.0,47.0,18037.22772490274,14.635786620471883,76.38359588991615
2026-09-05 17:59:21.841000+09:00,safe,1316.0,-264.0,18148.0,23.0,232.56,941.0,937.0,919.0,945.0,62.0,0.0,0.0,935.5,11.474609652039003,945.0,919.0,26.0,18197.567309945578,14.633437736908707,65.01922717175914
2026-09-05 17:59:24.286000+09:00,safe,1352.0,-72.0,18128.0,23.0,126.735,987.0,896.0,954.0,959.0,62.0,0.0,0.0,949.0,38.201221620955174,987.0,896.0,91.0,18178.489266162906,10.541584321153254,66.99595790548031
2026-09-05 17:59:24.454000+09:00,safe,1208.0,-128.0,17968.0,23.0,810.917,904.0,867.0,917.0,923.0,62.0,1.0,0.0,902.75,25.11805459558257,923.0,867.0,56.0,18009.01640845496,17.103544954189587,90.4292032480386
2026-09-05 17:59:24.865000+09:00,safe,1332.0,-144.0,18112.0,23.0,810.9,907.0,889.0,895.0,935.0,62.0,0.0,0.0,906.5,20.42057785666214,935.0,889.0,46.0,18161.4840803278,20.28007026615007,86.9980333940388
2026-09-05 17:59:25.868000+09:00,safe,1388.0,-172.0,18080.0,23.0,810.645,957.0,909.0,889.0,947.0,62.0,0.0,0.0,925.5,31.93221988316294,957.0,889.0,68.0,18134.01577147213,19.475625792255922,74.78972823753074
2026-09-05 17:59:26.830000+09:00,safe,1288.0,-192.0,18112.0,23.0,138.839,937.0,911.0,911.0,912.0,62.0,0.0,0.0,917.75,12.84198842339716,937.0,911.0,26.0,18158.754142286303,18.40974606017107,68.57264793159806
2026-09-05 17:59:27.832000+09:00,safe,1316.0,-236.0,18124.0,23.0,133.552,919.0,923.0,926.0,947.0,62.0,0.0,0.0,928.75,12.5,947.0,919.0,28.0,18173.2475908958,11.41681873377973,67.64836486282857
2026-09-05 17:59:28.839000+09:00,safe,1304.0,-116.0,18132.0,23.0,128.877,944.0,937.0,895.0,952.0,62.0,0.0,0.0,932.0,25.41653005427767,952.0,895.0,57.0,18179.19954233409,10.198958280137424,17.42178849141172
2026-09-05 17:59:29.823000+09:00,safe,1352.0,-188.0,18112.0,23.0,137.326,965.0,889.0,927.0,953.0,62.0,0.0,0.0,933.5,33.64025366531392,965.0,889.0,76.0,18163.364005602045,6.2624875249363665,17.445938101594706
2026-09-05 17:59:30.870000+09:00,safe,1284.0,-172.0,18076.0,23.0,811.036,947.0,941.0,916.0,923.0,62.0,0.0,0.0,931.75,14.637281168304447,947.0,916.0,31.0,18122.36231841754,6.386019887221117,22.20189705567277
2026-09-05 17:59:31.863000+09:00,safe,1328.0,-156.0,17976.0,23.0,811.954,939.0,895.0,893.0,927.0,62.0,0.0,0.0,913.5,23.057898140695016,939.0,893.0,46.0,18025.662151499455,8.23217771916906,63.85636606825398
2026-09-05 17:59:32.825000+09:00,safe,1248.0,-224.0,17924.0,23.0,126.055,983.0,909.0,915.0,939.0,62.0,0.0,0.0,936.5,33.60059523282288,983.0,909.0,74.0,17968.791166909363,9.114548809457515,91.10365178118062
2026-09-05 17:59:33.847000+09:00,safe,1284.0,-120.0,18052.0,23.0,379.712,940.0,935.0,909.0,936.0,62.0,0.0,0.0,930.0,14.165686240583852,940.0,909.0,31.0,18098.00430986798,9.018037480515561,77.93121482296316
2026-09-05 17:59:34.848000+09:00,safe,1380.0,-212.0,18060.0,23.0,113.203,971.0,903.0,933.0,968.0,62.0,0.0,0.0,943.75,32.18048062620155,971.0,903.0,68.0,18113.88815246467,11.186766735745557,66.27712158988611
2026-09-05 17:59:35.867000+09:00,safe,1268.0,-252.0,18104.0,23.0,810.934,940.0,920.0,875.0,903.0,62.0,0.0,0.0,909.5,27.525745524266306,940.0,875.0,65.0,18150.10038539732,14.728373976783153,73.01925282486533
2026-09-05 17:59:36.865000+09:00,safe,1344.0,-156.0,17908.0,23.0,811.954,947.0,924.0,919.0,917.0,62.0,1.0,0.0,926.75,13.81725973797506,947.0,917.0,30.0,17959.040508891336,12.842069537266307,87.97372051891776
2026-09-05 17:59:37.872000+09:00,safe,1228.0,-260.0,18092.0,23.0,812.192,939.0,903.0,911.0,891.0,62.0,0.0,0.0,911.0,20.396078054371138,939.0,891.0,48.0,18135.491391192023,14.253727582635475,76.58020247879716
2026-09-05 17:59:38.858000+09:00,safe,1264.0,-152.0,18056.0,23.0,719.848,935.0,941.0,881.0,947.0,62.0,0.0,0.0,926.0,30.397368307141328,947.0,881.0,66.0,18100.82694243553,13.955957509249712,76.65230445919792
2026-09-05 17:59:39.840000+09:00,safe,1280.0,-132.0,18116.0,23.0,453.917,965.0,921.0,933.0,941.0,62.0,0.0,0.0,940.0,18.583146486355137,965.0,921.0,44.0,18161.643097473312,12.62636131274499,82.80961945032956
2026-09-05 17:59:40.887000+09:00,safe,1312.0,-212.0,18140.0,23.0,186.388,954.0,911.0,895.0,951.0,62.0,0.0,0.0,927.75,29.341381471680343,954.0,895.0,59.0,18188.619738726742,10.297754609621629,89.95410338115296
2026-09-05 17:59:41.861000+09:00,safe,1280.0,-176.0,18160.0,23.0,811.172,941.0,923.0,867.0,903.0,62.0,0.0,0.0,908.5,31.722757341273685,941.0,867.0,74.0,18205.90497613343,12.982680770934152,41.892383241537104
2026-09-05 17:59:42.869000+09:00,safe,1352.0,-152.0,18144.0,23.0,812.107,956.0,957.0,891.0,941.0,62.0,0.0,0.0,936.25,31.041638702448253,957.0,891.0,66.0,18194.93731783652,12.205787561644,42.16555150241143
2026-09-05 17:59:43.885000+09:00,safe,1348.0,-192.0,18072.0,23.0,810.815,908.0,939.0,895.0,855.0,62.0,0.0,0.0,899.25,34.79822792423009,939.0,855.0,84.0,18123.221347210874,17.743484719749485,33.15666026047918
2026-09-05 17:59:44.867000+09:00,safe,1396.0,-68.0,18140.0,23.0,793.441,916.0,873.0,892.0,927.0,62.0,0.0,0.0,902.0,24.23496097239138,927.0,873.0,54.0,18193.763766741613,16.379293330299195,33.06597456528529
2026-09-05 17:59:45.857000+09:00,safe,972.0,-220.0,18008.0,23.0,526.966,948.0,931.0,896.0,903.0,62.0,0.0,0.0,919.5,24.28305307548181,948.0,896.0,52.0,18035.55510651114,15.108565451424685,72.2364827845466
2026-09-05 17:59:46.827000+09:00,safe,1368.0,-212.0,18064.0,23.0,259.097,893.0,909.0,892.0,891.0,62.0,0.0,0.0,896.25,8.539125638299666,909.0,891.0,18.0,18116.966191942844,16.92501846380037,65.91019860469932
2026-09-05 17:59:47.820000+09:00,safe,1204.0,-320.0,18060.0,23.0,128.078,973.0,953.0,936.0,919.0,62.0,0.0,0.0,945.25,23.128265535198842,973.0,919.0,54.0,18102.917333954767,20.44153247679789,56.41662413621457
2026-09-05 17:59:48.858000+09:00,safe,1308.0,-208.0,18028.0,23.0,127.534,967.0,917.0,936.0,970.0,62.0,1.0,0.0,947.5,25.48855952514121,970.0,917.0,53.0,18076.584633165636,23.770123053951203,58.43037727431826
2026-09-05 17:59:49.886000+09:00,safe,1332.0,-16.0,18184.0,23.0,811.104,915.0,923.0,872.0,927.0,62.0,0.0,0.0,909.25,25.329495323305068,927.0,872.0,55.0,18232.727058780867,22.42027542203668,73.7830221647056
2026-09-05 17:59:50.874000+09:00,safe,1228.0,-176.0,18088.0,23.0,810.883,935.0,916.0,919.0,948.0,62.0,0.0,0.0,929.5,14.888474289418197,948.0,916.0,32.0,18130.491002727973,22.414699418015452,59.77222909155451
2026-09-05 17:59:51.859000+09:00,safe,1332.0,-176.0,18060.0,22.0,599.267,937.0,930.0,943.0,923.0,62.0,0.0,0.0,933.25,8.65544144839919,943.0,923.0,20.0,18109.908889886774,15.302573313007935,60.295174696417334
2026-09-05 17:59:52.832000+09:00,safe,1296.0,-92.0,18072.0,22.0,332.486,926.0,937.0,908.0,943.0,62.0,0.0,0.0,928.5,15.37313674346694,943.0,908.0,35.0,18118.644099380064,13.68461727634291,58.88869598950913
2026-09-05 17:59:53.816000+09:00,safe,1340.0,-192.0,18148.0,22.0,67.082,953.0,895.0,921.0,955.0,62.0,0.0,0.0,931.0,28.61235164516658,955.0,895.0,60.0,18198.4166344218,9.697615686341827,54.39673088365141
2026-09-05 17:59:54.827000+09:00,safe,1300.0,-180.0,18076.0,19.0,128.741,917.0,895.0,905.0,889.0,62.0,0.0,0.0,901.5,12.26104943849968,917.0,889.0,28.0,18123.580661668377,13.119641763401289,35.574505355587576
2026-09-05 17:59:55.820000+09:00,safe,1384.0,-200.0,18036.0,19.0,126.735,955.0,921.0,965.0,959.0,62.0,0.0,0.0,950.0,19.765289440498126,965.0,921.0,44.0,18090.128578868644,17.460312139248344,41.312850492633515
2026-09-05 17:59:56.858000+09:00,safe,1312.0,-108.0,18028.0,19.0,811.155,915.0,931.0,901.0,895.0,62.0,0.0,0.0,910.5,16.0312195418814,931.0,895.0,36.0,18076.000442575787,18.929474371994143,47.38914248911988
2026-09-05 17:59:57.856000+09:00,safe,1384.0,-184.0,18168.0,19.0,673.812,927.0,879.0,909.0,935.0,62.0,0.0,0.0,912.5,24.839484696748443,935.0,879.0,56.0,18221.567879850514,19.38878541837995,64.99946802723494
2026-09-05 17:59:58.834000+09:00,safe,1360.0,-168.0,18060.0,19.0,126.276,947.0,905.0,855.0,917.0,62.0,0.0,0.0,906.0,38.31448812133603,947.0,855.0,92.0,18111.913869053154,19.420993795374713,57.26022882233563
2026-09-05 17:59:59.822000+09:00,safe,1332.0,-228.0,18040.0,19.0,138.023,967.0,921.0,931.0,928.0,62.0,0.0,0.0,936.75,20.59732992404598,967.0,921.0,46.0,18090.544712639254,19.192772077008133,59.2830364341694
2026-09-05 18:00:00.870000+09:00,safe,1292.0,-172.0,18124.0,19.0,811.988,966.0,917.0,919.0,951.0,62.0,0.0,0.0,938.25,24.185050478894325,966.0,917.0,49.0,18170.80691659014,15.43474165640563,60.75123760098597
2026-09-05 18:00:01.865000+09:00,safe,1408.0,-144.0,18144.0,19.0,811.002,988.0,907.0,887.0,964.0,62.0,0.0,0.0,936.5,47.36032094485847,988.0,887.0,101.0,18199.119099560834,15.476797149280705,56.05063704480025
2026-09-05 18:00:02.859000+09:00,safe,1252.0,-172.0,18100.0,19.0,811.104,941.0,925.0,906.0,931.0,62.0,0.0,0.0,925.75,14.72809107341025,941.0,906.0,35.0,18144.06481469905,13.609050297503618,43.70696834062069
2026-09-05 18:00:03.857000+09:00,safe,1284.0,-188.0,18172.0,19.0,746.657,935.0,943.0,905.0,947.0,62.0,0.0,0.0,932.5,19.0,947.0,905.0,42.0,18218.276098467715,5.05408250822872,50.0427065625804
2026-09-05 18:00:04.842000+09:00,safe,1312.0,-184.0,18124.0,19.0,479.757,923.0,932.0,924.0,940.0,62.0,0.0,0.0,929.75,7.932002689527196,940.0,923.0,17.0,18172.35746951947,5.05408250822872,28.55074984276186
2026-09-05 18:00:05.827000+09:00,safe,1272.0,-196.0,18156.0,19.0,213.061,971.0,953.0,934.0,915.0,62.0,0.0,0.0,943.25,24.143667216615345,971.0,915.0,56.0,18201.558614580237,6.692813309811021,29.132566458977113
2026-09-05 18:00:06.862000+09:00,safe,1340.0,-244.0,18308.0,19.0,810.815,933.0,950.0,906.0,943.0,62.0,0.0,0.0,933.0,19.30457631409368,950.0,906.0,44.0,18358.594717461358,6.487006243251467,83.03947005776041
2026-09-05 18:00:07.890000+09:00,safe,1280.0,-228.0,18088.0,19.0,810.883,892.0,871.0,907.0,941.0,62.0,0.0,0.0,902.75,29.46608219631514,941.0,871.0,70.0,18134.66647060265,15.150288776125143,85.23622074221936
2026-09-05 18:00:08.898000+09:00,safe,1280.0,-252.0,18128.0,19.0,810.951,940.0,893.0,868.0,922.0,62.0,0.0,0.0,905.75,31.752952618614856,940.0,868.0,72.0,18174.880687366287,17.770762504743104,87.27041124594498
2026-09-05 18:00:09.862000+09:00,safe,1364.0,-188.0,18084.0,18.0,810.628,949.0,906.0,883.0,887.0,62.0,0.0,0.0,906.25,30.21451086260816,949.0,883.0,66.0,18136.341858268992,18.594690102284133,92.32987142691782
2026-09-05 18:00:10.860000+09:00,safe,1292.0,-136.0,18108.0,18.0,553.027,955.0,927.0,919.0,958.0,62.0,0.0,0.0,939.75,19.653244007033546,958.0,919.0,39.0,18154.54279237018,17.446346322367436,94.65025879296006
2026-09-05 18:00:11.844000+09:00,safe,1376.0,-176.0,18128.0,18.0,285.872,901.0,909.0,934.0,955.0,62.0,0.0,0.0,924.75,24.58149710656371,955.0,901.0,54.0,18180.999312469048,15.938946012832332,21.35838140390096
2026-09-05 18:00:12.870000+09:00,safe,1332.0,-236.0,18160.0,18.0,811.155,918.0,947.0,904.0,925.0,62.0,0.0,0.0,923.5,17.935068069752806,947.0,904.0,43.0,18210.3135612762,14.29160592795588,27.981086303518843
2026-09-05 18:00:13.859000+09:00,safe,1260.0,-192.0,18164.0,18.0,810.815,985.0,919.0,941.0,923.0,62.0,0.0,0.0,942.0,30.22140521771503,985.0,919.0,66.0,18208.6616751479,14.449264687172965,32.70624618480978
2026-09-05 18:00:16.287000+09:00,safe,1112.0,-136.0,18432.0,18.0,114.597,941.0,949.0,905.0,955.0,62.0,1.0,0.0,937.5,22.412793965352318,955.0,905.0,50.0,18466.01375500408,8.71600539237922,126.14010363666775
2026-09-05 18:00:16.361000+09:00,safe,1324.0,-264.0,18116.0,18.0,811.002,1033.0,983.0,959.0,987.0,62.0,0.0,0.0,990.5,30.913858812297544,1033.0,959.0,74.0,18166.235933731565,27.380193571265778,124.15729036496536
2026-09-05 18:00:16.860000+09:00,safe,1292.0,-176.0,18044.0,18.0,626.552,933.0,953.0,923.0,951.0,62.0,0.0,0.0,940.0,14.46835627614047,953.0,923.0,30.0,18091.05237403286,25.535759240719358,141.33801984574066
2026-09-05 18:00:17.848000+09:00,safe,1288.0,-216.0,17988.0,18.0,359.023,920.0,891.0,930.0,936.0,62.0,0.0,0.0,919.25,19.956202043475106,936.0,891.0,45.0,18035.347071792105,26.55160070504195,166.39171401968323
2026-09-05 18:00:18.828000+09:00,safe,1352.0,-228.0,18072.0,18.0,92.973,933.0,951.0,883.0,979.0,62.0,0.0,0.0,936.5,40.3773864103824,979.0,883.0,96.0,18123.936437760975,26.86307875132677,168.75421322794585
2026-09-05 18:00:19.870000+09:00,safe,1264.0,-136.0,18096.0,18.0,811.24,982.0,936.0,939.0,959.0,62.0,0.0,0.0,954.0,21.275964529643932,982.0,936.0,46.0,18140.60109257684,26.763080913825746,50.534427620104516
2026-09-05 18:00:20.815000+09:00,safe,1288.0,-236.0,18200.0,18.0,108.324,965.0,934.0,973.0,951.0,62.0,1.0,0.0,955.75,17.114808402861737,973.0,934.0,39.0,18247.04469222345,14.839348031500013,77.93557636982479
2026-09-05 18:00:21.888000+09:00,safe,1312.0,-188.0,18256.0,17.0,810.917,975.0,915.0,915.0,911.0,62.0,0.0,0.0,929.0,30.72458299147443,975.0,911.0,64.0,18304.04938804526,15.825809615940134,106.09251866890415
2026-09-05 18:00:22.850000+09:00,safe,1188.0,-140.0,18156.0,17.0,699.023,925.0,953.0,907.0,939.0,62.0,0.0,0.0,931.0,19.6638416050035,953.0,907.0,46.0,18195.364244774,12.752450744856196,74.75072304322481
2026-09-05 18:00:23.849000+09:00,safe,1356.0,-192.0,17808.0,17.0,432.939,927.0,909.0,935.0,940.0,62.0,0.0,0.0,927.75,13.59840676942217,940.0,909.0,31.0,17860.58408899328,14.09676381301692,172.5221720114251
2026-09-05 18:00:24.829000+09:00,safe,1428.0,-100.0,18124.0,16.0,165.682,965.0,947.0,908.0,979.0,62.0,0.0,0.0,949.75,30.76117683054405,979.0,908.0,71.0,18180.444439011935,13.096516712469137,172.9264160922853
2026-09-05 18:00:25.861000+09:00,safe,1296.0,-152.0,18308.0,16.0,811.002,997.0,965.0,942.0,974.0,62.0,0.0,0.0,969.5,22.752289262108697,997.0,942.0,55.0,18354.443167799996,18.080203262131306,192.40336486246744
2026-09-05 18:00:26.863000+09:00,safe,1324.0,-152.0,18076.0,16.0,810.9,952.0,952.0,925.0,969.0,62.0,0.0,0.0,949.5,18.193405398660254,969.0,925.0,44.0,18125.061544723096,16.847663042688847,179.5359902808284
2026-09-05 18:00:27.883000+09:00,safe,1284.0,-220.0,18036.0,15.0,810.968,957.0,951.0,907.0,984.0,62.0,0.0,0.0,949.75,31.9100297712177,984.0,907.0,77.0,18082.98515179394,14.77222901257571,178.40052299868205
2026-09-05 18:00:28.863000+09:00,safe,1220.0,-16.0,18092.0,15.0,772.854,925.0,893.0,920.0,948.0,62.0,0.0,0.0,921.5,22.575798250929395,948.0,893.0,55.0,18133.094606271705,17.123631332167356,106.00226917924972
2026-09-05 18:00:29.850000+09:00,safe,1324.0,-288.0,18184.0,15.0,506.141,948.0,973.0,951.0,951.0,62.0,1.0,0.0,955.75,11.586630226256467,973.0,948.0,25.0,18234.411863287503,17.483384969735795,109.36332137737432
2026-09-05 18:00:30.822000+09:00,safe,1264.0,-304.0,18168.0,14.0,238.425,978.0,985.0,937.0,983.0,62.0,0.0,0.0,970.75,22.691775308835282,985.0,937.0,48.0,18214.454040678793,17.85129547119714,63.949744866197854
2026-09-05 18:00:31.856000+09:00,safe,1344.0,-328.0,18060.0,14.0,810.934,956.0,941.0,935.0,952.0,62.0,0.0,0.0,946.0,9.695359714832659,956.0,935.0,21.0,18112.910312812794,17.917344948400796,65.72085298710851
2026-09-05 18:00:32.858000+09:00,safe,1152.0,-348.0,18108.0,14.0,811.036,982.0,968.0,950.0,970.0,62.0,0.0,0.0,967.5,13.203534880225574,982.0,950.0,32.0,18147.944015783167,19.822178235501358,52.96798907307713
2026-09-05 18:00:33.839000+09:00,safe,1320.0,-296.0,18180.0,13.0,397.647,951.0,937.0,949.0,934.0,62.0,0.0,0.0,942.75,8.5,951.0,934.0,17.0,18230.260996486035,12.48924537351973,54.50415596313311
2026-09-05 18:00:34.862000+09:00,safe,1232.0,-300.0,18076.0,13.0,810.611,1125.0,1083.0,1081.0,1035.0,62.0,0.0,0.0,1081.0,36.76955262170047,1125.0,1035.0,90.0,18120.419421194423,56.950801135716986,54.07442643565634
2026-09-05 18:00:35.842000+09:00,safe,1240.0,-264.0,17924.0,15.0,562.241,951.0,890.0,913.0,953.0,62.0,0.0,0.0,926.75,30.641747121642176,953.0,890.0,63.0,17968.780481713275,62.203647401096845,94.57621213047263
2026-09-05 18:00:36.830000+09:00,safe,1208.0,-280.0,18132.0,15.0,294.287,947.0,959.0,924.0,979.0,62.0,0.0,0.0,952.25,22.998188334446404,979.0,924.0,55.0,18174.35247814898,61.590228526934226,97.99404304683097
2026-09-05 18:00:37.856000+09:00,safe,1340.0,-224.0,18060.0,15.0,811.121,935.0,939.0,950.0,926.0,62.0,0.0,0.0,937.5,9.9498743710662,950.0,926.0,24.0,18111.029125922138,63.80913923569243,97.53843404756279
2026-09-05 18:00:38.903000+09:00,safe,1304.0,-176.0,18012.0,16.0,811.172,948.0,938.0,941.0,947.0,62.0,0.0,0.0,943.5,4.795831523312719,948.0,938.0,10.0,18059.998228128374,63.735635636588604,77.50746239552467
2026-09-05 18:00:39.857000+09:00,safe,1304.0,-236.0,18020.0,16.0,811.002,991.0,977.0,949.0,925.0,62.0,0.0,0.0,960.5,29.410882339705484,991.0,925.0,66.0,18068.66104613178,13.04152023346912,75.34022772560536
2026-09-05 18:00:40.859000+09:00,safe,1312.0,-268.0,18188.0,16.0,810.713,1065.0,997.0,1046.0,1017.0,65.0,0.0,0.0,1031.25,30.181396035748026,1065.0,997.0,68.0,18237.22873684486,38.047256799932164,74.97904928854666
2026-09-05 18:00:41.843000+09:00,safe,1280.0,-288.0,17960.0,18.0,634.661,987.0,959.0,923.0,951.0,65.0,0.0,0.0,955.0,26.331223544175334,987.0,923.0,64.0,18007.85784039845,37.83615995314514,86.57288393405848
2026-09-05 18:00:42.828000+09:00,safe,1240.0,-168.0,18132.0,18.0,368.662,975.0,933.0,927.0,971.0,65.0,0.0,0.0,951.5,25.0,975.0,927.0,48.0,18175.1271797476,35.69908962424651,93.63566905111838
2026-09-05 18:00:43.836000+09:00,safe,1316.0,-176.0,18220.0,18.0,102.459,969.0,957.0,935.0,983.0,68.0,0.0,0.0,961.0,20.33060090930254,983.0,935.0,48.0,18268.312237314098,33.44005831334606,110.73402981288471
2026-09-05 18:00:44.855000+09:00,safe,1264.0,-268.0,18088.0,19.0,811.104,983.0,914.0,965.0,969.0,68.0,0.0,0.0,957.75,30.170349683091178,983.0,914.0,69.0,18134.091209652608,33.695047855730735,102.03044236435471
2026-09-05 18:00:45.857000+09:00,safe,1248.0,-200.0,18088.0,19.0,811.087,991.0,948.0,909.0,969.0,68.0,0.0,0.0,954.25,34.90343822605446,991.0,909.0,82.0,18132.105448623446,3.6168010727690554,93.80235827656496
2026-09-05 18:00:46.855000+09:00,safe,1296.0,-244.0,18256.0,19.0,810.968,980.0,923.0,915.0,989.0,71.0,0.0,0.0,951.75,38.13462993133669,989.0,915.0,74.0,18303.570362090562,4.0812069293265925,78.94744392867868
2026-09-05 18:00:47.848000+09:00,safe,1336.0,-164.0,18100.0,21.0,708.067,981.0,953.0,969.0,955.0,71.0,0.0,0.0,964.5,13.102162671355696,981.0,953.0,28.0,18149.98049585729,5.1069805168987426,81.88476250142406
2026-09-05 18:00:48.833000+09:00,safe,1296.0,-272.0,18096.0,21.0,441.456,935.0,903.0,895.0,939.0,71.0,0.0,0.0,918.0,22.241103090149704,939.0,895.0,44.0,18144.388002906024,18.11508349414883,73.45623227181858
2026-09-05 18:00:49.830000+09:00,safe,1300.0,-192.0,18104.0,21.0,175.219,973.0,943.0,931.0,923.0,74.0,0.0,0.0,942.5,21.93171219946131,973.0,923.0,50.0,18151.630229816827,17.602734162623243,71.5377291416374
2026-09-05 18:00:50.855000+09:00,safe,1296.0,-216.0,18176.0,22.0,810.934,966.0,935.0,909.0,947.0,74.0,0.0,0.0,939.25,23.86594505426788,966.0,909.0,57.0,18223.42580307007,17.16045599627188,69.03624534122065
2026-09-05 18:00:51.859000+09:00,safe,1320.0,-164.0,17956.0,22.0,810.917,927.0,891.0,921.0,931.0,74.0,0.0,0.0,917.5,18.138357147217054,931.0,891.0,40.0,18005.200137737986,19.562080666431775,79.46101735390239
2026-09-05 18:00:52.860000+09:00,safe,1308.0,-308.0,17992.0,22.0,812.073,986.0,958.0,923.0,949.0,77.0,1.0,0.0,954.0,25.987176324743967,986.0,923.0,63.0,18042.11162807724,16.029270101909947,88.48264572152115
2026-09-05 18:00:53.881000+09:00,safe,1284.0,-216.0,18104.0,20.0,781.218,947.0,969.0,902.0,957.0,77.0,0.0,0.0,943.75,29.250356123188197,969.0,902.0,67.0,18150.761085971022,13.428747149305632,89.0853636652151
2026-09-05 18:00:54.814000+09:00,safe,1404.0,-296.0,17972.0,20.0,130.016,989.0,927.0,909.0,996.0,77.0,0.0,0.0,955.25,43.729280808172454,996.0,909.0,87.0,18029.18789075093,15.251434358773732,93.10838531075458
2026-09-05 18:00:55.831000+09:00,safe,1268.0,-152.0,17980.0,20.0,246.942,953.0,979.0,878.0,984.0,79.0,0.0,0.0,948.5,48.925112842656446,984.0,878.0,106.0,18025.296890758833,15.402313137966777,57.58500177202341
2026-09-05 18:00:56.858000+09:00,safe,1252.0,-312.0,18008.0,17.0,811.206,1005.0,975.0,937.0,941.0,79.0,0.0,0.0,964.5,31.93221988316294,1005.0,937.0,68.0,18054.166056619728,7.809049237902408,51.82863855343174
2026-09-05 18:00:57.858000+09:00,safe,1288.0,-328.0,18268.0,17.0,811.189,967.0,937.0,936.0,931.0,79.0,0.0,0.0,942.75,16.3783393541592,967.0,931.0,36.0,18316.286523201146,9.043989716932693,123.39586368170784
2026-09-05 18:00:58.863000+09:00,safe,1324.0,-188.0,18072.0,17.0,811.036,925.0,937.0,891.0,955.0,79.0,0.0,0.0,927.0,26.981475126464083,955.0,891.0,64.0,18121.41009965836,14.07857414655278,121.967510807381
2026-09-05 18:00:59.868000+09:00,safe,1324.0,-260.0,18184.0,16.0,810.883,1035.0,1055.0,979.0,1064.0,79.0,0.0,0.0,1033.25,38.14336989132799,1064.0,979.0,85.0,18233.991115496356,41.39270769108954,122.73736495551402
2026-09-05 18:01:00.843000+09:00,safe,1348.0,-280.0,18056.0,16.0,588.217,975.0,955.0,943.0,927.0,79.0,0.0,0.0,950.0,20.231987873991358,975.0,927.0,48.0,18108.413514165175,41.264770082965235,106.08543999075783
2026-09-05 18:01:01.829000+09:00,safe,1264.0,-256.0,18208.0,16.0,136.629,985.0,947.0,956.0,971.0,79.0,0.0,0.0,964.75,16.740669042783207,985.0,947.0,38.0,18253.61597054129,41.26643611944195,89.28845152796657
2026-09-05 18:01:02.816000+09:00,safe,1256.0,-284.0,18084.0,18.0,56.627,967.0,957.0,917.0,951.0,79.0,0.0,0.0,948.0,21.694853460363973,967.0,917.0,50.0,18129.78896733219,40.66732410670738,68.65811704167162
2026-09-05 18:01:03.854000+09:00,safe,1484.0,-296.0,18164.0,18.0,810.934,949.0,915.0,940.0,935.0,79.0,0.0,0.0,934.75,14.38459824488215,949.0,915.0,34.0,18226.92426055477,38.98902089050176,66.38117076895848
2026-09-05 18:01:04.882000+09:00,safe,1216.0,-300.0,18000.0,18.0,811.104,952.0,941.0,885.0,933.0,79.0,0.0,0.0,927.75,29.545163168726393,952.0,885.0,67.0,18043.521164118716,14.375978227584454,86.74559760433903
2026-09-05 18:01:05.857000+09:00,safe,1264.0,-280.0,18064.0,19.0,811.053,1062.0,1031.0,979.0,1017.0,79.0,0.0,0.0,1022.25,34.42261853297431,1062.0,979.0,83.0,18110.333845625264,37.80872915081889,86.50578737262812
2026-09-05 18:01:06.848000+09:00,safe,1260.0,-176.0,18068.0,19.0,661.13,972.0,957.0,943.0,973.0,79.0,1.0,0.0,961.25,14.198004554631378,973.0,943.0,30.0,18112.735850776382,37.719524122130466,65.98336913840765
2026-09-05 18:01:07.816000+09:00,safe,1360.0,-336.0,18084.0,19.0,132.974,991.0,949.0,952.0,969.0,79.0,0.0,0.0,965.25,19.29378138157474,991.0,949.0,42.0,18138.179401472466,37.2709672533459,66.25253641047011
2026-09-05 18:01:08.820000+09:00,safe,1132.0,-268.0,18292.0,20.0,126.072,973.0,941.0,951.0,925.0,79.0,0.0,0.0,947.5,20.09145755455952,973.0,925.0,48.0,18328.952834245603,35.303328454976906,107.71561983499572
2026-09-05 18:01:09.855000+09:00,safe,1228.0,-312.0,18192.0,20.0,811.087,956.0,953.0,895.0,949.0,79.0,0.0,0.0,938.25,28.975564417856184,956.0,895.0,61.0,18236.068435932128,32.76984131789445,95.28823535397095
2026-09-05 18:01:11.292000+09:00,safe,1284.0,-416.0,18228.0,20.0,812.141,971.0,931.0,939.0,965.0,79.0,0.0,0.0,951.5,19.485036994233976,971.0,931.0,40.0,18277.90184895411,10.815209198160813,91.75259363414084
2026-09-05 18:01:11.870000+09:00,safe,1052.0,-444.0,18300.0,21.0,810.866,967.0,941.0,905.0,944.0,79.0,0.0,0.0,939.25,25.617376914898998,967.0,905.0,62.0,18335.5894369393,10.966710992817415,80.8486026754099
2026-09-05 18:01:12.835000+09:00,safe,1072.0,-424.0,18212.0,21.0,121.771,941.0,952.0,924.0,957.0,79.0,1.0,0.0,943.5,14.617341299520465,957.0,924.0,33.0,18248.449358781145,5.576177005797292,45.47253025166697
2026-09-05 18:01:13.812000+09:00,safe,1028.0,-408.0,17908.0,21.0,125.273,985.0,943.0,915.0,965.0,79.0,0.0,0.0,952.0,30.044411571316665,985.0,915.0,70.0,17942.12116779953,6.5588680425804045,153.5259511015296
2026-09-05 18:01:14.818000+09:00,safe,1008.0,-444.0,18056.0,20.0,200.515,959.0,923.0,905.0,957.0,79.0,0.0,0.0,936.0,26.457513110645905,959.0,905.0,54.0,18089.564284415475,7.17722091062987,160.65101288774989
2026-09-05 18:01:15.831000+09:00,safe,960.0,-464.0,18128.0,20.0,137.564,926.0,921.0,921.0,931.0,79.0,0.0,0.0,924.75,4.7871355387816905,931.0,921.0,10.0,18159.330384130357,10.016548806848737,150.80062093169718
2026-09-05 18:01:16.869000+09:00,safe,1020.0,-412.0,18128.0,20.0,811.053,941.0,953.0,925.0,938.0,79.0,0.0,0.0,939.25,11.5,953.0,925.0,28.0,18161.347086601258,10.016548806848737,114.37086410596022
2026-09-05 18:01:17.851000+09:00,safe,932.0,-364.0,18024.0,21.0,811.036,939.0,905.0,919.0,939.0,79.0,0.0,0.0,925.5,16.603212540549695,939.0,905.0,34.0,18051.75049683548,11.204072920147516,90.56400586702576
2026-09-05 18:01:18.853000+09:00,safe,1028.0,-432.0,18096.0,21.0,138.873,981.0,917.0,932.0,959.0,79.0,0.0,0.0,947.25,28.429737951659,981.0,917.0,64.0,18130.323328611656,9.531854489026943,47.26401698151245
2026-09-05 18:01:19.838000+09:00,safe,1080.0,-476.0,18112.0,21.0,541.705,905.0,937.0,917.0,904.0,79.0,0.0,0.0,915.75,15.348724159790395,937.0,904.0,33.0,18150.413769388288,12.577261228104593,45.77313352596956
2026-09-05 18:01:20.820000+09:00,safe,1032.0,-444.0,18112.0,22.0,135.32,933.0,887.0,892.0,949.0,79.0,0.0,0.0,915.25,30.510927004381013,949.0,887.0,62.0,18146.80974717044,14.267095009145455,44.12344434265255
2026-09-05 18:01:21.855000+09:00,safe,1008.0,-384.0,17988.0,22.0,811.954,908.0,907.0,911.0,948.0,79.0,0.0,0.0,918.5,19.739976359323904,948.0,907.0,41.0,18020.312538910082,13.38539315821479,59.854574604207066
2026-09-05 18:01:22.822000+09:00,safe,1020.0,-376.0,17944.0,22.0,134.249,934.0,905.0,889.0,941.0,79.0,0.0,0.0,917.25,24.4455176532086,941.0,889.0,52.0,17976.899398950867,13.727709204378684,80.65947885963993
2026-09-05 18:01:23.827000+09:00,safe,1068.0,-380.0,18184.0,22.0,133.365,953.0,950.0,893.0,969.0,79.0,0.0,0.0,941.25,33.23025729662652,969.0,893.0,76.0,18219.299657231615,11.058933040758623,100.53758944406373
2026-09-05 18:01:24.810000+09:00,safe,1080.0,-428.0,18024.0,22.0,132.889,922.0,895.0,907.0,949.0,79.0,0.0,0.0,918.25,23.286262044390035,949.0,895.0,54.0,18061.399724273862,10.781349637219948,97.83149774080864
2026-09-05 18:01:25.812000+09:00,safe,996.0,-444.0,18256.0,22.0,134.3,933.0,888.0,893.0,979.0,79.0,0.0,0.0,923.25,42.2719371056812,979.0,888.0,91.0,18288.539799557537,10.081542540701928,134.061874437972
2026-09-05 18:01:26.825000+09:00,safe,980.0,-372.0,18188.0,23.0,346.817,907.0,919.0,913.0,923.0,79.0,0.0,0.0,915.5,7.0,923.0,907.0,16.0,18218.181248412257,10.546918981388956,128.8576895590736
2026-09-05 18:01:27.817000+09:00,safe,1052.0,-376.0,18208.0,23.0,80.155,952.0,917.0,889.0,949.0,79.0,1.0,0.0,926.75,29.736341402398512,952.0,889.0,63.0,18242.240651849763,10.07472083980408,85.67479766499498
2026-09-05 18:01:28.858000+09:00,safe,1284.0,-244.0,18092.0,23.0,811.121,979.0,909.0,931.0,951.0,79.0,0.0,0.0,942.5,29.77135088190211,979.0,909.0,70.0,18139.14705822741,10.581528717533333,89.9407650212631
2026-09-05 18:01:29.926000+09:00,safe,1248.0,-232.0,18208.0,24.0,811.002,974.0,987.0,933.0,945.0,79.0,0.0,0.0,959.75,25.024987512484397,987.0,933.0,54.0,18252.19416946905,17.639975907012545,55.777361275051575
2026-09-05 18:01:30.853000+09:00,safe,1236.0,-152.0,18172.0,24.0,810.985,933.0,907.0,917.0,943.0,79.0,0.0,0.0,925.0,16.08311744241976,943.0,907.0,36.0,18214.620061917296,17.40025143496447,44.36931074038362
2026-09-05 18:01:31.856000+09:00,safe,1228.0,-152.0,17992.0,24.0,685.882,953.0,941.0,893.0,917.0,79.0,0.0,0.0,926.0,26.60826939130014,953.0,893.0,60.0,18034.498939532532,15.10691067028541,90.91770328178605
2026-09-05 18:01:32.870000+09:00,safe,1196.0,-280.0,18048.0,24.0,420.597,951.0,971.0,935.0,956.0,79.0,1.0,0.0,953.25,14.84082207965583,971.0,935.0,36.0,18089.751794869935,15.687773901990791,88.9230220648597
2026-09-05 18:01:33.810000+09:00,safe,1064.0,-236.0,18016.0,24.0,154.156,955.0,955.0,919.0,959.0,79.0,0.0,0.0,947.0,18.76166303929372,959.0,919.0,40.0,18048.93481621561,15.901454336002834,99.2268910726059
2026-09-05 18:01:34.848000+09:00,safe,1132.0,-200.0,18248.0,24.0,811.087,955.0,947.0,939.0,933.0,79.0,0.0,0.0,943.5,9.574271077563381,955.0,933.0,22.0,18284.17151527517,12.770082223697054,109.70955605641306
2026-09-05 18:01:35.851000+09:00,safe,1248.0,-368.0,18292.0,24.0,811.138,983.0,937.0,908.0,952.0,79.0,0.0,0.0,945.0,31.23032714099123,983.0,908.0,75.0,18338.21670719375,10.177180356070304,141.59505922109437
2026-09-05 18:01:36.853000+09:00,safe,1200.0,-224.0,18240.0,24.0,811.087,951.0,973.0,941.0,984.0,79.0,0.0,0.0,962.25,19.72097022630141,984.0,941.0,43.0,18280.80348343584,7.692122593925741,129.752170372975
2026-09-05 18:01:38.287000+09:00,safe,1184.0,-180.0,18036.0,24.0,130.883,979.0,968.0,951.0,950.0,79.0,0.0,0.0,962.0,14.023789311975086,979.0,950.0,29.0,18075.717191857148,9.371499346421722,133.06930218558918
2026-09-05 18:01:38.813000+09:00,safe,1280.0,-240.0,18236.0,24.0,125.902,941.0,915.0,927.0,970.0,79.0,0.0,0.0,938.25,23.683679331275084,970.0,915.0,55.0,18282.442287615733,11.171112299139368,101.61196267429001
2026-09-05 18:01:39.818000+09:00,safe,1308.0,-344.0,18000.0,24.0,226.372,989.0,923.0,916.0,959.0,79.0,1.0,0.0,946.75,33.88583774971485,989.0,916.0,73.0,18050.739597035907,10.771200025994448,132.2864118754557
2026-09-05 18:01:40.829000+09:00,safe,1184.0,-296.0,18044.0,24.0,124.95,979.0,959.0,947.0,935.0,79.0,1.0,0.0,955.0,18.76166303929372,979.0,935.0,44.0,18085.2262357981,10.332896496141958,116.2888919539131
2026-09-05 18:01:41.811000+09:00,safe,1224.0,-248.0,18128.0,24.0,124.372,935.0,963.0,966.0,935.0,79.0,0.0,0.0,949.75,17.075811352124187,966.0,935.0,31.0,18170.96761320101,8.903299950017567,95.00652846456327
2026-09-05 18:01:42.851000+09:00,safe,1192.0,-328.0,18172.0,24.0,811.121,971.0,943.0,923.0,973.0,79.0,0.0,0.0,952.5,23.96525262402492,973.0,923.0,50.0,18214.006478531843,6.4792939430143806,94.28118271461499
2026-09-05 18:01:43.812000+09:00,safe,1284.0,-192.0,18140.0,23.0,126.497,957.0,927.0,919.0,951.0,79.0,0.0,0.0,938.5,18.35755975068582,957.0,919.0,38.0,18186.399313772916,6.381124509048753,69.90289720200391
2026-09-05 18:01:44.809000+09:00,safe,1224.0,-208.0,18016.0,23.0,132.668,971.0,937.0,950.0,995.0,79.0,0.0,0.0,963.25,25.38208029299411,995.0,937.0,58.0,18058.729080419806,8.98505703932829,67.35536712649329
2026-09-05 18:01:45.841000+09:00,safe,1220.0,-248.0,18076.0,23.0,300.509,983.0,925.0,941.0,985.0,79.0,0.0,0.0,958.5,30.171730698343,985.0,925.0,60.0,18118.82115370644,9.422380272520464,61.57038583488483
2026-09-05 18:01:46.802000+09:00,safe,1220.0,-104.0,18184.0,23.0,56.984,982.0,959.0,933.0,979.0,79.0,0.0,0.0,963.25,22.60346581094737,982.0,933.0,49.0,18225.176871569725,10.328056448334443,70.37609964225375
2026-09-05 18:01:48.021000+09:00,safe,1192.0,-184.0,18188.0,23.0,811.002,981.0,923.0,932.0,937.0,79.0,0.0,0.0,943.25,25.824729750118713,981.0,923.0,58.0,18227.947333696135,11.673420664054849,73.23759696524962
2026-09-05 18:01:48.848000+09:00,safe,1168.0,-248.0,18044.0,23.0,811.07,967.0,968.0,920.0,943.0,79.0,0.0,0.0,949.5,22.810816147900834,968.0,920.0,48.0,18083.46382748615,8.876584365620738,79.37206614871425
2026-09-05 18:01:49.834000+09:00,safe,1284.0,-260.0,18108.0,23.0,135.864,933.0,927.0,947.0,941.0,79.0,0.0,0.0,937.0,8.793937305515279,947.0,927.0,20.0,18155.327592748086,10.749127871598803,64.06466173554304
2026-09-05 18:01:50.807000+09:00,safe,1204.0,-164.0,18076.0,23.0,131.359,979.0,969.0,891.0,969.0,79.0,0.0,0.0,952.0,40.93897898091744,979.0,891.0,88.0,18116.795743177103,9.866293630334653,64.41256099436015
2026-09-05 18:01:51.806000+09:00,safe,1284.0,-272.0,18064.0,23.0,131.24,936.0,914.0,891.0,925.0,79.0,0.0,0.0,916.5,19.226717521892983,936.0,891.0,45.0,18111.618812243152,14.190225509130642,55.913412249163315
2026-09-05 18:01:52.822000+09:00,safe,1200.0,-284.0,18216.0,23.0,106.216,949.0,955.0,957.0,955.0,79.0,0.0,0.0,954.0,3.4641016151377544,957.0,949.0,8.0,18257.69185850172,15.614896733567663,68.012124624261
2026-09-05 18:01:53.848000+09:00,safe,1208.0,-168.0,18100.0,23.0,810.764,1001.0,907.0,937.0,951.0,79.0,0.0,0.0,949.0,39.22584182228174,1001.0,907.0,94.0,18141.044291881324,15.554742042219212,59.31019012232966
2026-09-05 18:01:54.852000+09:00,safe,1256.0,-300.0,18044.0,23.0,810.866,922.0,957.0,953.0,939.0,79.0,0.0,0.0,942.75,15.840349322747484,957.0,922.0,35.0,18090.148479213763,15.331340450201406,66.37340435101733
2026-09-05 18:01:55.854000+09:00,safe,1272.0,-304.0,18056.0,23.0,811.988,983.0,967.0,913.0,1011.0,79.0,0.0,0.0,968.5,41.22701379758988,1011.0,913.0,98.0,18103.30179829083,19.10464603178981,67.98343931524657
2026-09-05 18:01:56.841000+09:00,safe,1276.0,-280.0,17960.0,23.0,712.47,995.0,908.0,943.0,958.0,79.0,0.0,0.0,951.0,36.04626656580863,995.0,908.0,87.0,18007.447792510742,9.56948274464102,91.15896281193568
2026-09-05 18:01:57.836000+09:00,safe,1208.0,-72.0,18184.0,23.0,447.083,973.0,967.0,914.0,973.0,79.0,0.0,0.0,956.75,28.64000698323937,973.0,914.0,59.0,18224.223001269493,9.715644600333125,78.92129359172259
2026-09-05 18:01:58.812000+09:00,safe,1204.0,-252.0,18188.0,23.0,179.69,967.0,927.0,878.0,943.0,79.0,0.0,0.0,928.75,37.615378060929636,967.0,878.0,89.0,18229.54919903397,14.932556713435977,95.00478403157841
2026-09-05 18:01:59.852000+09:00,safe,1300.0,-228.0,18148.0,23.0,810.849,988.0,948.0,937.0,977.0,79.0,0.0,0.0,962.5,23.951339558919592,988.0,937.0,51.0,18195.930534050738,15.291950496911177,95.42896130799318
2026-09-05 18:02:00.818000+09:00,safe,1260.0,-304.0,18104.0,23.0,128.69,955.0,938.0,911.0,973.0,79.0,0.0,0.0,944.25,26.37391387969054,973.0,911.0,62.0,18150.33972133855,13.022336579891565,91.66101200283879
2026-09-05 18:02:01.806000+09:00,safe,1288.0,-264.0,18104.0,23.0,115.362,932.0,949.0,920.0,943.0,79.0,0.0,0.0,936.0,12.780193008453876,949.0,920.0,29.0,18151.67915097664,14.03411023185944,38.11612710427861
2026-09-05 18:02:02.856000+09:00,safe,1264.0,-180.0,18196.0,23.0,787.032,983.0,933.0,951.0,985.0,79.0,1.0,0.0,963.0,25.350871122442058,985.0,933.0,52.0,18240.73770438027,15.474373977643873,42.27451241182568
2026-09-05 18:02:03.813000+09:00,safe,1260.0,-272.0,18052.0,23.0,129.88,925.0,907.0,947.0,933.0,79.0,1.0,0.0,928.0,16.69331203406522,947.0,907.0,40.0,18097.963642354905,15.69633715234169,53.74009636052459
2026-09-05 18:02:04.820000+09:00,safe,1276.0,-280.0,18088.0,23.0,251.855,979.0,934.0,841.0,970.0,79.0,0.0,0.0,931.0,63.071388124885914,979.0,841.0,138.0,18135.112902874356,14.027205708906608,52.51714980585172
2026-09-05 18:02:05.847000+09:00,safe,1244.0,-196.0,18216.0,23.0,811.019,956.0,925.0,873.0,917.0,79.0,0.0,0.0,917.75,34.24787098005753,956.0,873.0,83.0,18259.47994878277,16.937015675731722,69.83526490876218
2026-09-05 18:02:06.850000+09:00,safe,1252.0,-204.0,17996.0,23.0,810.985,905.0,877.0,893.0,941.0,79.0,0.0,0.0,904.0,27.202941017470888,941.0,877.0,64.0,18040.652316365948,21.86464040408582,93.52917614547327
2026-09-05 18:02:07.875000+09:00,safe,1288.0,-344.0,18088.0,23.0,811.104,987.0,943.0,895.0,967.0,79.0,0.0,0.0,948.0,39.64845520319802,987.0,895.0,92.0,18137.062165632007,16.315253599009182,80.26242487034946
2026-09-05 18:02:08.845000+09:00,safe,1288.0,-180.0,18156.0,23.0,810.815,1030.0,1019.0,985.0,995.0,79.0,0.0,0.0,1007.25,20.822663934601003,1030.0,985.0,45.0,18202.518507063796,40.14294769944008,82.10773019532256
2026-09-05 18:02:09.842000+09:00,safe,1292.0,-276.0,18132.0,23.0,592.586,972.0,921.0,905.0,947.0,79.0,0.0,0.0,936.25,29.45476758240223,972.0,905.0,67.0,18180.067766650376,39.86406589900209,81.85132480806544
2026-09-05 18:02:10.823000+09:00,safe,1228.0,-256.0,18064.0,23.0,326.519,972.0,911.0,938.0,969.0,79.0,0.0,0.0,947.5,28.780780624113262,972.0,911.0,61.0,18107.501649868766,37.359988624195026,63.72085315666026
2026-09-05 18:02:11.801000+09:00,safe,1268.0,-212.0,17948.0,23.0,58.752,933.0,943.0,889.0,947.0,79.0,0.0,0.0,928.0,26.65833203084294,947.0,889.0,58.0,17993.984328102546,31.23729741831039,81.63238281339477
2026-09-05 18:02:12.858000+09:00,safe,1272.0,-228.0,18136.0,23.0,811.002,940.0,921.0,911.0,941.0,79.0,1.0,0.0,928.25,14.72809107341025,941.0,911.0,30.0,18181.98185017244,33.273206187561506,85.76526073319599
2026-09-05 18:02:13.819000+09:00,safe,1212.0,-312.0,18028.0,23.0,135.048,911.0,893.0,921.0,947.0,79.0,0.0,0.0,918.0,22.538855339169288,947.0,893.0,54.0,18071.38821452298,10.995169393873946,79.06036970166376
2026-09-05 18:02:14.957000+09:00,safe,1124.0,-248.0,17968.0,23.0,134.147,953.0,951.0,925.0,959.0,79.0,0.0,0.0,947.0,15.05545305418162,959.0,925.0,34.0,18004.830018636665,12.999999999999321,77.38698297955497
2026-09-05 18:02:15.848000+09:00,safe,1276.0,-248.0,18180.0,23.0,666.638,964.0,943.0,927.0,916.0,79.0,0.0,0.0,937.5,20.85665361461421,964.0,916.0,48.0,18226.411605140493,10.965856099729852,104.55210887324444
2026-09-05 18:02:17.843000+09:00,safe,1288.0,-232.0,18076.0,23.0,398.106,975.0,941.0,958.0,925.0,79.0,0.0,0.0,949.75,21.56192632087093,975.0,925.0,50.0,18123.314928566462,13.19398537213007,87.73658338137821
2026-09-05 18:02:18.105000+09:00,safe,1248.0,-188.0,18112.0,23.0,132.379,903.0,952.0,931.0,915.0,79.0,0.0,0.0,925.25,21.203380233664003,952.0,903.0,49.0,18155.9189246923,13.698768192796832,83.94348213048741
2026-09-05 18:02:18.857000+09:00,safe,1240.0,-264.0,18084.0,23.0,811.121,964.0,935.0,885.0,948.0,79.0,0.0,0.0,933.0,34.1272129929572,964.0,885.0,79.0,18128.385256276964,10.070067030560532,80.0890027132024
2026-09-05 18:02:19.851000+09:00,safe,1164.0,-332.0,18076.0,23.0,135.796,982.0,938.0,920.0,958.0,79.0,0.0,0.0,949.5,26.6520793435209,982.0,920.0,62.0,18116.481336065233,10.643366478703165,45.212016229304936
2026-09-05 18:02:20.892000+09:00,safe,1280.0,-184.0,18132.0,23.0,810.866,936.0,943.0,927.0,909.0,79.0,0.0,0.0,928.75,14.705441169852742,943.0,909.0,34.0,18178.054901446416,11.625672023585656,25.821890021162734
2026-09-05 18:02:21.848000+09:00,safe,1228.0,-344.0,18056.0,23.0,738.735,943.0,944.0,931.0,975.0,79.0,0.0,0.0,948.25,18.786076404259266,975.0,931.0,44.0,18100.979421014763,11.23526813209111,30.946628739027215
2026-09-05 18:02:22.914000+09:00,safe,1224.0,-248.0,17968.0,23.0,473.331,980.0,917.0,922.0,911.0,79.0,0.0,0.0,932.5,31.984371183438952,980.0,911.0,69.0,18011.3493109206,9.71242760590687,60.78921184982448
2026-09-05 18:02:23.810000+09:00,safe,1136.0,-200.0,18168.0,23.0,205.513,951.0,979.0,915.0,964.0,79.0,0.0,0.0,952.25,27.34197018017051,979.0,915.0,64.0,18204.579643595178,10.79206884707385,75.29446778709453
2026-09-05 18:02:24.852000+09:00,safe,1236.0,-200.0,18088.0,23.0,811.053,980.0,965.0,895.0,953.0,79.0,0.0,0.0,948.25,37.178622890042604,980.0,895.0,85.0,18131.283462568226,10.594810050207691,75.30003422176497
2026-09-05 18:02:25.859000+09:00,safe,1240.0,-228.0,18096.0,23.0,810.917,985.0,905.0,957.0,989.0,79.0,0.0,0.0,959.0,38.71261637588793,989.0,905.0,84.0,18139.867695217625,9.73941733370031,70.38110127180994
2026-09-05 18:02:26.874000+09:00,safe,1256.0,-88.0,17912.0,23.0,811.07,959.0,871.0,875.0,937.0,79.0,0.0,0.0,910.5,44.25306015783918,959.0,871.0,88.0,17956.19737026746,19.393136672544287,101.73451012592578
2026-09-05 18:02:27.845000+09:00,safe,1252.0,-296.0,18116.0,23.0,810.713,973.0,951.0,923.0,943.0,77.0,0.0,0.0,947.5,20.6801031589948,973.0,923.0,50.0,18161.623715956677,19.002466945109575,95.17257687766411
2026-09-05 18:02:28.840000+09:00,safe,1192.0,-212.0,18144.0,23.0,546.465,935.0,923.0,895.0,921.0,77.0,0.0,0.0,918.5,16.842406795546374,935.0,895.0,40.0,18184.348874787902,21.00595153759958,90.94545374038026
2026-09-05 18:02:29.816000+09:00,safe,1364.0,-208.0,18036.0,23.0,279.31,973.0,927.0,947.0,971.0,77.0,0.0,0.0,954.5,21.80978373727412,973.0,927.0,46.0,18088.69967687009,22.022715545544834,90.9939353197472
2026-09-05 18:02:30.844000+09:00,safe,1280.0,-240.0,18160.0,23.0,56.763,969.0,950.0,941.0,939.0,74.0,0.0,0.0,949.75,13.696106502701172,969.0,939.0,30.0,18206.636152787807,20.124301230104415,101.47524563372147
2026-09-05 18:02:31.849000+09:00,safe,1460.0,-360.0,18012.0,24.0,811.087,965.0,942.0,925.0,966.0,74.0,0.0,0.0,949.5,19.739976359323904,966.0,925.0,41.0,18074.660273432528,14.457264609876317,58.5764198071309
2026-09-05 18:02:32.804000+09:00,safe,1376.0,-256.0,18184.0,24.0,131.172,936.0,971.0,918.0,933.0,74.0,1.0,0.0,939.5,22.427661492005804,971.0,918.0,53.0,18237.78407592326,14.408764693754364,72.75365208660679
2026-09-05 18:02:33.848000+09:00,safe,1256.0,-192.0,18140.0,24.0,810.849,1011.0,981.0,989.0,1051.0,73.0,1.0,0.0,1008.0,31.347514521356658,1051.0,981.0,70.0,18184.44390131301,27.246559415823167,72.76212879853419
2026-09-05 18:02:34.805000+09:00,safe,1308.0,-396.0,17956.0,24.0,135.966,927.0,905.0,935.0,927.0,73.0,0.0,0.0,923.5,12.897028081435403,935.0,905.0,30.0,18007.932030080523,31.995312156626657,97.03393903570999
2026-09-05 18:02:35.846000+09:00,safe,1336.0,-324.0,18172.0,24.0,134.606,971.0,954.0,951.0,953.0,73.0,0.0,0.0,957.25,9.251126057585278,971.0,951.0,20.0,18223.925372981532,31.919038206061,100.15790049100869
2026-09-05 18:02:36.803000+09:00,safe,1300.0,-200.0,18008.0,24.0,85.561,938.0,935.0,889.0,938.0,73.0,0.0,0.0,925.0,24.041630560342615,938.0,889.0,49.0,18055.97031455247,34.827970081530474,103.75833389837119
2026-09-05 18:02:37.857000+09:00,safe,1356.0,-208.0,18048.0,24.0,810.917,984.0,947.0,954.0,951.0,73.0,0.0,0.0,959.0,16.911534525287763,984.0,947.0,37.0,18100.063646296938,34.35585830684458,89.24253575947725
2026-09-05 18:02:38.810000+09:00,safe,1268.0,-312.0,18076.0,24.0,135.133,953.0,933.0,905.0,907.0,73.0,0.0,0.0,924.5,22.8837642591132,953.0,905.0,48.0,18123.105252687797,18.5266699652145,81.05907412441236
2026-09-05 18:02:39.851000+09:00,safe,1312.0,-324.0,18240.0,24.0,811.002,991.0,926.0,935.0,953.0,72.0,0.0,0.0,951.25,28.77933286231632,991.0,926.0,65.0,18289.995079277633,17.266839606597987,95.85314891570458
2026-09-05 18:02:40.847000+09:00,safe,1276.0,-340.0,17912.0,24.0,128.231,984.0,941.0,923.0,982.0,72.0,0.0,0.0,957.5,30.3589635308366,984.0,923.0,61.0,17960.610234621763,17.317260175904867,120.23223300417001
2026-09-05 18:02:41.867000+09:00,safe,1268.0,-388.0,18196.0,24.0,126.038,985.0,943.0,937.0,975.0,72.0,0.0,0.0,960.0,23.57965224510319,985.0,937.0,48.0,18244.253451429577,14.900083892380616,129.7722421809368
2026-09-05 18:02:42.804000+09:00,safe,1248.0,-436.0,17952.0,24.0,130.033,1017.0,967.0,964.0,980.0,72.0,0.0,0.0,982.0,24.34474618201362,1017.0,964.0,53.0,18000.60843416133,20.643098120194576,144.85971305870362
2026-09-05 18:02:43.813000+09:00,safe,1244.0,-372.0,18072.0,24.0,134.946,987.0,952.0,949.0,955.0,72.0,0.0,0.0,960.75,17.67059704707229,987.0,949.0,38.0,18118.58449217267,11.628897196208296,144.8785734039177
2026-09-05 18:02:44.846000+09:00,safe,1260.0,-352.0,17944.0,24.0,810.883,909.0,939.0,931.0,943.0,72.0,0.0,0.0,930.5,15.17673658377628,943.0,909.0,34.0,17991.6269414414,18.32996181119811,117.69966122095849
2026-09-05 18:02:45.817000+09:00,safe,1276.0,-280.0,18032.0,24.0,132.532,938.0,947.0,927.0,947.0,72.0,0.0,0.0,939.75,9.5,947.0,927.0,20.0,18079.25883436597,20.11886552467562,102.89021761181722
2026-09-05 18:02:46.811000+09:00,safe,1168.0,-288.0,18020.0,24.0,129.931,919.0,937.0,939.0,940.0,72.0,0.0,0.0,933.75,9.912113800799505,940.0,919.0,21.0,18060.10985570132,21.71879946037491,53.64013135713876
2026-09-05 18:02:47.865000+09:00,safe,1308.0,-296.0,18064.0,24.0,497.828,978.0,953.0,927.0,949.0,75.0,0.0,0.0,951.75,20.902551678363736,978.0,927.0,51.0,18113.71237488329,12.684143644723587,51.3852210511929
2026-09-05 18:02:48.825000+09:00,safe,1272.0,-260.0,18184.0,24.0,231.659,940.0,970.0,905.0,972.0,75.0,0.0,0.0,946.75,31.447045436203805,972.0,905.0,67.0,18230.28908163554,8.828221791503742,87.75588909348008
2026-09-05 18:02:49.866000+09:00,safe,1208.0,-232.0,17932.0,24.0,810.985,990.0,939.0,941.0,941.0,75.0,0.0,0.0,952.75,24.851223980587623,990.0,939.0,51.0,17974.14009069697,8.105553651662632,93.0918019551719
2026-09-05 18:02:50.850000+09:00,safe,1236.0,-212.0,18204.0,24.0,810.883,939.0,939.0,931.0,907.0,78.0,0.0,0.0,929.0,15.14375558880073,939.0,907.0,32.0,18247.1437764928,10.80566980802121,115.2190469898947
2026-09-05 18:02:51.848000+09:00,safe,1240.0,-236.0,18124.0,25.0,811.002,985.0,925.0,907.0,983.0,78.0,1.0,0.0,950.0,39.949968710876355,985.0,907.0,78.0,18167.902245443747,9.800191324662052,109.98944063361125
2026-09-05 18:02:52.845000+09:00,safe,1276.0,-228.0,18088.0,25.0,810.815,1031.0,950.0,965.0,1023.0,78.0,0.0,0.0,992.25,40.721615881494685,1031.0,950.0,81.0,18134.384577371242,23.227542917837468,108.8247557884002
2026-09-05 18:02:53.837000+09:00,safe,1268.0,-204.0,18076.0,25.0,571.795,967.0,927.0,991.0,973.0,81.0,0.0,0.0,964.5,27.0,991.0,927.0,64.0,18121.567702602333,23.170158609728624,99.41976290139075
2026-09-05 18:02:54.809000+09:00,safe,1216.0,-232.0,18252.0,23.0,305.031,970.0,953.0,907.0,979.0,81.0,0.0,0.0,952.25,32.035136959282696,979.0,907.0,72.0,18293.932983369104,23.19792555380721,74.64457931686582
2026-09-05 18:02:55.850000+09:00,safe,1360.0,-192.0,18196.0,23.0,810.866,983.0,941.0,955.0,949.0,81.0,0.0,0.0,957.0,18.257418583505537,983.0,941.0,42.0,18247.763698601535,17.162276946838418,74.75745316624005
2026-09-05 18:02:56.869000+09:00,safe,1260.0,-236.0,18168.0,23.0,810.985,965.0,986.0,959.0,941.0,84.0,1.0,0.0,962.75,18.553975315279473,986.0,941.0,45.0,18213.168862117323,15.58544994538115,73.6746209635982
2026-09-05 18:02:57.843000+09:00,safe,1220.0,-288.0,18112.0,18.0,811.07,967.0,983.0,904.0,957.0,84.0,1.0,0.0,952.75,34.218659626973505,983.0,904.0,79.0,18155.326711464048,5.619719743900163,69.32493092942146
2026-09-05 18:02:58.850000+09:00,safe,1224.0,-376.0,17980.0,18.0,811.036,1034.0,975.0,1004.0,953.0,84.0,0.0,0.0,991.5,35.199431813596085,1034.0,953.0,81.0,18025.53610853225,16.344915111433934,103.54392630209217
2026-09-05 18:02:59.841000+09:00,safe,1172.0,-248.0,18056.0,18.0,645.065,943.0,965.0,917.0,973.0,87.0,0.0,0.0,949.5,25.106440076867397,973.0,917.0,56.0,18095.696283923422,16.84617909200723,89.42214760449365
2026-09-05 18:03:00.815000+09:00,safe,1372.0,-200.0,18140.0,18.0,378.845,983.0,975.0,910.0,996.0,87.0,0.0,0.0,966.0,38.32318706301274,996.0,910.0,86.0,18192.91026746408,16.563325451127906,76.47320182901163
2026-09-05 18:03:02.274000+09:00,safe,1336.0,-276.0,18048.0,18.0,110.823,928.0,987.0,905.0,977.0,87.0,0.0,0.0,949.25,39.178012541049945,987.0,905.0,82.0,18099.48551754994,17.961242997075153,63.847602259013705
2026-09-05 18:03:02.842000+09:00,safe,1308.0,-168.0,18144.0,18.0,811.087,989.0,983.0,917.0,957.0,83.0,0.0,0.0,961.5,32.7566787083184,989.0,917.0,72.0,18191.861477045168,17.272087308718113,71.42984866292362
2026-09-05 18:03:03.847000+09:00,safe,1388.0,-216.0,18096.0,19.0,811.104,917.0,925.0,867.0,933.0,83.0,0.0,0.0,910.5,29.726531359488725,933.0,867.0,66.0,18150.438452004404,21.875785700175005,47.480465253483196
2026-09-05 18:03:04.852000+09:00,safe,1196.0,-216.0,18072.0,19.0,811.036,903.0,904.0,918.0,928.0,83.0,1.0,0.0,913.25,11.98262631201246,928.0,903.0,25.0,18112.820211110142,26.502712125365232,43.37822630063555
2026-09-05 18:03:05.813000+09:00,safe,1256.0,-260.0,17912.0,19.0,53.805,928.0,923.0,925.0,919.0,81.0,0.0,0.0,923.75,3.774917217635375,928.0,919.0,9.0,17957.86401552256,22.633354810985963,88.48549378840842
2026-09-05 18:03:06.832000+09:00,safe,1072.0,-128.0,17892.0,20.0,452.098,937.0,949.0,926.0,915.0,81.0,0.0,0.0,931.75,14.591664287073858,949.0,915.0,34.0,17924.542727779695,20.48215686884517,119.22176390797102
2026-09-05 18:03:07.806000+09:00,safe,1256.0,-288.0,18088.0,20.0,183.719,952.0,965.0,925.0,967.0,81.0,0.0,0.0,952.25,19.345542122153102,967.0,925.0,42.0,18133.84195365119,16.80438930755835,106.20518429672369
2026-09-05 18:03:08.846000+09:00,safe,1260.0,-132.0,18060.0,20.0,811.019,960.0,933.0,927.0,951.0,81.0,0.0,0.0,942.75,15.370426148939398,960.0,927.0,33.0,18104.381348170944,15.350081433008153,97.60503461624262
2026-09-05 18:03:09.804000+09:00,safe,1200.0,-164.0,18144.0,18.0,61.625,975.0,919.0,921.0,985.0,81.0,0.0,0.0,950.0,34.8903042883454,985.0,919.0,66.0,18184.378790599363,12.141869707750185,113.65280019754819
2026-09-05 18:03:10.808000+09:00,safe,1256.0,-224.0,18008.0,18.0,134.691,958.0,947.0,947.0,986.0,81.0,1.0,0.0,959.5,18.411952639521967,986.0,947.0,39.0,18053.137566639212,10.52526721750956,99.09197230654378
2026-09-05 18:03:11.841000+09:00,safe,1224.0,-232.0,18024.0,18.0,791.095,969.0,941.0,927.0,981.0,81.0,0.0,0.0,954.5,24.839484696748443,981.0,927.0,54.0,18067.002407704495,6.162892989496207,52.924016866825276
2026-09-05 18:03:12.814000+09:00,safe,1208.0,-176.0,18144.0,18.0,133.586,909.0,941.0,887.0,931.0,81.0,0.0,0.0,917.0,24.055491403558285,941.0,887.0,54.0,18185.02064887472,16.690191730473963,63.024190001119386
2026-09-05 18:03:13.817000+09:00,safe,1228.0,-208.0,17996.0,18.0,257.329,959.0,942.0,902.0,911.0,81.0,0.0,0.0,928.5,26.589471600616662,959.0,902.0,57.0,18039.04831192599,18.259928805994324,72.7751270392892
2026-09-05 18:03:14.936000+09:00,safe,1292.0,-140.0,18196.0,18.0,133.773,988.0,935.0,943.0,981.0,79.0,0.0,0.0,961.75,26.625489040892123,988.0,935.0,53.0,18242.34853301515,20.214475011733086,90.82017061849358
2026-09-05 18:03:15.842000+09:00,safe,1256.0,-136.0,18096.0,19.0,811.07,979.0,940.0,966.0,951.0,79.0,0.0,0.0,959.0,17.068489485989478,979.0,940.0,39.0,18140.045424419422,20.121195292526274,83.48825833504905
2026-09-05 18:03:16.813000+09:00,safe,1260.0,-152.0,18056.0,19.0,132.753,951.0,920.0,938.0,939.0,79.0,0.0,0.0,937.0,12.780193008453876,951.0,920.0,31.0,18100.548058000895,19.379112466776732,77.84592377539128
2026-09-05 18:03:17.803000+09:00,safe,1140.0,-124.0,18252.0,19.0,132.872,949.0,951.0,895.0,915.0,73.0,0.0,0.0,927.5,27.24579478255926,951.0,895.0,56.0,18287.98731408134,16.53594569415313,102.10797242596664
2026-09-05 18:03:18.833000+09:00,safe,1280.0,-80.0,17944.0,17.0,598.009,969.0,907.0,925.0,968.0,73.0,1.0,0.0,942.25,31.191612120354836,969.0,907.0,62.0,17989.773094733573,14.604151806934269,118.07104993837224
2026-09-05 18:03:19.799000+09:00,safe,1192.0,-52.0,17948.0,17.0,85.799,969.0,958.0,926.0,904.0,73.0,0.0,0.0,939.25,29.747548918636415,969.0,904.0,65.0,17987.614405473563,11.476878931137222,124.21406424857983
2026-09-05 18:03:20.801000+09:00,safe,1244.0,-128.0,18380.0,17.0,63.393,982.0,955.0,933.0,991.0,70.0,0.0,0.0,965.25,26.386549603917523,991.0,933.0,58.0,18422.49494503934,13.992185318955059,192.01955970041197
2026-09-05 18:03:21.841000+09:00,safe,1288.0,-256.0,18152.0,16.0,810.985,987.0,925.0,939.0,997.0,70.0,0.0,0.0,962.0,35.3459097114975,997.0,925.0,72.0,18199.4391122364,15.973611050729309,189.742731729706
2026-09-05 18:03:22.804000+09:00,safe,1228.0,-196.0,18364.0,16.0,134.504,981.0,971.0,911.0,968.0,70.0,0.0,0.0,957.75,31.65833223655346,981.0,911.0,70.0,18406.055959927973,11.808894952533938,212.87354386261208
2026-09-05 18:03:23.832000+09:00,safe,1228.0,-148.0,18000.0,16.0,133.518,947.0,979.0,933.0,968.0,0.0,0.0,0.0,956.75,20.66196183005541,979.0,933.0,46.0,18042.44684071426,10.069136010600992,200.7610661407944
2026-09-05 18:03:24.806000+09:00,safe,1236.0,-216.0,18020.0,16.0,132.974,1005.0,943.0,966.0,971.0,0.0,1.0,0.0,971.25,25.591339680967597,1005.0,943.0,62.0,18063.630642813754,5.915023245937532,181.5131912663439
2026-09-05 18:03:25.818000+09:00,safe,1244.0,-180.0,17964.0,16.0,403.529,947.0,969.0,903.0,981.0,0.0,0.0,0.0,950.0,34.351128074635334,981.0,903.0,78.0,18007.92136810909,7.829032507275803,163.5821214783739
2026-09-05 18:03:26.800000+09:00,safe,1232.0,-168.0,18044.0,16.0,133.654,997.0,922.0,908.0,947.0,64.0,0.0,0.0,943.5,39.145029484384516,997.0,908.0,89.0,18086.790317798237,10.348007054499979,161.76768892025456
2026-09-05 18:03:27.841000+09:00,safe,1172.0,-136.0,18056.0,16.0,810.832,964.0,953.0,923.0,925.0,64.0,0.0,0.0,941.25,20.434855843223687,964.0,923.0,41.0,18094.507896044037,12.07709609136158,35.13392721544431
2026-09-05 18:03:28.804000+09:00,safe,1260.0,-252.0,18212.0,16.0,133.773,983.0,971.0,933.0,965.0,64.0,0.0,0.0,963.0,21.354156504062622,983.0,933.0,50.0,18257.273838117235,12.914865465810369,93.16708690449447
2026-09-05 18:03:29.795000+09:00,safe,1320.0,-116.0,18044.0,16.0,132.056,952.0,956.0,937.0,965.0,66.0,0.0,0.0,952.5,11.67618659209133,965.0,937.0,28.0,18092.589422191617,8.573943083551526,91.05989302158628
2026-09-05 18:03:30.798000+09:00,safe,1204.0,-152.0,17976.0,17.0,133.501,983.0,914.0,959.0,975.0,66.0,0.0,0.0,957.75,30.826125283596703,983.0,914.0,69.0,18016.916939365627,9.237491542620269,88.64976582661359
2026-09-05 18:03:31.798000+09:00,safe,1236.0,-176.0,18136.0,17.0,134.895,1019.0,981.0,959.0,939.0,66.0,1.0,0.0,974.5,34.26854728950927,1019.0,939.0,80.0,18178.9209800802,12.328067569573959,92.22220326388853
2026-09-05 18:03:32.801000+09:00,safe,1304.0,-152.0,18096.0,17.0,210.307,1011.0,954.0,966.0,966.0,69.0,0.0,0.0,974.25,25.144581921360317,1011.0,954.0,57.0,18143.559077534926,9.83393359749706,90.35319186200655
2026-09-05 18:03:33.798000+09:00,safe,1292.0,-200.0,18108.0,17.0,132.855,941.0,920.0,939.0,951.0,69.0,0.0,0.0,937.75,12.945398152754258,951.0,920.0,31.0,18155.135031169557,15.552933806841128,64.43110312669484
2026-09-05 18:03:34.837000+09:00,safe,1284.0,-260.0,18064.0,17.0,811.07,975.0,967.0,965.0,955.0,69.0,0.0,0.0,965.5,8.225975119502044,975.0,955.0,20.0,18111.442570927364,15.20423460750266,63.15336542589089
2026-09-05 18:03:35.842000+09:00,safe,1244.0,-168.0,18048.0,17.0,811.019,1019.0,931.0,984.0,967.0,72.0,0.0,0.0,975.25,36.59121023779709,1019.0,931.0,88.0,18091.602029671114,15.989645086742275,34.78383121529997
2026-09-05 18:03:36.835000+09:00,safe,1340.0,-172.0,18288.0,16.0,810.509,1081.0,1069.0,1060.0,1111.0,72.0,0.0,0.0,1080.25,22.23173407541571,1111.0,1060.0,51.0,18337.83324168916,54.50504563799558,98.28727296181735
2026-09-05 18:03:37.824000+09:00,safe,1208.0,-196.0,18096.0,16.0,551.242,979.0,967.0,924.0,971.0,72.0,1.0,0.0,960.25,24.67623688220444,979.0,924.0,55.0,18137.334313509247,55.645754555042025,98.71140056121665
2026-09-05 18:03:38.805000+09:00,safe,1308.0,-112.0,18284.0,16.0,283.934,935.0,971.0,891.0,951.0,75.0,1.0,0.0,937.0,34.01960219246153,971.0,891.0,80.0,18331.06827219843,55.801713683362635,122.1466287925923
2026-09-05 18:03:39.805000+09:00,safe,1252.0,-140.0,18272.0,16.0,133.365,973.0,912.0,943.0,991.0,75.0,0.0,0.0,954.75,34.70230539892127,991.0,912.0,79.0,18315.3784563683,56.87266478722428,118.3996955836727
2026-09-05 18:03:40.851000+09:00,safe,1280.0,-164.0,18100.0,16.0,811.019,975.0,920.0,938.0,985.0,75.0,0.0,0.0,954.5,30.62134331910778,985.0,920.0,65.0,18145.944340265127,58.18467366927464,102.49458746641956
2026-09-05 18:03:41.835000+09:00,safe,1300.0,-208.0,17992.0,16.0,810.883,947.0,999.0,951.0,994.0,77.0,0.0,0.0,972.75,27.548442182211804,999.0,947.0,52.0,18040.103325646447,12.877548291502606,125.22476580204571
2026-09-05 18:03:42.838000+09:00,safe,1260.0,-64.0,18028.0,16.0,810.849,1075.0,1020.0,1068.0,1063.0,77.0,0.0,0.0,1056.5,24.826061575153908,1075.0,1020.0,55.0,18072.091190562314,47.227044688398415,135.57278709705668
2026-09-05 18:03:43.825000+09:00,safe,1240.0,-188.0,18052.0,16.0,624.257,933.0,942.0,910.0,908.0,77.0,1.0,0.0,923.25,16.879474715365603,942.0,908.0,34.0,18095.514582348853,50.30053429139676,108.59447242605206
2026-09-05 18:03:44.861000+09:00,safe,1276.0,-156.0,18152.0,17.0,356.184,951.0,981.0,926.0,975.0,77.0,0.0,0.0,958.25,25.104780421266383,981.0,926.0,55.0,18197.461801031484,50.01793428361452,62.196791975136186
2026-09-05 18:03:45.795000+09:00,safe,1260.0,-160.0,18068.0,17.0,89.675,963.0,914.0,925.0,952.0,77.0,0.0,0.0,938.5,22.84002335083453,963.0,914.0,49.0,18112.587446303743,51.9749338623916,59.12023111708262
2026-09-05 18:03:46.834000+09:00,safe,1180.0,-76.0,18088.0,17.0,811.801,971.0,894.0,908.0,943.0,77.0,0.0,0.0,929.0,34.76588366008646,971.0,894.0,77.0,18126.608066596466,54.96152063034629,47.408063746841485
2026-09-05 18:03:47.833000+09:00,safe,1280.0,-108.0,18064.0,18.0,812.005,911.0,937.0,917.0,921.0,77.0,0.0,0.0,921.5,11.120551545074852,937.0,911.0,26.0,18109.61512567288,15.04223221466754,40.17802063033852
2026-09-05 18:03:48.836000+09:00,safe,1160.0,-108.0,18156.0,18.0,811.886,973.0,905.0,877.0,967.0,77.0,0.0,0.0,930.5,47.085029467974216,973.0,877.0,96.0,18193.3394405755,14.051690289782997,43.838244880241696
2026-09-05 18:03:49.836000+09:00,safe,1252.0,-116.0,18136.0,18.0,696.847,935.0,893.0,895.0,957.0,77.0,0.0,0.0,920.0,31.347514521356658,957.0,893.0,64.0,18179.533987426632,7.478301946296457,39.26838710216272
2026-09-05 18:03:50.825000+09:00,safe,1256.0,-36.0,18092.0,19.0,429.641,943.0,933.0,919.0,915.0,77.0,0.0,0.0,927.5,12.897028081435403,943.0,915.0,28.0,18135.580939137297,4.671723450717227,35.81524740554053
2026-09-05 18:03:51.828000+09:00,safe,1276.0,-144.0,18040.0,19.0,163.472,921.0,913.0,931.0,947.0,77.0,0.0,0.0,928.0,14.65150731722394,947.0,913.0,34.0,18085.643809386493,4.513867521314879,45.559407658878904
2026-09-05 18:03:52.849000+09:00,safe,1300.0,-92.0,18144.0,19.0,810.917,989.0,937.0,939.0,979.0,77.0,0.0,0.0,961.0,26.8824602048746,989.0,937.0,52.0,18190.744899536137,15.919327875258475,46.14523528348531
2026-09-05 18:03:53.873000+09:00,safe,1152.0,-188.0,18060.0,20.0,811.019,949.0,949.0,949.0,937.0,77.0,0.0,0.0,946.0,6.0,949.0,937.0,12.0,18097.68073538706,16.703293088489513,47.115892059918075
2026-09-05 18:03:54.837000+09:00,safe,1208.0,-228.0,17876.0,20.0,811.172,985.0,925.0,927.0,977.0,77.0,0.0,0.0,953.5,31.93221988316294,985.0,925.0,60.0,17918.2204473547,15.069007930185098,102.12174299469133
2026-09-05 18:03:55.830000+09:00,safe,1216.0,-132.0,18052.0,20.0,769.845,965.0,952.0,933.0,965.0,77.0,0.0,0.0,953.75,15.129992289048486,965.0,933.0,32.0,18093.39061646545,12.602579101119781,98.64052977284567
2026-09-05 18:03:56.822000+09:00,safe,1300.0,-172.0,18116.0,21.0,503.2,971.0,921.0,963.0,967.0,77.0,0.0,0.0,955.5,23.230726778701236,971.0,921.0,50.0,18163.398360439052,5.3747092944624235,106.15961875612727
2026-09-05 18:03:57.808000+09:00,safe,1368.0,-88.0,18116.0,21.0,236.674,987.0,921.0,936.0,989.0,77.0,0.0,0.0,958.25,34.90343822605446,989.0,921.0,68.0,18167.790839835205,4.550412069250531,101.24143974477471
2026-09-05 18:03:58.849000+09:00,safe,1360.0,-188.0,18040.0,21.0,812.022,979.0,924.0,922.0,993.0,77.0,0.0,0.0,954.5,36.8284310463171,993.0,922.0,71.0,18092.168029288252,1.9251623308128991,101.14093505437951
2026-09-05 18:03:59.835000+09:00,safe,1296.0,-96.0,18104.0,21.0,811.087,952.0,971.0,921.0,971.0,77.0,0.0,0.0,953.75,23.59908190304586,971.0,921.0,50.0,18150.58258018183,1.8758331482253248,37.678498174056585
2026-09-05 18:06:00.825000+09:00,fall_risk,1312.0,-168.0,18112.0,22.0,810.883,3307.0,1130.0,1060.0,1112.0,73.0,0.0,0.0,1652.25,1103.5658491151914,3307.0,1060.0,2247.0,18160.234359721242,0.0,0.0
2026-09-05 18:06:01.783000+09:00,fall_risk,1108.0,-152.0,18276.0,22.0,137.496,3184.0,981.0,979.0,969.0,73.0,0.0,0.0,1528.25,1103.845815018263,3184.0,969.0,2215.0,18310.186891454712,87.68124086713189,106.03245204482766
2026-09-05 18:06:02.809000+09:00,fall_risk,1280.0,-124.0,18032.0,22.0,365.772,3231.0,972.0,923.0,925.0,76.0,0.0,0.0,1512.75,1145.7237523359051,3231.0,923.0,2308.0,18077.798538538922,76.45968436590185,117.81749513420752
2026-09-05 18:06:03.794000+09:00,fall_risk,1292.0,-140.0,18068.0,22.0,99.331,3200.0,940.0,915.0,955.0,76.0,0.0,0.0,1502.5,1131.786935189953,3200.0,915.0,2285.0,18114.67603905739,69.68362283683784,102.03993376350282
2026-09-05 18:06:04.821000+09:00,fall_risk,1308.0,-56.0,17992.0,22.0,810.951,3194.0,943.0,907.0,957.0,76.0,0.0,0.0,1500.25,1129.3630579519886,3194.0,907.0,2287.0,18039.56939619125,64.15567005339436,104.8432435312696
2026-09-05 18:06:05.817000+09:00,fall_risk,1172.0,-244.0,18096.0,22.0,810.9,3227.0,946.0,969.0,982.0,77.0,0.0,0.0,1531.0,1130.7646380510255,3227.0,946.0,2281.0,18135.55447181034,14.233982225645915,104.26081896023516
2026-09-05 18:06:06.822000+09:00,fall_risk,1232.0,-220.0,17984.0,22.0,810.9,3192.0,941.0,936.0,928.0,77.0,0.0,0.0,1499.25,1128.512701154341,3192.0,928.0,2264.0,18027.49233809295,13.340024362796505,46.58444391030474
2026-09-05 18:06:07.823000+09:00,fall_risk,1192.0,-168.0,18188.0,22.0,706.52,3219.0,909.0,933.0,953.0,77.0,0.0,0.0,1503.5,1143.8081132777472,3219.0,909.0,2310.0,18227.792844993604,13.35734816496165,81.10672546237294
2026-09-05 18:06:08.806000+09:00,fall_risk,1256.0,-120.0,18108.0,22.0,440.64,3191.0,872.0,919.0,972.0,77.0,1.0,0.0,1488.5,1135.734857555524,3191.0,872.0,2319.0,18151.9034814534,15.849881703028714,83.43148595328095
2026-09-05 18:06:09.810000+09:00,fall_risk,1228.0,-140.0,18044.0,22.0,173.366,3208.0,931.0,948.0,977.0,77.0,0.0,0.0,1516.0,1128.1598586488826,3208.0,931.0,2277.0,18086.27988282831,16.351223195834745,74.84203003509062
2026-09-05 18:06:10.822000+09:00,fall_risk,1196.0,-156.0,17952.0,22.0,811.121,3220.0,984.0,959.0,940.0,77.0,0.0,0.0,1525.75,1129.6437122680172,3220.0,940.0,2280.0,17992.472203674515,14.545832736560854,94.85947469196158
2026-09-05 18:06:11.836000+09:00,fall_risk,1188.0,-176.0,18072.0,22.0,811.036,3183.0,925.0,931.0,981.0,77.0,0.0,0.0,1505.0,1118.9483157560644,3183.0,925.0,2258.0,18111.86086518997,14.03789514136666,86.49776358511824
2026-09-05 18:06:12.778000+09:00,fall_risk,1212.0,-120.0,17924.0,22.0,115.362,3247.0,971.0,941.0,973.0,77.0,0.0,0.0,1533.0,1142.7604006673198,3247.0,941.0,2306.0,17965.331057344865,17.562032911938328,79.58694434640519
2026-09-05 18:06:13.823000+09:00,fall_risk,2144.0,-1864.0,18104.0,22.0,779.45,967.0,937.0,949.0,972.0,77.0,0.0,0.0,956.25,16.194134740701646,972.0,937.0,35.0,18325.55723572956,252.30830594730728,142.157042243475
2026-09-05 18:06:14.778000+09:00,fall_risk,1196.0,-276.0,18100.0,22.0,120.02,1000.0,921.0,935.0,994.0,77.0,1.0,0.0,962.5,40.319556875871875,1000.0,921.0,79.0,18141.570825041585,307.9310495062166,143.32838021616328
2026-09-05 18:06:15.798000+09:00,fall_risk,1280.0,-244.0,18060.0,22.0,246.636,948.0,973.0,892.0,999.0,77.0,0.0,0.0,953.0,45.687343250985094,999.0,892.0,107.0,18106.947175048586,307.8612918182473,128.79491151179545
2026-09-05 18:06:16.783000+09:00,fall_risk,1264.0,-316.0,18100.0,22.0,136.561,938.0,909.0,917.0,967.0,77.0,0.0,0.0,932.75,25.90205912020638,967.0,909.0,58.0,18146.83311214384,260.4609495682606,128.4956269846882
2026-09-05 18:06:17.775000+09:00,fall_risk,1188.0,-168.0,18116.0,22.0,135.15,951.0,905.0,925.0,952.0,75.0,0.0,0.0,933.25,22.60346581094737,952.0,905.0,47.0,18155.688474965635,13.715183192360733,85.99705889556735
2026-09-05 18:06:18.783000+09:00,fall_risk,1212.0,-264.0,18052.0,22.0,134.946,956.0,934.0,909.0,927.0,75.0,0.0,0.0,931.5,19.433647796197878,956.0,909.0,47.0,18094.56669832135,14.246271442030517,26.74054067961649
2026-09-05 18:06:19.840000+09:00,fall_risk,1256.0,-232.0,18160.0,22.0,810.73,1135.0,1079.0,1061.0,1133.0,75.0,0.0,0.0,1102.0,37.68288736283355,1135.0,1061.0,74.0,18204.860889333926,74.04749320537472,43.7052621665673
2026-09-05 18:06:20.801000+09:00,fall_risk,1232.0,-200.0,17964.0,22.0,586.636,1112.0,959.0,925.0,972.0,70.0,1.0,0.0,992.0,82.41763565321847,1112.0,925.0,187.0,18007.307405606203,73.79689187221922,75.04063982384417
2026-09-05 18:06:21.785000+09:00,fall_risk,1228.0,-220.0,18132.0,21.0,320.212,1199.0,970.0,938.0,985.0,70.0,0.0,0.0,1023.0,118.95937681970823,1199.0,938.0,261.0,18174.867482322945,70.84878262892042,78.34830736408702
2026-09-05 18:06:22.794000+09:00,fall_risk,1264.0,-152.0,17976.0,21.0,56.61,1075.0,911.0,907.0,942.0,70.0,0.0,0.0,958.75,79.06273880069338,1075.0,907.0,168.0,18021.025941937933,65.91718288883419,88.68188086485867
2026-09-05 18:06:23.839000+09:00,fall_risk,1220.0,-164.0,18140.0,21.0,811.002,1532.0,952.0,917.0,971.0,0.0,0.0,0.0,1093.0,293.5200163532293,1532.0,917.0,615.0,18181.7187306371,62.554476258698024,95.51912115622656
2026-09-05 18:06:24.817000+09:00,fall_risk,1252.0,-204.0,18032.0,22.0,811.189,1493.0,959.0,925.0,966.0,0.0,0.0,0.0,1085.75,272.0899054846884,1493.0,925.0,568.0,18076.563390202242,58.406709802898625,82.71105096979437
2026-09-05 18:06:25.844000+09:00,fall_risk,1228.0,-160.0,17944.0,22.0,811.206,1093.0,1097.0,1085.0,1071.0,0.0,1.0,0.0,1086.5,11.474609652039003,1097.0,1071.0,26.0,17986.681739553853,58.12287630528976,88.33278463679059
2026-09-05 18:06:26.806000+09:00,fall_risk,1288.0,-212.0,18092.0,22.0,659.668,973.0,969.0,984.0,935.0,69.0,1.0,0.0,965.25,21.140403654298247,984.0,935.0,49.0,18139.028419405488,69.33672367512047,80.65988081747261
2026-09-05 18:06:27.812000+09:00,fall_risk,1196.0,-164.0,18052.0,23.0,392.632,927.0,936.0,939.0,931.0,69.0,0.0,0.0,933.25,5.315072906367325,939.0,927.0,12.0,18092.319254313417,77.11132374690511,73.37955515444573
2026-09-05 18:06:28.774000+09:00,fall_risk,1252.0,-192.0,18116.0,23.0,125.375,960.0,933.0,891.0,921.0,69.0,0.0,0.0,926.25,28.605069480775605,960.0,891.0,69.0,18160.226430306422,80.5228228516612,67.43789139863702
2026-09-05 18:06:29.814000+09:00,fall_risk,1204.0,-176.0,17828.0,23.0,810.934,951.0,967.0,964.0,952.0,72.0,0.0,0.0,958.5,8.18535277187245,967.0,951.0,16.0,17869.476097524515,65.0262927591602,120.89654393142169
2026-09-05 18:06:30.785000+09:00,fall_risk,1256.0,-252.0,18032.0,23.0,349.639,938.0,957.0,923.0,951.0,72.0,0.0,0.0,942.25,15.0858653491715,957.0,923.0,34.0,18077.44627982614,16.503408738803397,115.80446546189746
2026-09-05 18:06:31.821000+09:00,fall_risk,1248.0,-176.0,17992.0,23.0,810.9,998.0,952.0,966.0,1001.0,72.0,1.0,0.0,979.25,24.102212899787162,1001.0,952.0,49.0,18036.090041913187,21.274691537129574,108.8975850585073
2026-09-05 18:06:32.809000+09:00,fall_risk,1140.0,-228.0,18092.0,23.0,733.159,964.0,971.0,923.0,999.0,75.0,0.0,0.0,964.25,31.383382014478087,999.0,923.0,76.0,18129.31460370193,20.438627644732232,113.87998641424736
2026-09-05 18:06:33.795000+09:00,fall_risk,1136.0,-100.0,18052.0,24.0,466.803,969.0,957.0,924.0,971.0,75.0,0.0,0.0,955.25,21.73131381210073,971.0,924.0,47.0,18087.984962399765,13.494906446508343,100.96478166233072
2026-09-05 18:06:34.781000+09:00,fall_risk,1228.0,-252.0,18068.0,24.0,199.886,987.0,936.0,943.0,993.0,75.0,0.0,0.0,964.75,29.3981291921782,993.0,936.0,57.0,18111.43594528054,13.621673905949022,35.570819323229045
2026-09-05 18:06:35.812000+09:00,fall_risk,1188.0,-120.0,18212.0,24.0,810.9,966.0,957.0,921.0,939.0,78.0,0.0,0.0,945.75,19.956202043475106,966.0,921.0,45.0,18251.10100788443,12.446887161054072,79.62834258627049
2026-09-05 18:06:36.787000+09:00,fall_risk,1292.0,-76.0,17940.0,22.0,349.622,954.0,921.0,927.0,939.0,78.0,0.0,0.0,935.25,14.568802284333465,954.0,921.0,33.0,17986.623918901514,12.622400722525512,94.78494124046486
2026-09-05 18:06:37.864000+09:00,fall_risk,1212.0,-144.0,17516.0,22.0,810.866,994.0,952.0,909.0,947.0,78.0,1.0,0.0,950.5,34.78026260203719,994.0,909.0,85.0,17558.47191528921,10.960725340962266,263.7864515001287
2026-09-05 18:06:38.774000+09:00,fall_risk,1216.0,-256.0,18064.0,22.0,136.578,924.0,939.0,923.0,933.0,79.0,0.0,0.0,929.75,7.632168761236874,939.0,923.0,16.0,18106.691801651676,13.677536327863017,265.4890567258408
2026-09-05 18:06:39.772000+09:00,fall_risk,1144.0,-216.0,18060.0,21.0,135.422,940.0,915.0,932.0,956.0,79.0,0.0,0.0,935.75,17.05627939108253,956.0,915.0,41.0,18097.48579223092,8.4734880657267,264.1326738026828
2026-09-05 18:06:40.790000+09:00,fall_risk,1200.0,-284.0,18160.0,21.0,272.408,965.0,981.0,931.0,967.0,79.0,0.0,0.0,961.0,21.228911104120876,981.0,931.0,50.0,18201.820128767344,12.912445546836295,253.11340625284257
2026-09-05 18:06:41.811000+09:00,fall_risk,1208.0,-220.0,18080.0,21.0,810.968,973.0,953.0,942.0,971.0,79.0,0.0,0.0,959.75,14.863265679744362,973.0,942.0,31.0,18121.646282829824,14.091885963206355,259.7497170137767
2026-09-05 18:06:42.819000+09:00,fall_risk,1304.0,-140.0,17956.0,21.0,811.172,1011.0,959.0,971.0,953.0,79.0,0.0,0.0,973.5,26.095976701399778,1011.0,953.0,58.0,18003.831592191702,18.455520854205442,70.59961338991792
2026-09-05 18:06:43.840000+09:00,fall_risk,1304.0,-268.0,18168.0,21.0,348.381,3800.0,973.0,911.0,964.0,79.0,1.0,0.0,1662.0,1425.5957818867637,3800.0,911.0,2889.0,18216.708374456677,315.35796129160906,86.17920557002947
2026-09-05 18:06:44.786000+09:00,fall_risk,1244.0,-172.0,18120.0,21.0,349.622,2717.0,969.0,903.0,957.0,79.0,1.0,0.0,1386.5,887.4643654817921,2717.0,903.0,1814.0,18163.466629473573,321.60303558890735,85.32893820618622
2026-09-05 18:06:45.773000+09:00,fall_risk,1264.0,-256.0,17912.0,19.0,133.909,2013.0,981.0,915.0,979.0,79.0,0.0,0.0,1222.0,528.2234375716398,2013.0,915.0,1098.0,17958.36785456852,295.56291631393816,108.58930085651018
2026-09-05 18:06:46.790000+09:00,fall_risk,1316.0,-180.0,18076.0,19.0,129.608,2019.0,980.0,953.0,955.0,79.0,0.0,0.0,1226.75,528.3094894724745,2019.0,953.0,1066.0,18124.73536358531,253.18320935638684,108.80299898585106
2026-09-05 18:06:47.785000+09:00,fall_risk,1324.0,-180.0,18076.0,19.0,79.9,2060.0,953.0,934.0,955.0,78.0,0.0,0.0,1225.5,556.4138148296943,2060.0,934.0,1126.0,18125.31798341756,190.78951098003262,96.68441357678653
2026-09-05 18:06:48.804000+09:00,fall_risk,1124.0,-208.0,18176.0,20.0,349.214,2310.0,941.0,918.0,966.0,78.0,0.0,0.0,1283.75,684.4474048456901,2310.0,918.0,1392.0,18211.90863144223,70.55153258434564,95.47210134181309
2026-09-05 18:06:49.840000+09:00,fall_risk,1140.0,-220.0,17908.0,20.0,811.189,2085.0,922.0,891.0,959.0,78.0,0.0,0.0,1214.25,581.1651371741656,2085.0,891.0,1194.0,17945.597343081117,27.986268954613948,116.27673987995657
2026-09-05 18:06:50.797000+09:00,fall_risk,1324.0,-276.0,18020.0,20.0,133.705,971.0,954.0,944.0,907.0,78.0,0.0,0.0,944.0,27.067816067549053,971.0,907.0,64.0,18070.68211219488,134.0543966082425,97.95587304363079
2026-09-05 18:06:53.251000+09:00,fall_risk,1232.0,-180.0,18108.0,21.0,135.456,999.0,935.0,947.0,1013.0,78.0,0.0,0.0,973.5,38.27531841800928,1013.0,935.0,78.0,18150.754474676804,157.26524170966698,100.54432770656865
2026-09-05 18:06:53.329000+09:00,fall_risk,1296.0,-212.0,18160.0,21.0,418.71,997.0,971.0,984.0,956.0,78.0,0.0,0.0,977.0,17.568911937472585,997.0,956.0,41.0,18207.420465293813,158.09263502769502,111.63189439864503
2026-09-05 18:06:53.775000+09:00,fall_risk,1216.0,-164.0,18252.0,21.0,151.708,998.0,927.0,960.0,999.0,78.0,0.0,0.0,971.0,34.49637662132068,999.0,927.0,72.0,18293.196986858256,111.62358621725063,132.7766645719383
2026-09-05 18:06:54.861000+09:00,fall_risk,1240.0,12.0,18248.0,21.0,811.189,949.0,947.0,900.0,943.0,78.0,1.0,0.0,934.75,23.30057223903882,949.0,900.0,49.0,18290.08605775271,19.273038162157743,94.83538493997585
2026-09-05 18:06:55.815000+09:00,fall_risk,1444.0,-140.0,18132.0,21.0,811.189,972.0,942.0,935.0,983.0,80.0,0.0,0.0,958.0,23.137271518771037,983.0,935.0,48.0,18189.946673918537,17.271363582531315,63.10505871287445
2026-09-05 18:06:56.829000+09:00,fall_risk,1208.0,-156.0,18104.0,22.0,812.107,940.0,930.0,955.0,923.0,80.0,0.0,0.0,937.0,13.880441875771343,955.0,923.0,32.0,18144.92810677408,19.24545400867407,64.87727036679408
2026-09-05 18:06:58.259000+09:00,fall_risk,1280.0,-228.0,18120.0,22.0,758.319,2669.0,2897.0,908.0,979.0,80.0,0.0,0.0,1863.25,1066.500937646095,2897.0,908.0,1989.0,18166.584268926286,408.6113449844485,70.02771866549966
2026-09-05 18:06:58.793000+09:00,fall_risk,1208.0,-208.0,17904.0,22.0,492.592,936.0,2623.0,908.0,935.0,83.0,0.0,0.0,1350.5,848.4324761975266,2623.0,908.0,1715.0,17945.91162354256,406.28282175105556,125.63956492256568
2026-09-05 18:06:59.803000+09:00,fall_risk,1308.0,-220.0,18020.0,22.0,225.556,2231.0,2264.0,879.0,936.0,83.0,0.0,0.0,1577.5,774.1164856359367,2264.0,879.0,1385.0,18068.74826876505,399.5629643748279,99.00800245745208
2026-09-05 18:07:00.781000+09:00,fall_risk,1208.0,-244.0,18076.0,22.0,127.551,953.0,2247.0,918.0,905.0,83.0,0.0,0.0,1255.75,661.1441471671161,2247.0,905.0,1342.0,18117.962799387795,347.73658313441797,87.84984651962556
2026-09-05 18:07:01.781000+09:00,fall_risk,1260.0,-232.0,18024.0,22.0,127.551,934.0,2463.0,936.0,973.0,86.0,0.0,0.0,1326.5,757.8788381617034,2463.0,934.0,1529.0,18069.477026189772,248.42852342273423,82.09582565671397
2026-09-05 18:07:02.776000+09:00,fall_risk,1336.0,-144.0,18088.0,23.0,127.551,2475.0,2607.0,884.0,923.0,86.0,0.0,0.0,1722.25,947.0795021186624,2607.0,884.0,1723.0,18137.84375277282,195.70425710750393,74.6370277802123
2026-09-05 18:07:04.295000+09:00,fall_risk,1364.0,-148.0,18096.0,23.0,127.398,2587.0,2486.0,919.0,969.0,86.0,0.0,0.0,1740.25,920.5807496720028,2587.0,919.0,1668.0,18147.936962641237,223.54679319999204,37.44599648147641
2026-09-05 18:07:04.789000+09:00,fall_risk,1348.0,-276.0,18116.0,23.0,128.673,972.0,2713.0,939.0,972.0,89.0,0.0,0.0,1399.0,876.1381169655843,2713.0,939.0,1774.0,18168.179215320393,227.18033860789978,37.53013218717532
2026-09-05 18:07:05.773000+09:00,fall_risk,1324.0,-96.0,18200.0,23.0,132.838,985.0,2619.0,921.0,972.0,89.0,0.0,0.0,1374.25,830.2928700163576,2619.0,921.0,1698.0,18248.34765122585,201.5294178277703,64.31137209291387
2026-09-05 18:07:06.765000+09:00,fall_risk,1148.0,-196.0,17880.0,23.0,61.676,952.0,907.0,911.0,915.0,89.0,1.0,0.0,921.25,20.758532382292028,952.0,907.0,45.0,17917.888268431634,333.3732705241979,123.14707398235967
2026-09-05 18:07:07.819000+09:00,fall_risk,1240.0,-184.0,18024.0,23.0,810.883,953.0,939.0,873.0,937.0,92.0,1.0,0.0,925.5,35.71647612330571,953.0,873.0,80.0,18067.54083985975,349.6176214809546,125.17368156183964
2026-09-05 18:07:08.837000+09:00,fall_risk,1284.0,-192.0,17884.0,24.0,811.07,927.0,957.0,933.0,947.0,92.0,0.0,0.0,941.0,13.564659966250536,957.0,927.0,30.0,17931.06176443548,250.77513582889358,144.77329107428696
2026-09-05 18:07:09.809000+09:00,fall_risk,1168.0,-212.0,18080.0,24.0,811.189,998.0,1007.0,986.0,951.0,92.0,0.0,0.0,985.5,24.55605831561735,1007.0,951.0,56.0,18118.928445137146,194.3932065428214,137.6339113515456
2026-09-05 18:07:10.798000+09:00,fall_risk,1252.0,-232.0,18028.0,24.0,638.843,959.0,907.0,923.0,969.0,95.0,0.0,0.0,939.5,29.320072760255332,969.0,907.0,62.0,18072.910999614865,25.499019588996394,91.06245003212443
2026-09-05 18:07:11.781000+09:00,fall_risk,1288.0,-328.0,17940.0,24.0,372.912,3369.0,935.0,915.0,980.0,95.0,0.0,0.0,1549.75,1213.1379077966913,3369.0,915.0,2454.0,17989.166962369323,270.1094685493273,74.89944860807447
2026-09-05 18:07:12.796000+09:00,fall_risk,1232.0,-216.0,18128.0,24.0,105.57,943.0,947.0,915.0,976.0,95.0,0.0,0.0,945.25,24.958298553119896,976.0,915.0,61.0,18171.09969154316,267.6331094053948,96.91248714983422
2026-09-05 18:07:13.818000+09:00,fall_risk,1336.0,-100.0,18268.0,24.0,812.09,969.0,959.0,932.0,937.0,97.0,0.0,0.0,949.25,17.63282923034947,969.0,932.0,37.0,18317.060899609412,266.6456332850775,122.29387538159456
2026-09-05 18:07:14.768000+09:00,fall_risk,1324.0,-56.0,18164.0,24.0,127.245,960.0,933.0,909.0,951.0,97.0,0.0,0.0,938.25,22.5,960.0,909.0,51.0,18212.27629924387,271.3552560758682,126.50250420140206
2026-09-05 18:07:15.811000+09:00,fall_risk,1320.0,-168.0,18156.0,24.0,811.036,947.0,941.0,902.0,907.0,97.0,0.0,0.0,924.25,23.02715787933891,947.0,902.0,45.0,18204.696097435957,273.18958618512534,119.2972260277124
2026-09-05 18:07:16.771000+09:00,fall_risk,1200.0,-236.0,17980.0,24.0,126.973,921.0,951.0,879.0,947.0,97.0,0.0,0.0,924.5,33.12099032335839,951.0,879.0,72.0,18021.5453277459,11.576376807965413,106.63266275929972
2026-09-05 18:07:17.778000+09:00,fall_risk,1236.0,-32.0,18292.0,24.0,127.007,937.0,916.0,931.0,932.0,97.0,1.0,0.0,929.0,9.055385138137417,937.0,916.0,21.0,18333.738953088647,10.682052705355808,124.5117130810792
2026-09-05 18:07:18.770000+09:00,fall_risk,1356.0,-212.0,18044.0,24.0,178.058,942.0,915.0,879.0,936.0,97.0,1.0,0.0,918.0,28.460498941515414,942.0,879.0,63.0,18096.12157342009,7.502916099757411,119.61480784180155
2026-09-05 18:07:19.773000+09:00,fall_risk,1188.0,-180.0,17980.0,24.0,56.95,951.0,919.0,923.0,943.0,97.0,0.0,0.0,934.0,15.44884030167529,951.0,919.0,32.0,18020.103884273252,5.96447818337855,134.10726936225717
2026-09-05 18:07:21.280000+09:00,fall_risk,1216.0,-108.0,17992.0,24.0,54.774,949.0,891.0,879.0,953.0,97.0,0.0,0.0,918.0,38.453435043785966,953.0,879.0,74.0,18033.368625966697,6.978538528947072,133.81185075317416
2026-09-05 18:07:21.774000+09:00,fall_risk,1352.0,-264.0,18064.0,24.0,56.661,3615.0,972.0,921.0,973.0,97.0,0.0,0.0,1620.25,1330.0549800666136,3615.0,921.0,2694.0,18116.44821702091,311.1153122236191,126.24515220384998
2026-09-05 18:07:22.813000+09:00,fall_risk,1252.0,-184.0,18188.0,24.0,785.502,3225.0,959.0,940.0,917.0,97.0,0.0,0.0,1510.25,1143.2956383484836,3225.0,917.0,2308.0,18231.96928474815,353.79693151580614,84.44497721610803
2026-09-05 18:07:23.802000+09:00,fall_risk,1232.0,-208.0,18148.0,25.0,519.146,3187.0,935.0,931.0,966.0,97.0,1.0,0.0,1504.75,1121.6090747968592,3187.0,931.0,2256.0,18190.959073122012,342.24814645224893,93.62014705068405
2026-09-05 18:07:24.805000+09:00,fall_risk,1308.0,-192.0,18128.0,25.0,75.446,3221.0,971.0,933.0,927.0,97.0,0.0,0.0,1513.0,1138.8333211376164,3221.0,927.0,2294.0,18176.141284662153,281.0039479260034,77.14973694704912
2026-09-05 18:07:25.766000+09:00,fall_risk,1264.0,-148.0,17932.0,25.0,132.175,3160.0,943.0,931.0,953.0,97.0,0.0,0.0,1496.75,1108.8698075067243,3160.0,931.0,2229.0,17977.10276991262,51.38640384381874,99.29837858357178
2026-09-05 18:07:26.769000+09:00,fall_risk,1264.0,-184.0,17932.0,25.0,128.044,3232.0,939.0,935.0,955.0,97.0,0.0,0.0,1515.25,1144.5326193108988,3232.0,935.0,2297.0,17977.435189703785,7.41198354018876,123.52939651619032
2026-09-05 18:07:27.773000+09:00,fall_risk,1304.0,-108.0,18184.0,25.0,128.01,3277.0,935.0,959.0,979.0,97.0,0.0,0.0,1537.5,1159.8061619655819,3277.0,935.0,2342.0,18231.015769835754,15.300531036536894,123.29593612972712
2026-09-05 18:07:28.809000+09:00,fall_risk,1224.0,-128.0,17828.0,25.0,810.832,3283.0,973.0,935.0,1003.0,97.0,0.0,0.0,1548.5,1156.6680595572784,3283.0,935.0,2348.0,17870.426519811997,20.654448673349485,151.1958145503422
2026-09-05 18:07:29.797000+09:00,fall_risk,1300.0,-256.0,17944.0,25.0,592.11,3261.0,911.0,935.0,923.0,97.0,0.0,0.0,1507.5,1169.0410600145744,3261.0,911.0,2350.0,17992.850580161,21.399912382998853,133.00869399568487
2026-09-05 18:07:30.786000+09:00,fall_risk,1212.0,-140.0,18068.0,25.0,324.496,3300.0,911.0,927.0,999.0,97.0,0.0,0.0,1534.25,1177.7887119513414,3300.0,911.0,2389.0,18109.14597655008,16.812012074705056,137.91992093358456
2026-09-05 18:07:31.765000+09:00,fall_risk,1300.0,-144.0,18164.0,25.0,58.242,3229.0,871.0,901.0,925.0,97.0,0.0,0.0,1481.5,1165.2094232368704,3229.0,871.0,2358.0,18211.030503516267,27.124481561866357,151.9032883935336
2026-09-05 18:07:32.774000+09:00,fall_risk,1224.0,-124.0,18076.0,24.0,130.067,3239.0,933.0,943.0,966.0,97.0,0.0,0.0,1520.25,1145.9166272755915,3239.0,933.0,2306.0,18117.817970164066,25.69569516475527,131.35380017783183
2026-09-05 18:07:34.246000+09:00,fall_risk,1280.0,-204.0,18140.0,24.0,129.149,3231.0,975.0,923.0,921.0,97.0,0.0,0.0,1512.5,1145.9393526709866,3231.0,921.0,2310.0,18186.247991270768,19.43370139731565,85.00950047578233
2026-09-05 18:07:34.799000+09:00,fall_risk,1248.0,-152.0,18084.0,24.0,130.815,3261.0,953.0,937.0,933.0,95.0,0.0,0.0,1521.0,1160.032183461591,3261.0,933.0,2328.0,18127.64915812307,19.726726793871002,45.39333103495662
2026-09-05 18:07:35.809000+09:00,fall_risk,1308.0,-252.0,18028.0,23.0,664.802,3251.0,941.0,920.0,915.0,95.0,0.0,0.0,1506.75,1162.8878922750894,3251.0,915.0,2336.0,18077.144464765446,16.142529231815836,54.08440177127925
2026-09-05 18:07:36.790000+09:00,fall_risk,1292.0,-284.0,18048.0,23.0,396.712,3251.0,974.0,896.0,953.0,95.0,0.0,0.0,1518.5,1155.4700342284953,3251.0,896.0,2355.0,18096.414672525603,6.060631155253387,41.350236507334
2026-09-05 18:07:37.766000+09:00,fall_risk,1276.0,-160.0,18164.0,23.0,129.795,3272.0,927.0,935.0,972.0,89.0,0.0,0.0,1526.5,1163.8317461443185,3272.0,927.0,2345.0,18209.466549023342,7.645259969420796,56.93335296096598
2026-09-05 18:07:38.766000+09:00,fall_risk,1276.0,-52.0,18100.0,22.0,127.568,3227.0,938.0,923.0,971.0,89.0,0.0,0.0,1514.75,1141.6760705208812,3227.0,923.0,2304.0,18144.996004408487,7.371821348895274,51.1385107834265
2026-09-05 18:07:39.808000+09:00,fall_risk,1176.0,-280.0,18036.0,22.0,811.053,3256.0,941.0,908.0,941.0,89.0,0.0,0.0,1511.5,1163.1040366192528,3256.0,908.0,2348.0,18076.4673539937,7.467847748851607,56.81766707339943
2026-09-05 18:07:40.817000+09:00,fall_risk,1164.0,-148.0,18044.0,22.0,811.036,3237.0,903.0,935.0,941.0,83.0,0.0,0.0,1504.0,1155.453734830319,3237.0,903.0,2334.0,18082.110938715094,8.333666660001954,55.89750032271152
2026-09-05 18:07:41.801000+09:00,fall_risk,1200.0,-280.0,17848.0,22.0,737.001,3255.0,925.0,919.0,924.0,83.0,0.0,0.0,1505.75,1166.1696203097272,3255.0,919.0,2336.0,17890.48641038024,8.942524811261531,119.28528398128064
2026-09-05 18:07:42.794000+09:00,fall_risk,1256.0,-180.0,17996.0,22.0,470.781,3239.0,934.0,873.0,915.0,83.0,0.0,0.0,1490.25,1166.1118799955118,3239.0,873.0,2366.0,18040.674931941987,9.435637233384298,95.18510399892375
2026-09-05 18:07:43.779000+09:00,fall_risk,1220.0,-196.0,18208.0,22.0,202.742,3243.0,950.0,909.0,942.0,77.0,0.0,0.0,1511.0,1154.8030135049007,3243.0,909.0,2334.0,18249.878903707828,8.604141444678143,128.07073731979287
2026-09-05 18:07:44.810000+09:00,fall_risk,1268.0,-208.0,18160.0,22.0,811.053,3244.0,902.0,905.0,959.0,77.0,0.0,0.0,1502.5,1161.2953973903452,3244.0,902.0,2342.0,18205.402714578988,7.663631645638254,142.40002898245794
2026-09-05 18:07:45.776000+09:00,fall_risk,1236.0,-212.0,18032.0,22.0,132.855,3241.0,941.0,892.0,937.0,77.0,0.0,0.0,1502.75,1159.0462674112712,3241.0,892.0,2349.0,18075.554320684056,7.6309403090332255,142.56364882404458
2026-09-05 18:07:47.253000+09:00,fall_risk,1172.0,-180.0,17992.0,22.0,811.223,3214.0,926.0,909.0,965.0,73.0,1.0,0.0,1503.5,1140.5742705613986,3214.0,909.0,2305.0,18031.030142507112,7.451929280396329,100.42955529938152
2026-09-05 18:07:47.800000+09:00,fall_risk,1232.0,-192.0,18036.0,22.0,135.065,3211.0,938.0,895.0,931.0,73.0,1.0,0.0,1493.75,1144.9883187177063,3211.0,895.0,2316.0,18079.048205035575,6.117086724906577,94.06840726379096
2026-09-05 18:07:48.765000+09:00,fall_risk,1320.0,-116.0,18104.0,22.0,123.658,3231.0,947.0,925.0,969.0,73.0,0.0,0.0,1518.0,1142.141263884055,3231.0,925.0,2306.0,18152.42881820502,8.733198154171745,69.4155891301055
2026-09-05 18:07:49.846000+09:00,fall_risk,1200.0,-272.0,18148.0,22.0,129.438,3213.0,910.0,925.0,938.0,76.0,0.0,0.0,1496.5,1144.3905219227686,3213.0,910.0,2303.0,18189.66431795815,9.395145022831153,64.08614717605793
2026-09-05 18:07:50.807000+09:00,fall_risk,1220.0,-148.0,18140.0,22.0,810.9,3360.0,919.0,907.0,924.0,76.0,0.0,0.0,1527.5,1221.6874941380604,3360.0,907.0,2453.0,18181.581449367928,14.454238132811758,69.03233537243888
2026-09-05 18:07:51.771000+09:00,fall_risk,1088.0,-116.0,18264.0,22.0,128.35,3111.0,3141.0,917.0,943.0,76.0,0.0,0.0,2028.0,1267.964773432869,3141.0,917.0,2224.0,18296.745502957623,232.56867265390673,78.54424058180818
2026-09-05 18:07:52.776000+09:00,fall_risk,1316.0,-136.0,18144.0,22.0,129.744,3223.0,2469.0,947.0,969.0,76.0,0.0,0.0,1902.0,1132.7023733826404,3223.0,947.0,2276.0,18192.17106339977,251.2586814420549,54.99628132355867
2026-09-05 18:07:53.768000+09:00,fall_risk,1340.0,-108.0,18068.0,22.0,130.203,3218.0,2936.0,941.0,969.0,76.0,0.0,0.0,2016.0,1230.5876644920506,3218.0,941.0,2277.0,18117.943812695743,262.31302865088503,64.23473287700477
2026-09-05 18:07:54.763000+09:00,fall_risk,1228.0,-128.0,17844.0,22.0,131.019,3428.0,944.0,923.0,983.0,76.0,0.0,0.0,1569.5,1239.2493695782136,3428.0,923.0,2505.0,17886.6627407127,242.9303912646584,152.93975556672072
2026-09-05 18:07:55.781000+09:00,fall_risk,1200.0,-296.0,18196.0,22.0,349.231,3339.0,3014.0,935.0,968.0,76.0,0.0,0.0,2064.0,1291.5084204138973,3339.0,935.0,2404.0,18237.92839113039,202.9200581509872,159.1770595729463
2026-09-05 18:07:56.763000+09:00,fall_risk,1312.0,-132.0,18316.0,22.0,83.487,3350.0,943.0,951.0,957.0,76.0,1.0,0.0,1550.25,1199.8470388623155,3350.0,943.0,2407.0,18363.404477383818,245.04627114077866,176.7501478332835
2026-09-05 18:07:57.767000+09:00,fall_risk,1232.0,-80.0,18160.0,22.0,134.844,2859.0,1332.0,944.0,927.0,76.0,0.0,0.0,1515.5,914.9879780631001,2859.0,927.0,1932.0,18201.91814067957,272.29627705864806,177.25192384657245
2026-09-05 18:07:58.789000+09:00,fall_risk,1256.0,-112.0,18108.0,23.0,132.515,3292.0,925.0,879.0,936.0,76.0,0.0,0.0,1508.0,1189.5895650741618,3292.0,879.0,2413.0,18151.85235726646,237.5473900088149,175.80820937681077
2026-09-05 18:07:59.765000+09:00,fall_risk,1212.0,-200.0,17964.0,23.0,132.991,3283.0,951.0,925.0,954.0,76.0,0.0,0.0,1528.25,1169.9058010512356,3283.0,925.0,2358.0,18005.950127666132,241.35667330736894,130.20507645262055
2026-09-05 18:08:00.764000+09:00,fall_risk,1180.0,-156.0,18196.0,23.0,133.705,3273.0,932.0,942.0,959.0,76.0,0.0,0.0,1526.5,1164.3866768961818,3273.0,932.0,2341.0,18234.88831882444,16.0247854899844,129.94505683874033
2026-09-05 18:08:01.764000+09:00,fall_risk,1188.0,-248.0,18200.0,23.0,132.515,3271.0,891.0,902.0,939.0,76.0,0.0,0.0,1500.75,1180.3452531639489,3271.0,891.0,2380.0,18240.417977667068,11.799629231463786,96.6757623970865
2026-09-05 18:08:02.770000+09:00,fall_risk,1168.0,-260.0,18072.0,23.0,157.25,2900.0,927.0,888.0,907.0,76.0,0.0,0.0,1405.5,996.4605695493759,2900.0,888.0,2012.0,18111.571107996126,50.75166253434476,96.96178800230604
2026-09-05 18:08:03.800000+09:00,fall_risk,1264.0,-152.0,18112.0,23.0,131.631,2873.0,937.0,937.0,969.0,76.0,0.0,0.0,1429.0,962.7848496246015,2873.0,937.0,1936.0,18156.688684889654,57.12294854084489,97.02225841869186
2026-09-05 18:08:04.769000+09:00,fall_risk,1228.0,-208.0,18180.0,23.0,133.501,3051.0,915.0,916.0,964.0,76.0,0.0,0.0,1461.5,1059.9133612391786,3051.0,915.0,2136.0,18222.61364349253,49.76997086597513,56.632502692754706
2026-09-05 18:08:05.775000+09:00,fall_risk,1200.0,-172.0,18064.0,23.0,139.111,2965.0,958.0,923.0,969.0,76.0,0.0,0.0,1453.75,1007.6908834889133,2965.0,923.0,2042.0,18104.631451647947,35.85761774016807,62.35268150337892
2026-09-05 18:08:06.803000+09:00,fall_risk,1284.0,-80.0,18168.0,23.0,764.099,3077.0,919.0,931.0,967.0,76.0,0.0,0.0,1473.5,1069.1945566640338,3077.0,919.0,2158.0,18213.49170258136,27.2795711109983,55.19882562847047
2026-09-05 18:08:07.761000+09:00,fall_risk,1172.0,-280.0,17816.0,23.0,133.518,2959.0,943.0,925.0,983.0,76.0,1.0,0.0,1452.5,1004.6258009826345,2959.0,925.0,2034.0,17856.702943152748,16.307973509912628,149.79737150530494
2026-09-05 18:08:08.767000+09:00,fall_risk,1200.0,-264.0,17856.0,23.0,230.758,3323.0,940.0,954.0,980.0,76.0,1.0,0.0,1549.25,1182.6161324228021,3323.0,940.0,2383.0,17898.224269463157,40.642726901624286,172.8382093459281
2026-09-05 18:08:09.803000+09:00,fall_risk,1200.0,-180.0,18196.0,23.0,811.155,3311.0,2267.0,932.0,979.0,76.0,0.0,0.0,1872.25,1141.3142643461529,3311.0,932.0,2379.0,18236.414559885394,178.84551643807012,176.1795458636853
2026-09-05 18:08:10.811000+09:00,fall_risk,1336.0,-208.0,18120.0,23.0,811.121,3337.0,3225.0,937.0,971.0,76.0,0.0,0.0,2117.5,1344.3435820751579,3337.0,937.0,2400.0,18170.375890443214,291.1251341777278,182.5064570589993
2026-09-05 18:08:11.761000+09:00,fall_risk,1184.0,-124.0,18004.0,23.0,136.289,3339.0,3013.0,933.0,971.0,76.0,0.0,0.0,2064.0,1290.9990963074556,3339.0,933.0,2406.0,18043.315881511357,299.47373632757854,165.28811868836732
2026-09-05 18:08:12.809000+09:00,fall_risk,1268.0,-40.0,18100.0,23.0,810.934,3349.0,2985.0,944.0,999.0,76.0,0.0,0.0,2069.25,1276.450906485113,3349.0,944.0,2405.0,18144.404757390086,234.89860844628268,131.76632754909838
2026-09-05 18:08:13.786000+09:00,fall_risk,1200.0,-200.0,17880.0,23.0,570.146,3337.0,2899.0,893.0,943.0,76.0,0.0,0.0,2018.0,1282.857747374977,3337.0,893.0,2444.0,17921.339235670977,94.02881872064555,123.10157596760264
2026-09-05 18:08:14.770000+09:00,fall_risk,1256.0,-244.0,17888.0,23.0,303.331,3295.0,1739.0,919.0,955.0,76.0,0.0,0.0,1727.0,1111.6978006634718,3295.0,919.0,2376.0,17933.700566252355,156.1627356317762,115.38485083741068
2026-09-05 18:08:15.766000+09:00,fall_risk,1360.0,-148.0,18188.0,23.0,57.562,3333.0,943.0,927.0,967.0,76.0,0.0,0.0,1542.5,1193.7798512847053,3333.0,927.0,2406.0,18239.376305126225,237.66820359484362,136.65002477201378
2026-09-05 18:08:16.799000+09:00,fall_risk,1272.0,-160.0,18148.0,23.0,811.087,3349.0,937.0,895.0,939.0,76.0,0.0,0.0,1530.0,1212.8363451018442,3349.0,895.0,2454.0,18193.22643183446,255.9246471131689,148.94660191555272
2026-09-05 18:08:17.820000+09:00,fall_risk,1312.0,-144.0,17924.0,23.0,811.138,3336.0,968.0,951.0,916.0,76.0,0.0,0.0,1542.75,1195.6959967594885,3336.0,916.0,2420.0,17972.53059532797,209.98857111757303,152.0173973722333
2026-09-05 18:08:18.761000+09:00,fall_risk,1240.0,-76.0,18004.0,23.0,131.801,3281.0,951.0,974.0,955.0,76.0,1.0,0.0,1540.25,1160.5433712992663,3281.0,951.0,2330.0,18046.811131055812,84.293571818971,134.382399092857
2026-09-05 18:08:19.758000+09:00,fall_risk,1320.0,-176.0,18184.0,24.0,44.744,943.0,895.0,879.0,941.0,76.0,1.0,0.0,914.5,32.42941051987635,943.0,879.0,64.0,18232.69678352602,279.27769558273,120.39973554704864
2026-09-05 18:08:20.786000+09:00,fall_risk,1276.0,-204.0,18056.0,24.0,376.754,956.0,927.0,883.0,889.0,76.0,0.0,0.0,913.75,34.24787098005753,956.0,883.0,73.0,18102.180200185834,341.5613506385054,105.98543983965807
2026-09-05 18:08:21.772000+09:00,fall_risk,1256.0,-212.0,18104.0,24.0,110.058,959.0,935.0,933.0,949.0,76.0,0.0,0.0,944.0,12.274635093014645,959.0,933.0,26.0,18148.754668020614,338.39415812037896,98.8255331332746
2026-09-05 18:08:22.806000+09:00,fall_risk,1316.0,-208.0,18000.0,24.0,811.138,955.0,942.0,878.0,915.0,76.0,0.0,0.0,922.5,34.02450097601237,955.0,878.0,77.0,18049.241535311117,276.0057177849764,77.66235685924714
2026-09-05 18:08:23.768000+09:00,fall_risk,1228.0,-256.0,18164.0,24.0,119.986,939.0,919.0,875.0,933.0,76.0,0.0,0.0,916.5,28.907899727698425,939.0,875.0,64.0,18207.26272672529,12.634278768494429,75.06475562905224
2026-09-05 18:08:24.929000+09:00,fall_risk,1288.0,-232.0,18064.0,24.0,810.934,965.0,953.0,925.0,925.0,76.0,1.0,0.0,942.0,20.231987873991358,965.0,925.0,40.0,18111.346277955156,14.293792358923824,58.67330865061538
2026-09-05 18:08:25.786000+09:00,fall_risk,1308.0,-416.0,18652.0,22.0,111.605,933.0,903.0,917.0,911.0,76.0,0.0,0.0,916.0,12.701705922171767,933.0,903.0,30.0,18702.43363843326,13.768623751124485,262.7310345847112
2026-09-05 18:08:26.810000+09:00,fall_risk,1268.0,-476.0,18000.0,22.0,451.231,919.0,931.0,890.0,932.0,76.0,0.0,0.0,918.0,19.578900207451216,932.0,890.0,42.0,18050.883634880593,10.925886691707428,274.94511628993183
2026-09-05 18:08:27.768000+09:00,fall_risk,1332.0,-484.0,18056.0,22.0,183.022,923.0,911.0,866.0,963.0,76.0,0.0,0.0,915.75,39.928060308509856,963.0,866.0,97.0,18111.532679483535,11.40942592771562,266.30927039404196
2026-09-05 18:08:28.810000+09:00,fall_risk,1132.0,-576.0,17856.0,20.0,811.189,950.0,923.0,839.0,861.0,76.0,0.0,0.0,893.25,51.92542729723078,950.0,839.0,111.0,17901.1154959684,17.26720156829211,306.8723940327897
2026-09-05 18:08:29.778000+09:00,fall_risk,1292.0,-540.0,18040.0,20.0,132.294,927.0,914.0,931.0,905.0,76.0,0.0,0.0,919.25,11.954775893619532,931.0,905.0,26.0,18094.266053089857,10.830223912737418,307.85803783553695
2026-09-05 18:08:30.758000+09:00,fall_risk,1148.0,-544.0,17936.0,20.0,60.639,943.0,917.0,901.0,919.0,76.0,1.0,0.0,920.0,17.320508075688775,943.0,901.0,42.0,17980.932567583917,11.295740347583662,86.90117558986746
2026-09-05 18:08:33.247000+09:00,fall_risk,1208.0,-492.0,17896.0,20.0,50.133,952.0,907.0,915.0,922.0,76.0,0.0,0.0,924.0,19.6468827043885,952.0,907.0,45.0,17943.470790234536,12.208347554031599,92.82609114359177
2026-09-05 18:08:33.340000+09:00,fall_risk,1216.0,-256.0,17916.0,20.0,26.945,926.0,917.0,891.0,896.0,76.0,0.0,0.0,907.5,16.703293088490067,926.0,891.0,35.0,17959.04362709774,12.541680509406595,72.39522098150415
2026-09-05 18:08:33.754000+09:00,fall_risk,1404.0,-680.0,18788.0,20.0,61.2,909.0,885.0,2550.0,958.0,76.0,0.0,0.0,1325.5,816.8984024956836,2550.0,885.0,1665.0,18852.653924580485,182.48304715781143,388.3424675378566
2026-09-05 18:08:34.755000+09:00,fall_risk,1160.0,-572.0,18024.0,17.0,52.003,957.0,915.0,2855.0,965.0,76.0,0.0,0.0,1423.0,954.9184956494106,2855.0,915.0,1940.0,18070.34476704858,252.79017979344061,389.5936083044972
2026-09-05 18:08:35.754000+09:00,fall_risk,1324.0,-488.0,18220.0,17.0,61.761,943.0,926.0,2044.0,909.0,76.0,0.0,0.0,1205.5,559.1723049889601,2044.0,909.0,1135.0,18274.55936541289,233.47360664537658,377.5549737297939
2026-09-05 18:08:36.761000+09:00,fall_risk,-452.0,-820.0,7316.0,17.0,63.019,856.0,891.0,852.0,904.0,76.0,1.0,0.0,875.75,25.721262281103805,904.0,852.0,52.0,7375.67352856673,246.16879371683171,4892.79515749896
2026-09-05 18:08:37.805000+09:00,fall_risk,1056.0,-2388.0,14792.0,15.0,66.3,970.0,908.0,1875.0,959.0,76.0,1.0,1.0,1178.0,465.4510357348737,1875.0,908.0,967.0,15020.683872580503,206.8329942248094,4790.036554491955
2026-09-05 18:08:38.778000+09:00,fall_risk,1468.0,-1224.0,17032.0,15.0,57.086,894.0,895.0,1971.0,914.0,76.0,0.0,1.0,1168.5,535.079121875136,1971.0,894.0,1077.0,17138.909650266552,194.88358704621598,4546.991648913492
2026-09-05 18:08:39.754000+09:00,fall_risk,844.0,-988.0,22004.0,15.0,78.982,896.0,857.0,1251.0,895.0,77.0,0.0,0.0,974.75,185.0592247543112,1251.0,857.0,394.0,22042.334177668206,146.61247815244118,5438.617326081114
2026-09-05 18:08:40.755000+09:00,fall_risk,1840.0,-468.0,20508.0,15.0,61.54,893.0,907.0,2035.0,871.0,77.0,0.0,1.0,1176.5,572.5251086197006,2035.0,871.0,1164.0,20595.695861028827,140.89328852007125,5773.230487952047
2026-09-05 18:08:41.761000+09:00,fall_risk,1040.0,-2108.0,23952.0,15.0,79.441,906.0,889.0,855.0,877.0,77.0,0.0,1.0,881.75,21.437894797142125,906.0,855.0,51.0,24067.063967173064,138.7849730698538,3667.036677271733
2026-09-05 18:08:42.769000+09:00,fall_risk,3404.0,892.0,5088.0,15.0,86.377,902.0,890.0,1963.0,880.0,78.0,0.0,0.0,1158.75,536.2420939588138,1963.0,880.0,1083.0,6186.325565309346,135.47202201930867,7074.453407430311
2026-09-05 18:08:43.761000+09:00,fall_risk,1924.0,-1472.0,16844.0,13.0,130.254,821.0,861.0,2037.0,861.0,78.0,1.0,1.0,1145.0,594.9655452208976,2037.0,821.0,1216.0,17017.31165607541,131.64281693278997,7078.387560402608
2026-09-05 18:08:44.758000+09:00,fall_risk,1240.0,-544.0,18016.0,13.0,78.761,876.0,873.0,1943.0,876.0,78.0,0.0,0.0,1142.0,534.0018726558925,1943.0,873.0,1070.0,18066.814661140463,123.20985654565165,6722.577500778073
2026-09-05 18:08:45.752000+09:00,fall_risk,1412.0,-508.0,18580.0,13.0,64.192,935.0,908.0,1988.0,893.0,78.0,0.0,0.0,1181.0,538.2805959720265,1988.0,893.0,1095.0,18640.499134948077,123.91547018028078,6528.77645213293
2026-09-05 18:08:46.760000+09:00,fall_risk,1068.0,-828.0,17360.0,13.0,134.147,905.0,883.0,885.0,931.0,78.0,0.0,0.0,901.0,22.3308456325923,931.0,883.0,48.0,17412.518714993534,115.37823668266061,5223.73271010434
2026-09-05 18:08:47.754000+09:00,fall_risk,1272.0,-2340.0,18168.0,13.0,79.713,943.0,871.0,888.0,932.0,78.0,0.0,1.0,908.5,34.49154485764108,943.0,871.0,72.0,18362.184183805584,138.49368216637194,672.0410971993455
2026-09-05 18:08:48.754000+09:00,fall_risk,1412.0,-460.0,19256.0,13.0,80.206,872.0,875.0,841.0,907.0,78.0,0.0,0.0,873.75,26.973752674281965,907.0,841.0,66.0,19313.178920105307,147.50381351002437,701.9452259676954
2026-09-05 18:08:50.758000+09:00,fall_risk,1356.0,-1456.0,18012.0,13.0,64.022,887.0,853.0,1931.0,2287.0,78.0,0.0,0.0,1489.5,730.0837851461525,2287.0,853.0,1434.0,18121.556666026238,265.2620166929296,696.6548365002805
2026-09-05 18:08:50.927000+09:00,fall_risk,2112.0,3780.0,-8840.0,13.0,741.931,953.0,901.0,2214.0,2543.0,78.0,1.0,1.0,1652.75,848.9846386517642,2543.0,901.0,1642.0,9843.502628637836,375.338205822429,3843.55468535391
2026-09-05 18:08:51.775000+09:00,fall_risk,968.0,360.0,16576.0,13.0,475.439,968.0,947.0,923.0,937.0,78.0,0.0,0.0,943.75,18.9274932307477,968.0,923.0,45.0,16608.14258127621,368.23789016069503,3818.349111561139
2026-09-05 18:08:52.767000+09:00,fall_risk,1328.0,-340.0,17952.0,15.0,208.828,911.0,947.0,923.0,917.0,78.0,0.0,0.0,924.5,15.7797338380595,947.0,911.0,36.0,18004.26305073329,365.4163977574078,3776.659174190943
2026-09-05 18:08:53.760000+09:00,fall_risk,1220.0,-324.0,18032.0,15.0,63.172,957.0,909.0,893.0,968.0,78.0,0.0,0.0,931.75,36.38108482897855,968.0,893.0,75.0,18076.12790395111,354.135629032155,3571.2477057171623
2026-09-05 18:08:54.760000+09:00,fall_risk,1324.0,132.0,18548.0,15.0,80.121,968.0,933.0,937.0,941.0,77.0,0.0,0.0,944.75,15.840349322747484,968.0,933.0,35.0,18595.663580523284,320.56834294733494,3642.897295185327
2026-09-05 18:08:55.791000+09:00,fall_risk,1752.0,-1288.0,17612.0,16.0,80.121,950.0,918.0,891.0,895.0,77.0,0.0,0.0,913.5,27.086281890777602,950.0,891.0,59.0,17745.73165580952,13.215284711277727,737.2822661762938
2026-09-05 18:08:56.765000+09:00,fall_risk,1204.0,-432.0,18224.0,16.0,81.209,896.0,921.0,921.0,939.0,77.0,0.0,0.0,919.25,17.67059704707229,939.0,896.0,43.0,18268.837291957032,12.102427442465034,317.08139880810756
2026-09-05 18:08:57.758000+09:00,fall_risk,1324.0,-420.0,17920.0,17.0,80.478,958.0,935.0,941.0,953.0,77.0,1.0,0.0,946.75,10.594810050208546,958.0,935.0,23.0,17973.75241845731,14.847558721895345,320.57588014829093
2026-09-05 18:08:58.755000+09:00,fall_risk,2116.0,-1028.0,16844.0,17.0,79.781,970.0,893.0,955.0,969.0,77.0,0.0,1.0,946.75,36.481730587605995,970.0,893.0,77.0,17007.48588122301,16.418739293871816,600.8608358419003
2026-09-05 18:08:59.768000+09:00,fall_risk,3432.0,5440.0,12948.0,17.0,60.707,977.0,894.0,936.0,969.0,75.0,0.0,1.0,944.0,37.76241517699841,977.0,894.0,83.0,14457.62525451535,16.301265288318284,1544.0905678195288
2026-09-05 18:09:00.765000+09:00,fall_risk,1548.0,-3512.0,17748.0,18.0,57.511,951.0,911.0,893.0,927.0,75.0,0.0,1.0,920.5,24.623836689950114,951.0,893.0,58.0,18158.24749253077,14.269066192296226,1597.922962763521
2026-09-05 18:09:01.775000+09:00,fall_risk,1560.0,-1128.0,20648.0,18.0,57.511,891.0,905.0,3220.0,2193.0,75.0,0.0,1.0,1802.25,1125.1866141519222,3220.0,891.0,2329.0,20737.547781741214,385.9910701687283,2263.776155654756
2026-09-05 18:09:02.769000+09:00,fall_risk,3504.0,2228.0,17044.0,18.0,60.622,879.0,889.0,2847.0,859.0,72.0,0.0,0.0,1368.5,985.745572312315,2847.0,859.0,1988.0,17542.517949256886,386.91870108590007,2257.3699953107316
2026-09-05 18:09:03.752000+09:00,fall_risk,844.0,-5572.0,-12552.0,19.0,59.772,916.0,880.0,989.0,925.0,72.0,0.0,0.0,927.5,45.37620521815371,989.0,880.0,109.0,13759.07787607876,390.1064918711301,2852.567668637925
2026-09-05 18:09:04.759000+09:00,fall_risk,668.0,-944.0,17044.0,19.0,119.238,873.0,857.0,3285.0,1689.0,72.0,1.0,1.0,1676.0,1140.8505598894187,3285.0,857.0,2428.0,17083.187524581004,410.33958497810096,2503.76791083783
2026-09-05 18:09:05.758000+09:00,fall_risk,1496.0,-612.0,18076.0,19.0,88.791,876.0,857.0,3437.0,2301.0,69.0,0.0,0.0,1867.75,1245.7172967143601,3437.0,857.0,2580.0,18148.12210670845,386.8419654716899,2503.062040482785
2026-09-05 18:09:06.808000+09:00,fall_risk,1316.0,-1044.0,19604.0,20.0,810.866,911.0,893.0,3091.0,1555.0,69.0,0.0,0.0,1612.5,1032.6424034162712,3091.0,893.0,2198.0,19675.838177826125,361.7543365324044,2178.9277290615214
2026-09-05 18:09:07.753000+09:00,fall_risk,1228.0,-140.0,18584.0,20.0,55.777,936.0,901.0,903.0,3141.0,69.0,0.0,0.0,1470.25,1113.9489440723933,3141.0,901.0,2240.0,18625.054093881176,355.9952334652813,2268.237140723615
2026-09-05 18:09:08.760000+09:00,fall_risk,1340.0,-760.0,17828.0,20.0,77.231,911.0,883.0,895.0,873.0,0.0,0.0,0.0,890.5,16.36052158907737,911.0,873.0,38.0,17894.43444202694,371.2107975934969,957.3005441028643
2026-09-05 18:09:09.752000+09:00,fall_risk,1036.0,-484.0,18704.0,20.0,75.208,902.0,891.0,857.0,932.0,0.0,0.0,0.0,895.5,30.967725134404045,932.0,857.0,75.0,18738.921206942516,438.49327959502426,685.2032576156054
2026-09-05 18:09:10.761000+09:00,fall_risk,2452.0,-1160.0,20800.0,20.0,61.727,941.0,925.0,887.0,934.0,0.0,1.0,0.0,921.75,24.074537032585557,941.0,887.0,54.0,20976.127001903857,353.6759904912971,1186.0755079256596
2026-09-05 18:09:11.752000+09:00,fall_risk,1768.0,-204.0,18588.0,20.0,65.025,1222.0,1247.0,1231.0,1171.0,0.0,0.0,0.0,1217.75,32.836717253708535,1247.0,1171.0,76.0,18673.006828039237,258.0019743141515,1166.3312775164238
2026-09-05 18:09:12.779000+09:00,fall_risk,1260.0,492.0,19972.0,19.0,61.149,988.0,985.0,1005.0,1000.0,0.0,0.0,0.0,994.5,9.539392014169456,1005.0,985.0,20.0,20017.75332049029,137.11206639096397,1224.758685947235
2026-09-05 18:09:13.753000+09:00,fall_risk,1668.0,1020.0,18636.0,19.0,61.353,1055.0,975.0,983.0,1015.0,0.0,0.0,0.0,1007.0,36.368484525295614,1055.0,975.0,80.0,18738.27953681981,126.75880146956307,1032.601259072966
2026-09-05 18:09:14.762000+09:00,fall_risk,1836.0,704.0,19304.0,19.0,61.047,1083.0,1049.0,1021.0,1055.0,0.0,0.0,0.0,1052.0,25.4296414970142,1083.0,1021.0,62.0,19403.889507003485,110.53458169279017,961.9367543851927
2026-09-05 18:09:15.760000+09:00,fall_risk,2104.0,92.0,23312.0,20.0,61.489,1067.0,1032.0,1015.0,1007.0,0.0,1.0,0.0,1030.25,26.625489040892123,1067.0,1007.0,60.0,23406.93538248867,90.73715473828847,1956.0300357796336
2026-09-05 18:09:16.764000+09:00,fall_risk,1548.0,-312.0,18152.0,20.0,61.336,999.0,987.0,983.0,1003.0,0.0,0.0,0.0,993.0,9.521904571390467,1003.0,983.0,20.0,18220.558498575174,25.34363825499614,2044.0268964936413
2026-09-05 18:09:17.748000+09:00,fall_risk,1624.0,-376.0,17920.0,20.0,61.778,987.0,952.0,955.0,1004.0,0.0,0.0,0.0,974.5,25.25206262202489,1004.0,952.0,52.0,17997.365140486538,30.50901506112749,2221.160769332544
2026-09-05 18:09:18.748000+09:00,fall_risk,1476.0,-148.0,18168.0,20.0,60.792,972.0,983.0,969.0,973.0,0.0,0.0,0.0,974.25,6.075908711186061,983.0,969.0,14.0,18228.458629297213,34.87898722727057,2278.8863053566697
2026-09-05 18:09:19.775000+09:00,fall_risk,1396.0,-236.0,17944.0,20.0,60.792,1008.0,1036.0,967.0,1007.0,0.0,0.0,0.0,1004.5,28.384267943117127,1036.0,967.0,69.0,17999.76799850487,23.38362140473761,2370.8687384364316
2026-09-05 18:09:20.758000+09:00,fall_risk,1364.0,-252.0,17836.0,20.0,65.756,1006.0,995.0,995.0,1019.0,70.0,0.0,0.0,1003.75,11.412712210513327,1019.0,995.0,24.0,17889.85455502643,14.971848583261268,150.33176966729067
2026-09-05 18:09:21.750000+09:00,fall_risk,1352.0,-176.0,18216.0,20.0,60.639,982.0,981.0,1000.0,979.0,70.0,1.0,0.0,985.5,9.746794344808963,1000.0,979.0,21.0,18266.952017235933,14.971848583261268,163.05677078342023
2026-09-05 18:09:22.751000+09:00,fall_risk,1424.0,-608.0,17876.0,20.0,77.248,1016.0,1007.0,965.0,967.0,70.0,0.0,0.0,988.75,26.537709019431198,1016.0,965.0,51.0,17942.932201844826,12.845962400696276,171.269721708344
2026-09-05 18:09:23.760000+09:00,fall_risk,1520.0,-588.0,18004.0,20.0,61.064,985.0,950.0,950.0,2223.0,73.0,0.0,0.0,1277.0,630.882450751855,2223.0,950.0,1273.0,18077.614886925763,126.12699453328814,146.97094966587457
2026-09-05 18:09:24.750000+09:00,fall_risk,1536.0,-500.0,17928.0,21.0,59.381,989.0,1031.0,953.0,1800.0,73.0,0.0,0.0,1193.25,405.7539278922633,1800.0,953.0,847.0,18000.624433613408,136.23493035928814,146.91949521429825
2026-09-05 18:09:25.748000+09:00,fall_risk,1424.0,-604.0,18096.0,21.0,78.166,988.0,1011.0,969.0,1015.0,73.0,0.0,0.0,995.75,21.437894797142125,1015.0,969.0,46.0,18161.987996912674,137.5367450901761,128.70956235096915
2026-09-05 18:09:26.798000+09:00,fall_risk,1460.0,-540.0,18020.0,21.0,59.653,1049.0,955.0,1002.0,1043.0,76.0,1.0,0.0,1012.25,43.50766216043637,1049.0,955.0,94.0,18087.111433283095,132.99572361546097,84.41035121191415
2026-09-05 18:09:27.754000+09:00,fall_risk,1380.0,-512.0,18104.0,17.0,103.53,1031.0,1031.0,955.0,1001.0,76.0,0.0,0.0,1004.5,35.90264614203248,1031.0,955.0,76.0,18163.73750085593,130.05136004671417,67.88181964547421
2026-09-05 18:09:28.758000+09:00,fall_risk,1400.0,-552.0,18092.0,17.0,104.091,1020.0,937.0,972.0,953.0,76.0,0.0,0.0,970.5,35.96757799277937,1020.0,937.0,83.0,18154.48065905494,89.7097751084021,70.69568165196085
2026-09-05 18:09:29.779000+09:00,fall_risk,1508.0,-568.0,18184.0,17.0,107.899,989.0,1010.0,987.0,983.0,79.0,0.0,0.0,992.25,12.093386622447824,1010.0,983.0,27.0,18255.26072122773,15.7811200489725,59.86187498572786
2026-09-05 18:09:30.764000+09:00,fall_risk,1472.0,-624.0,17968.0,15.0,114.325,1013.0,987.0,1003.0,973.0,79.0,0.0,0.0,994.0,17.62573875520305,1013.0,973.0,40.0,18038.99065912503,15.7811200489725,82.24695223573089
2026-09-05 18:09:31.752000+09:00,fall_risk,1632.0,-608.0,18212.0,15.0,80.852,1061.0,994.0,1007.0,1019.0,79.0,0.0,0.0,1020.25,29.0215437218629,1061.0,994.0,67.0,18295.082180739173,18.222067665335963,99.61929863249262
2026-09-05 18:09:32.751000+09:00,fall_risk,1524.0,-472.0,18144.0,15.0,74.171,1011.0,987.0,1181.0,1019.0,82.0,1.0,0.0,1049.5,88.71489916205357,1181.0,987.0,194.0,18214.00823542144,30.35693907494764,99.9134979152251
2026-09-05 18:09:33.753000+09:00,fall_risk,1548.0,-684.0,18032.0,15.0,61.761,1074.0,1021.0,3593.0,1063.0,82.0,0.0,0.0,1687.75,1270.371959965532,3593.0,1021.0,2572.0,18111.24468389735,302.21003664670053,105.63264076998193
2026-09-05 18:09:34.765000+09:00,fall_risk,1356.0,-712.0,17924.0,15.0,82.654,1071.0,999.0,3481.0,1077.0,82.0,0.0,0.0,1657.0,1216.5163377447916,3481.0,999.0,2482.0,17989.315050885067,357.341197247113,125.235635356807
2026-09-05 18:09:35.752000+09:00,fall_risk,1436.0,-640.0,18164.0,15.0,74.443,1062.0,1005.0,3269.0,1043.0,85.0,0.0,0.0,1594.75,1116.4181937488001,3269.0,1005.0,2264.0,18231.91136441816,336.83075312387984,119.8960906055126
2026-09-05 18:09:36.765000+09:00,fall_risk,1444.0,-704.0,18264.0,15.0,188.326,1059.0,994.0,3045.0,1051.0,85.0,0.0,0.0,1537.25,1005.5832055744236,3045.0,994.0,2051.0,18334.515210389392,261.2836700790926,131.09357528255333
2026-09-05 18:09:37.752000+09:00,fall_risk,1492.0,-664.0,18108.0,15.0,75.429,994.0,958.0,2534.0,1012.0,85.0,0.0,0.0,1374.5,773.3259338726459,2534.0,958.0,1576.0,18181.491247969734,123.83368382633257,129.54641515142032
2026-09-05 18:09:38.749000+09:00,fall_risk,1460.0,-684.0,18216.0,15.0,79.747,1053.0,983.0,2552.0,1061.0,85.0,1.0,0.0,1412.25,760.6406838974628,2552.0,983.0,1569.0,18287.211706545095,119.70466260760315,133.53817146109142
2026-09-05 18:09:39.750000+09:00,fall_risk,1420.0,-708.0,18036.0,15.0,78.863,1007.0,965.0,2524.0,1001.0,85.0,0.0,0.0,1374.25,766.7243637709709,2524.0,965.0,1559.0,18105.66099318111,101.31473239366576,89.43794863989675
2026-09-05 18:09:40.750000+09:00,fall_risk,1516.0,-648.0,17964.0,15.0,77.265,975.0,973.0,2412.0,995.0,85.0,0.0,0.0,1338.75,715.5689461307461,2412.0,973.0,1439.0,18039.497110507265,77.10171852818914,122.64870698523603
2026-09-05 18:09:41.763000+09:00,fall_risk,1412.0,-512.0,18020.0,15.0,71.995,1063.0,977.0,2249.0,1013.0,85.0,0.0,0.0,1325.5,616.6757656986368,2249.0,977.0,1272.0,18082.48566984086,34.123580556560995,97.43977278581633
2026-09-05 18:09:42.772000+09:00,fall_risk,1548.0,-744.0,18136.0,17.0,72.369,1041.0,999.0,2395.0,957.0,85.0,0.0,0.0,1348.0,698.8418991445776,2395.0,957.0,1438.0,18217.14401326399,34.346124235495736,102.47632430348582
2026-09-05 18:09:43.749000+09:00,fall_risk,1476.0,-824.0,18028.0,17.0,71.536,1047.0,991.0,2414.0,1002.0,85.0,0.0,0.0,1363.5,700.7522148853093,2414.0,991.0,1423.0,18107.079720374568,19.37217721372865,65.63953242128703
2026-09-05 18:09:44.752000+09:00,fall_risk,1556.0,-776.0,18048.0,17.0,72.658,1022.0,1031.0,2520.0,1017.0,82.0,1.0,0.0,1397.5,748.3557531905086,2520.0,1017.0,1503.0,18131.56408035446,27.66405610173798,66.19447065634395
2026-09-05 18:09:45.779000+09:00,fall_risk,1480.0,-748.0,17864.0,19.0,56.95,991.0,1021.0,2312.0,1001.0,82.0,0.0,0.0,1331.25,653.9522790948383,2312.0,991.0,1321.0,17940.80265762934,28.916690682028374,100.4142886500947
2026-09-05 18:09:46.766000+09:00,fall_risk,1308.0,-712.0,17580.0,19.0,73.559,1095.0,1051.0,2397.0,1023.0,82.0,0.0,0.0,1391.5,670.9880773903512,2397.0,1023.0,1374.0,17642.964830209236,28.19441434043464,227.26207871203803
2026-09-05 18:09:47.748000+09:00,fall_risk,1516.0,-720.0,18176.0,19.0,74.375,943.0,939.0,2652.0,1013.0,81.0,0.0,0.0,1386.75,844.1841722436322,2652.0,939.0,1713.0,18253.31838324199,27.197541249166395,235.99619605839638
2026-09-05 18:09:48.750000+09:00,fall_risk,1348.0,-640.0,18136.0,20.0,73.661,1017.0,1007.0,2719.0,989.0,81.0,0.0,0.0,1433.0,857.4116086610134,2719.0,989.0,1730.0,18197.285511855884,36.570565349746886,247.927613393429
2026-09-05 18:09:49.746000+09:00,fall_risk,1348.0,-616.0,17872.0,20.0,66.98,999.0,1017.0,2363.0,1018.0,81.0,0.0,0.0,1349.25,675.889722267373,2363.0,999.0,1364.0,17933.347261456798,39.67154206733218,244.08215044282497
2026-09-05 18:09:50.750000+09:00,fall_risk,1428.0,-512.0,18060.0,20.0,62.339,1046.0,1002.0,2009.0,1022.0,83.0,1.0,0.0,1269.75,493.1614847086094,2009.0,1002.0,1007.0,18123.60140810871,61.47036887802209,247.8682550035455
2026-09-05 18:09:51.791000+09:00,fall_risk,1424.0,-440.0,18060.0,20.0,811.308,1014.0,1049.0,980.0,1016.0,83.0,0.0,0.0,1014.75,28.182441342083905,1049.0,980.0,69.0,18121.395531249793,165.44659259108394,120.8650131916115
2026-09-05 18:09:52.745000+09:00,fall_risk,1400.0,-152.0,18176.0,20.0,75.633,995.0,1005.0,999.0,1003.0,83.0,0.0,0.0,1000.5,4.43471156521669,1005.0,995.0,10.0,18230.47119522696,196.62332326049247,115.13432758718238
2026-09-05 18:09:53.766000+09:00,fall_risk,1472.0,-456.0,18220.0,20.0,69.309,1046.0,1007.0,915.0,1045.0,85.0,0.0,0.0,1003.25,61.57042038728229,1046.0,915.0,131.0,18285.051818356984,168.58807045577132,134.66434140443397
2026-09-05 18:09:54.745000+09:00,fall_risk,1340.0,-264.0,17848.0,20.0,70.499,1059.0,995.0,1023.0,1017.0,85.0,0.0,0.0,1023.5,26.551836094703507,1059.0,995.0,64.0,17900.17877005702,116.30571245644006,147.51729687106737
2026-09-05 18:09:55.749000+09:00,fall_risk,1448.0,-320.0,18084.0,20.0,140.93,1011.0,1031.0,1021.0,1039.0,85.0,1.0,0.0,1025.5,12.151817422372122,1039.0,1011.0,28.0,18144.70060375756,11.397642300059449,147.51376909116354
2026-09-05 18:09:56.794000+09:00,fall_risk,1432.0,-408.0,18116.0,20.0,811.155,1020.0,987.0,997.0,1043.0,88.0,0.0,0.0,1011.75,24.998333277774073,1043.0,987.0,56.0,18177.08843572039,11.394351670898361,148.20241637884732
2026-09-05 18:09:57.814000+09:00,fall_risk,1540.0,-168.0,18224.0,20.0,811.07,1047.0,973.0,1003.0,1037.0,88.0,0.0,0.0,1015.0,33.7441352929167,1047.0,973.0,74.0,18289.723890753517,9.054349783397228,158.50653130261182
2026-09-05 18:09:58.744000+09:00,fall_risk,1256.0,-392.0,17980.0,20.0,66.198,1042.0,1011.0,955.0,971.0,88.0,0.0,0.0,994.75,39.33086150425219,1042.0,955.0,87.0,18028.07810056302,12.238004330776503,148.9302536117031
2026-09-05 18:10:00.235000+09:00,fall_risk,1332.0,-428.0,18192.0,21.0,60.435,1033.0,1013.0,959.0,969.0,90.0,0.0,0.0,993.5,35.26565846069894,1033.0,959.0,74.0,18245.71927877879,13.739314029459461,100.8092090467949
2026-09-05 18:10:00.745000+09:00,fall_risk,1324.0,-336.0,18108.0,21.0,65.348,1086.0,1003.0,1003.0,1023.0,90.0,0.0,0.0,1028.75,39.31390763245665,1086.0,1003.0,83.0,18159.447568689968,14.80392684391888,99.83673962666299
2026-09-05 18:10:01.751000+09:00,fall_risk,1420.0,-332.0,18084.0,21.0,76.891,1033.0,1021.0,1041.0,1011.0,90.0,1.0,0.0,1026.5,13.203534880225574,1041.0,1011.0,30.0,18142.703216444897,16.87583331276128,101.26251808020788
2026-09-05 18:10:02.750000+09:00,fall_risk,1424.0,-408.0,17976.0,20.0,65.331,1055.0,1047.0,981.0,1035.0,90.0,0.0,0.0,1029.5,33.36165463522455,1055.0,981.0,74.0,18036.92922866861,18.728821372422367,91.09624987347482
2026-09-05 18:10:03.814000+09:00,fall_risk,1384.0,-332.0,17984.0,20.0,75.786,1055.0,1000.0,1007.0,1060.0,90.0,0.0,0.0,1030.5,31.374086972106987,1060.0,1000.0,60.0,18040.23104064912,15.860721925565315,88.05597676815039
2026-09-05 18:10:04.746000+09:00,fall_risk,1372.0,-308.0,18104.0,20.0,60.622,1005.0,973.0,1001.0,1013.0,90.0,0.0,0.0,998.0,17.397317800933184,1013.0,973.0,40.0,18158.52593136348,13.858210562699263,63.337954575000516
2026-09-05 18:10:05.759000+09:00,fall_risk,1260.0,-208.0,18104.0,17.0,75.446,1063.0,999.0,1004.0,1078.0,90.0,0.0,0.0,1036.0,40.3567425180312,1078.0,999.0,79.0,18148.98564658642,14.98916275180538,61.33680539406187
2026-09-05 18:10:06.744000+09:00,fall_risk,1412.0,-580.0,18224.0,17.0,66.878,997.0,1015.0,975.0,1035.0,90.0,0.0,0.0,1005.5,25.579940057266228,1035.0,975.0,60.0,18287.818896741075,16.960984641232027,103.3204427146674
2026-09-05 18:10:07.749000+09:00,fall_risk,1288.0,-420.0,18028.0,17.0,78.897,1061.0,997.0,1031.0,1043.0,90.0,1.0,0.0,1033.0,26.981475126464083,1061.0,997.0,64.0,18078.830935655104,17.519275099161757,94.77400667497686
2026-09-05 18:10:08.753000+09:00,fall_risk,1340.0,-352.0,18264.0,15.0,59.041,1065.0,1035.0,1035.0,997.0,90.0,0.0,0.0,1033.0,27.85677655436824,1065.0,997.0,68.0,18316.47345970288,17.90391018744535,100.33093875512087
2026-09-05 18:10:09.743000+09:00,fall_risk,1488.0,-340.0,18128.0,15.0,61.319,1071.0,1035.0,1041.0,1010.0,90.0,0.0,0.0,1039.25,25.064915718988566,1071.0,1010.0,61.0,18192.144678404467,13.580316638433475,98.11560826067773
2026-09-05 18:10:10.795000+09:00,fall_risk,1340.0,-364.0,18080.0,15.0,56.967,1064.0,1017.0,973.0,1033.0,84.0,0.0,0.0,1021.75,37.906683667483584,1064.0,973.0,91.0,18133.24284291147,13.32877526257056,100.57820950034277
2026-09-05 18:10:11.743000+09:00,fall_risk,1376.0,-268.0,17968.0,13.0,61.778,1041.0,989.0,1007.0,1059.0,84.0,0.0,0.0,1024.0,31.77000681985028,1059.0,989.0,70.0,18022.603141610816,7.201128383809928,112.97830877593472
2026-09-05 18:10:12.746000+09:00,fall_risk,1372.0,-280.0,17584.0,13.0,62.917,1020.0,1016.0,965.0,1018.0,84.0,0.0,0.0,1004.75,26.550266790875504,1020.0,965.0,55.0,17639.6666635172,13.111779055494823,258.205631085798
2026-09-05 18:10:13.763000+09:00,fall_risk,1336.0,-232.0,17896.0,13.0,360.995,1049.0,1011.0,1007.0,1021.0,78.0,1.0,0.0,1022.0,18.93849694845572,1049.0,1007.0,42.0,17947.29884968766,12.232896222894748,216.19176641198757
2026-09-05 18:10:14.749000+09:00,fall_risk,1456.0,-376.0,18036.0,14.0,94.316,1063.0,1011.0,1031.0,993.0,78.0,0.0,0.0,1024.5,29.99444392994587,1063.0,993.0,70.0,18098.58027581169,8.277605330052452,197.21107898755392
2026-09-05 18:10:15.743000+09:00,fall_risk,1280.0,-300.0,17948.0,14.0,70.669,1065.0,995.0,1033.0,1015.0,78.0,0.0,0.0,1027.0,29.709706606876257,1065.0,995.0,70.0,17996.085796639225,8.955445270901535,177.03558900103127
2026-09-05 18:10:16.743000+09:00,fall_risk,1332.0,-388.0,18296.0,14.0,58.497,1011.0,1035.0,981.0,1052.0,78.0,0.0,0.0,1019.75,30.826125283596703,1052.0,981.0,71.0,18348.525390341318,8.73319815417655,256.7289307150798
2026-09-05 18:10:17.747000+09:00,fall_risk,1284.0,-284.0,18056.0,15.0,58.072,1045.0,991.0,981.0,985.0,78.0,0.0,0.0,1000.5,29.949958263743873,1045.0,981.0,64.0,18103.824126410418,10.55639616536404,154.83123639118367
2026-09-05 18:10:18.780000+09:00,fall_risk,1444.0,-256.0,18100.0,15.0,700.111,1068.0,983.0,1039.0,3019.0,78.0,0.0,0.0,1527.25,995.125578340074,3019.0,983.0,2036.0,18159.313643417252,228.00873064424553,129.9840650933256
2026-09-05 18:10:19.769000+09:00,fall_risk,1360.0,-288.0,18180.0,15.0,434.248,1004.0,1015.0,1007.0,3111.0,78.0,1.0,0.0,1534.25,1051.176919774529,3111.0,1004.0,2107.0,18233.07280740139,282.2541518738035,132.82718153731147
2026-09-05 18:10:20.762000+09:00,fall_risk,1348.0,-356.0,18132.0,15.0,166.736,1041.0,1071.0,987.0,3209.0,78.0,0.0,0.0,1577.0,1088.555005500411,3209.0,987.0,2222.0,18185.523473356494,294.29773402117814,92.31091959896268
2026-09-05 18:10:21.793000+09:00,fall_risk,1380.0,-300.0,18144.0,15.0,811.104,1007.0,1047.0,983.0,1080.0,78.0,0.0,0.0,1029.25,42.91367303474888,1080.0,983.0,97.0,18198.877328011196,291.79994216928856,48.371196217623606
2026-09-05 18:10:22.802000+09:00,fall_risk,1432.0,-276.0,18140.0,15.0,811.206,1056.0,1053.0,1005.0,1001.0,78.0,0.0,0.0,1028.75,29.803523281652456,1056.0,1001.0,55.0,18198.52741295295,283.90328458825576,26.647306518063807
2026-09-05 18:10:23.785000+09:00,fall_risk,1480.0,-356.0,18120.0,15.0,811.002,996.0,1028.0,1011.0,1429.0,78.0,0.0,0.0,1116.0,209.07574385056404,1429.0,996.0,433.0,18183.82622002311,275.2801641055892,19.80148042312044
2026-09-05 18:10:24.747000+09:00,fall_risk,1476.0,-156.0,18324.0,15.0,75.004,1064.0,1005.0,1015.0,1051.0,78.0,0.0,0.0,1033.75,28.229712479348184,1064.0,1005.0,59.0,18384.011749343503,237.71814981191514,86.29719774593678
2026-09-05 18:10:25.745000+09:00,fall_risk,1528.0,-428.0,18072.0,15.0,72.845,1013.0,1016.0,1019.0,1035.0,78.0,0.0,0.0,1020.75,9.810708435174291,1035.0,1013.0,22.0,18141.531137144957,39.57682402619153,93.89331842958
2026-09-05 18:10:26.741000+09:00,fall_risk,1344.0,-288.0,18124.0,14.0,72.828,1067.0,1023.0,975.0,1039.0,78.0,0.0,0.0,1026.0,38.55731664245668,1067.0,975.0,92.0,18176.04621472998,39.939563718199665,95.79561419421051
2026-09-05 18:10:27.755000+09:00,fall_risk,1328.0,-284.0,18092.0,14.0,57.392,1011.0,1023.0,1007.0,989.0,78.0,0.0,0.0,1007.5,14.083086782851739,1023.0,989.0,34.0,18142.89679185769,43.11228073298988,101.5071032466376
2026-09-05 18:10:28.747000+09:00,fall_risk,1424.0,-376.0,17896.0,14.0,72.488,1051.0,1075.0,983.0,1061.0,78.0,1.0,0.0,1042.5,40.869711686447374,1075.0,983.0,92.0,17956.502109263933,13.248348953742495,152.05554887882332
2026-09-05 18:10:29.746000+09:00,fall_risk,1372.0,-352.0,18080.0,12.0,78.336,1072.0,1031.0,1011.0,995.0,78.0,1.0,0.0,1027.25,33.27035717672214,1072.0,995.0,77.0,18135.398754921272,12.613732595870648,87.52726015907466
2026-09-05 18:10:30.750000+09:00,fall_risk,1332.0,-384.0,18044.0,12.0,73.355,1041.0,1015.0,1005.0,1055.0,78.0,0.0,0.0,1029.0,23.03620339089466,1055.0,1005.0,50.0,18097.17149170002,12.490496387258982,85.82399034394255
2026-09-05 18:10:31.748000+09:00,fall_risk,1476.0,-324.0,18036.0,12.0,80.393,1065.0,1032.0,1021.0,1021.0,81.0,0.0,0.0,1034.75,20.822663934601003,1065.0,1021.0,44.0,18099.194678217038,13.013694709809723,75.40858120674939
2026-09-05 18:10:32.757000+09:00,fall_risk,1148.0,-280.0,17832.0,12.0,72.046,1059.0,1032.0,997.0,1001.0,81.0,0.0,0.0,1022.25,29.067450295247202,1059.0,997.0,62.0,17871.108751277858,7.759268651112007,112.95972525922053
2026-09-05 18:10:33.758000+09:00,fall_risk,1412.0,-304.0,18044.0,12.0,57.035,1065.0,1039.0,1035.0,1004.0,81.0,0.0,0.0,1035.75,24.998333277774073,1065.0,1004.0,61.0,18101.715277840383,5.568886782843583,107.25993122883497
2026-09-05 18:10:34.790000+09:00,fall_risk,1344.0,-340.0,18108.0,12.0,812.158,1060.0,984.0,999.0,1048.0,84.0,0.0,0.0,1022.75,36.92672925312142,1060.0,984.0,76.0,18160.991162378778,6.387487769078714,112.19964662168022
2026-09-05 18:10:35.749000+09:00,fall_risk,1344.0,-304.0,17996.0,11.0,74.919,1055.0,1007.0,988.0,1011.0,84.0,1.0,0.0,1015.25,28.335784207723396,1055.0,988.0,67.0,18048.677735501846,8.827513806283765,110.92410788585765
2026-09-05 18:10:36.764000+09:00,fall_risk,1520.0,-248.0,18104.0,11.0,73.644,1003.0,1017.0,957.0,997.0,84.0,0.0,0.0,993.5,25.73583752927682,1017.0,957.0,60.0,18169.389643023234,15.519745487608054,121.62977697447049
2026-09-05 18:10:37.744000+09:00,fall_risk,1452.0,-296.0,18204.0,11.0,74.001,999.0,985.0,947.0,975.0,87.0,0.0,0.0,976.5,21.992422937608914,999.0,947.0,52.0,18264.214628611873,23.663658846428007,80.83059111666265
2026-09-05 18:10:38.742000+09:00,fall_risk,1408.0,-304.0,18192.0,11.0,75.276,1064.0,1017.0,1019.0,1043.0,87.0,0.0,0.0,1035.75,22.23173407541571,1064.0,1017.0,47.0,18248.93816089035,23.663658846428007,85.95332128578038
2026-09-05 18:10:39.744000+09:00,fall_risk,1444.0,-324.0,18152.0,11.0,119.663,1019.0,1018.0,1008.0,979.0,87.0,0.0,0.0,1006.0,18.672618098881223,1019.0,979.0,40.0,18212.22710159304,22.33453044055618,86.40564732256198
2026-09-05 18:10:40.742000+09:00,fall_risk,1400.0,-356.0,17976.0,11.0,74.375,1063.0,1032.0,1039.0,1019.0,88.0,0.0,0.0,1038.25,18.463928798245153,1063.0,1019.0,44.0,18033.948874275982,26.793772597380357,92.4144487899518
2026-09-05 18:10:41.760000+09:00,fall_risk,1348.0,-324.0,18252.0,11.0,77.775,1047.0,1019.0,1015.0,1016.0,88.0,0.0,0.0,1024.25,15.261607604268518,1047.0,1015.0,32.0,18304.578225132642,25.560345263711337,105.30992946010704
2026-09-05 18:10:42.740000+09:00,fall_risk,1436.0,-372.0,18176.0,11.0,72.641,1076.0,1052.0,1031.0,1056.0,88.0,1.0,0.0,1053.75,18.445866745696716,1076.0,1031.0,45.0,18236.43210718588,17.758448693512943,102.61619037904352
2026-09-05 18:10:43.747000+09:00,fall_risk,1348.0,-372.0,18168.0,11.0,77.435,994.0,1032.0,982.0,997.0,88.0,0.0,0.0,1001.25,21.5,1032.0,982.0,50.0,18221.73734856257,21.95051252249322,100.55218541397362
2026-09-05 18:10:44.745000+09:00,fall_risk,1448.0,-240.0,18160.0,11.0,76.33,984.0,1007.0,1011.0,937.0,88.0,0.0,0.0,984.75,33.98406489322116,1011.0,937.0,74.0,18219.217985413095,27.76373533946994,100.78202806766117
2026-09-05 18:10:45.755000+09:00,fall_risk,1424.0,-292.0,18068.0,11.0,193.698,1052.0,977.0,1039.0,1050.0,88.0,0.0,0.0,1029.5,35.46359635833155,1052.0,977.0,75.0,18126.380333646317,26.61320161123295,63.59605142073521
2026-09-05 18:10:46.739000+09:00,fall_risk,1404.0,-280.0,18144.0,11.0,66.742,1049.0,995.0,999.0,1049.0,82.0,0.0,0.0,1023.0,30.066592756745816,1049.0,995.0,54.0,18200.394281443467,26.553836822578617,43.547927359876866
2026-09-05 18:10:47.742000+09:00,fall_risk,1464.0,-216.0,18240.0,11.0,72.658,1033.0,1006.0,990.0,1013.0,82.0,0.0,0.0,1010.5,17.8232058470598,1033.0,990.0,43.0,18299.93311463187,17.77234509005867,61.91288916707491
2026-09-05 18:10:48.745000+09:00,fall_risk,1380.0,-300.0,18036.0,11.0,75.446,1017.0,1041.0,995.0,1055.0,82.0,1.0,0.0,1027.0,26.482698754721607,1055.0,995.0,60.0,18091.20493499535,18.39531190276839,81.88684911823992
2026-09-05 18:10:49.742000+09:00,fall_risk,1420.0,-312.0,18160.0,11.0,58.803,1078.0,994.0,1018.0,1020.0,76.0,0.0,0.0,1027.5,35.679125549822544,1078.0,994.0,84.0,18218.10484106401,7.640353394976704,81.78025076078113
2026-09-05 18:10:50.761000+09:00,fall_risk,1420.0,-248.0,18340.0,11.0,56.814,1065.0,957.0,987.0,1045.0,76.0,0.0,0.0,1013.5,50.12983143797713,1065.0,957.0,108.0,18396.562287557965,7.846973939050132,114.32850011237763
2026-09-05 18:10:51.754000+09:00,fall_risk,1352.0,-280.0,17716.0,11.0,264.894,1012.0,1018.0,984.0,1053.0,76.0,0.0,0.0,1016.75,28.347545455177126,1053.0,984.0,69.0,17769.720312936835,7.807048097721179,242.82213645337524
2026-09-05 18:10:52.744000+09:00,fall_risk,1468.0,-280.0,18064.0,11.0,80.597,1068.0,987.0,1007.0,1049.0,73.0,0.0,0.0,1027.75,37.25027964100851,1068.0,987.0,81.0,18125.714330751216,6.835111557255814,228.94791206535697
2026-09-05 18:10:53.746000+09:00,fall_risk,1216.0,-204.0,18068.0,12.0,76.262,1043.0,969.0,1017.0,1039.0,73.0,0.0,0.0,1017.0,33.980386499665755,1043.0,969.0,74.0,18110.02197679506,6.649718039145119,228.50510901071274
2026-09-05 18:10:54.787000+09:00,fall_risk,1316.0,-276.0,18080.0,12.0,811.308,1033.0,991.0,1007.0,1003.0,73.0,1.0,0.0,1008.5,17.69180601295413,1033.0,991.0,42.0,18129.931935889887,7.065320233374572,222.7595555826832
2026-09-05 18:10:55.755000+09:00,fall_risk,1352.0,-320.0,17924.0,12.0,77.401,1055.0,1007.0,1016.0,1049.0,72.0,0.0,0.0,1031.75,23.79600806858159,1055.0,1007.0,48.0,17977.766268366046,9.345119046867836,154.7203174458205
2026-09-05 18:10:56.737000+09:00,fall_risk,1400.0,-276.0,18056.0,14.0,58.208,1031.0,987.0,969.0,1013.0,72.0,0.0,0.0,1000.0,27.446918466985203,1031.0,969.0,62.0,18112.29725904475,13.175498093056367,63.94912063059356
2026-09-05 18:10:58.272000+09:00,fall_risk,1420.0,-184.0,17920.0,14.0,65.467,1042.0,1043.0,1001.0,1020.0,72.0,0.0,0.0,1026.5,20.041623354076552,1043.0,1001.0,42.0,17977.11478519287,12.930100540990855,77.05492983571897
2026-09-05 18:10:58.740000+09:00,fall_risk,1440.0,-136.0,18068.0,14.0,73.593,2932.0,1045.0,1000.0,1059.0,75.0,0.0,0.0,1509.0,949.0005268702437,2932.0,1000.0,1932.0,18125.802602919408,220.54815233866756,79.81667622116088
2026-09-05 18:10:59.785000+09:00,fall_risk,1352.0,-184.0,17956.0,15.0,811.257,3485.0,1045.0,1015.0,1007.0,75.0,0.0,0.0,1638.0,1231.4419731896965,3485.0,1007.0,2478.0,18007.767657319437,307.1277421530008,73.238275119592
2026-09-05 18:11:00.789000+09:00,fall_risk,1344.0,-280.0,18064.0,15.0,811.24,1054.0,995.0,991.0,1033.0,75.0,0.0,0.0,1018.25,30.434355587066403,1054.0,991.0,63.0,18116.093177062212,309.478068689851,69.82876944987396
2026-09-05 18:11:01.745000+09:00,fall_risk,1380.0,-328.0,18184.0,15.0,76.16,985.0,1019.0,983.0,991.0,78.0,1.0,0.0,994.5,16.68332500832293,1019.0,983.0,36.0,18239.23901921349,310.5449846640582,104.50943093715723
2026-09-05 18:11:02.777000+09:00,fall_risk,1280.0,-236.0,17900.0,17.0,680.187,1034.0,999.0,986.0,1055.0,78.0,0.0,0.0,1018.5,31.670175244226233,1055.0,986.0,69.0,17947.25873218526,311.91984146572037,113.28491768686743
2026-09-05 18:11:03.798000+09:00,fall_risk,1440.0,-244.0,18112.0,17.0,412.607,1043.0,998.0,984.0,981.0,81.0,0.0,0.0,1001.5,28.641461787648574,1043.0,981.0,62.0,18170.791947518414,281.8557698540162,118.76829764711916
2026-09-05 18:11:04.744000+09:00,fall_risk,1276.0,-280.0,18068.0,19.0,144.687,1043.0,1021.0,959.0,981.0,81.0,0.0,0.0,1001.0,37.98245208865097,1043.0,959.0,84.0,18115.164917825066,10.965856099738634,107.99273346126223
2026-09-05 18:11:05.751000+09:00,fall_risk,1420.0,-208.0,18076.0,19.0,77.86,1029.0,1012.0,999.0,1063.0,81.0,0.0,0.0,1025.75,27.70529431955801,1063.0,999.0,64.0,18132.882837541303,13.214575286409119,108.1907563993963
2026-09-05 18:11:06.744000+09:00,fall_risk,1404.0,-304.0,18112.0,19.0,79.05,1064.0,1031.0,1020.0,991.0,82.0,0.0,0.0,1026.5,30.160680805755472,1064.0,991.0,73.0,18168.879327025097,12.626361312752502,92.40173616839374
2026-09-05 18:11:08.005000+09:00,fall_risk,1424.0,-328.0,18108.0,20.0,59.925,1067.0,1001.0,1006.0,1003.0,82.0,0.0,0.0,1019.25,31.899582024429932,1067.0,1001.0,66.0,18166.866102880816,12.687838665437589,25.374569007133374
2026-09-05 18:11:09.043000+09:00,fall_risk,1324.0,-260.0,18068.0,20.0,78.455,1063.0,1001.0,1017.0,1051.0,82.0,1.0,0.0,1033.0,28.890598240027266,1063.0,1001.0,62.0,18118.311179577417,12.245662497397662,25.945893618280838
2026-09-05 18:11:10.060000+09:00,fall_risk,1412.0,-272.0,18076.0,20.0,78.421,1055.0,1017.0,1017.0,1029.0,78.0,0.0,0.0,1029.5,17.916472867168917,1055.0,1017.0,38.0,18133.105194643304,5.09718059324655,22.605545532247366
2026-09-05 18:11:10.738000+09:00,fall_risk,1432.0,-308.0,18056.0,20.0,76.279,1065.0,969.0,991.0,1055.0,78.0,0.0,0.0,1020.0,47.229934010822696,1065.0,969.0,96.0,18115.31462602844,5.967620966530098,25.89347134196888
2026-09-05 18:11:11.783000+09:00,fall_risk,1504.0,-328.0,18308.0,20.0,812.311,1015.0,1035.0,1007.0,1041.0,78.0,0.0,0.0,1024.5,16.11417595369576,1041.0,1007.0,34.0,18372.600904607927,5.963430220952505,108.91367635634094
2026-09-05 18:11:12.816000+09:00,fall_risk,1296.0,-276.0,18108.0,20.0,811.172,1015.0,935.0,973.0,1011.0,75.0,0.0,0.0,983.5,37.46553972207883,1015.0,935.0,80.0,18156.416386500943,19.960586163742033,109.35779672325432
2026-09-05 18:11:13.791000+09:00,fall_risk,1536.0,-316.0,17988.0,20.0,811.274,1054.0,1031.0,1007.0,1021.0,75.0,0.0,0.0,1028.25,19.788464653260327,1054.0,1007.0,47.0,18056.22596225468,19.17159356965847,120.90751685409082
2026-09-05 18:11:14.786000+09:00,fall_risk,1500.0,-464.0,18324.0,20.0,810.781,1415.0,1407.0,1471.0,1451.0,75.0,0.0,0.0,1436.0,30.177254127350068,1471.0,1407.0,64.0,18391.14656567121,189.54191488955726,153.61336095088402
2026-09-05 18:11:15.741000+09:00,fall_risk,1472.0,-288.0,18160.0,20.0,76.364,1044.0,1007.0,987.0,994.0,72.0,0.0,0.0,1008.0,25.39028685672272,1044.0,987.0,57.0,18221.836570444815,190.8550169631392,142.7556326789352
2026-09-05 18:11:16.772000+09:00,fall_risk,1452.0,-244.0,18056.0,20.0,293.726,1003.0,1049.0,1033.0,996.0,72.0,1.0,0.0,1020.25,24.998333277774073,1049.0,996.0,53.0,18115.931552089725,191.26236888107437,128.42190099460635
2026-09-05 18:11:17.744000+09:00,fall_risk,1396.0,-232.0,17976.0,20.0,60.86,1043.0,973.0,1020.0,1050.0,72.0,0.0,0.0,1021.5,34.78026260203719,1050.0,973.0,77.0,18031.61712104602,186.40760110574934,146.9605170654258
2026-09-05 18:11:18.751000+09:00,fall_risk,1436.0,-236.0,18272.0,20.0,74.885,1021.0,1003.0,951.0,987.0,69.0,0.0,0.0,990.5,29.77135088190211,1021.0,951.0,70.0,18329.86022859967,190.89247627918752,148.0402631940115
2026-09-05 18:11:20.290000+09:00,fall_risk,1456.0,-444.0,18072.0,20.0,122.349,1039.0,979.0,1006.0,989.0,69.0,0.0,0.0,1003.25,26.31064423384574,1039.0,979.0,60.0,18135.993383324774,12.832332212040313,113.38916688866696
2026-09-05 18:11:20.817000+09:00,fall_risk,1452.0,-332.0,18032.0,20.0,811.002,1466.0,1401.0,1437.0,1447.0,69.0,0.0,0.0,1437.75,27.29316153666824,1466.0,1401.0,65.0,18093.411839672473,192.22712802827846,112.41693404446718
2026-09-05 18:11:21.740000+09:00,fall_risk,1376.0,-348.0,18076.0,20.0,77.435,1056.0,1002.0,1009.0,1047.0,66.0,0.0,0.0,1028.5,26.962937525425527,1056.0,1002.0,54.0,18131.6368814291,191.46274115346867,111.74611973586494
2026-09-05 18:11:22.745000+09:00,fall_risk,1404.0,-364.0,18044.0,20.0,120.53,1039.0,1015.0,1005.0,1055.0,66.0,1.0,0.0,1028.5,22.708295107001465,1055.0,1005.0,50.0,18102.20008728221,190.8035147737068,97.46612114486955
2026-09-05 18:11:23.739000+09:00,fall_risk,1432.0,-196.0,18140.0,20.0,99.603,1022.0,997.0,1031.0,1063.0,66.0,0.0,0.0,1028.25,27.268724453727817,1063.0,997.0,66.0,18197.489936801725,186.19235685172512,40.871703233484396
2026-09-05 18:11:24.794000+09:00,fall_risk,1480.0,-228.0,18136.0,20.0,811.308,1007.0,969.0,985.0,996.0,66.0,0.0,0.0,989.25,16.214705259938174,1007.0,969.0,38.0,18197.716340244453,188.20412787715406,50.50904480584269
2026-09-05 18:11:25.779000+09:00,fall_risk,1388.0,-196.0,17760.0,20.0,810.985,1055.0,979.0,1003.0,1047.0,66.0,0.0,0.0,1021.0,36.14784456460256,1055.0,979.0,76.0,17815.233930543825,16.99319716828355,158.53170919119367
2026-09-05 18:11:26.740000+09:00,fall_risk,1356.0,-376.0,18080.0,20.0,63.614,1013.0,995.0,938.0,1001.0,66.0,0.0,0.0,986.75,33.350412291304586,1013.0,938.0,75.0,18134.67705805648,21.00371990862952,158.7425051151404
2026-09-05 18:11:27.779000+09:00,fall_risk,1320.0,-388.0,18372.0,20.0,705.942,1035.0,995.0,1003.0,1063.0,66.0,0.0,0.0,1024.0,31.219651930581588,1063.0,995.0,68.0,18423.445063288244,20.13128783759648,218.82558560321357
2026-09-05 18:11:28.759000+09:00,fall_risk,1404.0,-332.0,18088.0,20.0,439.433,1008.0,1068.0,975.0,1039.0,66.0,1.0,0.0,1022.5,40.0374824383352,1068.0,975.0,93.0,18145.445268716885,18.946800521464304,217.45614370608487
2026-09-05 18:11:29.746000+09:00,fall_risk,1488.0,-352.0,18004.0,20.0,171.394,1047.0,4095.0,1039.0,1063.0,66.0,0.0,0.0,1811.0,1522.6993575007948,4095.0,1039.0,3056.0,18068.81468165524,356.9622879240889,217.0330651036389
2026-09-05 18:11:30.762000+09:00,fall_risk,1500.0,-384.0,18136.0,20.0,71.094,987.0,4095.0,998.0,1029.0,66.0,0.0,0.0,1777.25,1545.2689895290075,4095.0,987.0,3108.0,18201.976595963417,429.31454814622833,136.24701909920088
2026-09-05 18:11:31.779000+09:00,fall_risk,1460.0,-472.0,18388.0,20.0,70.669,1016.0,4095.0,969.0,1035.0,66.0,0.0,0.0,1778.75,1544.4158280722197,4095.0,969.0,3126.0,18451.908519174922,419.63553382667703,170.71200242257572
2026-09-05 18:11:32.780000+09:00,fall_risk,1576.0,-276.0,18124.0,20.0,811.189,967.0,2835.0,1048.0,1007.0,66.0,0.0,0.0,1464.25,914.4314718264385,2835.0,967.0,1868.0,18194.48619774683,337.47097097380123,143.95614124361794
2026-09-05 18:11:34.243000+09:00,fall_risk,1404.0,-308.0,18060.0,20.0,73.27,1087.0,3963.0,1005.0,1013.0,66.0,1.0,0.0,1767.0,1464.4653176728586,3963.0,1005.0,2958.0,18117.110144832703,143.7241933357087,147.7644085897811
2026-09-05 18:11:34.762000+09:00,fall_risk,1400.0,-312.0,18064.0,20.0,511.326,1001.0,3965.0,1023.0,1001.0,66.0,0.0,0.0,1747.5,1478.369710187543,3965.0,1001.0,2964.0,18120.856491899052,136.2451145913136,137.05453808177398
2026-09-05 18:11:35.748000+09:00,fall_risk,1500.0,-344.0,18064.0,20.0,244.681,1061.0,3917.0,1015.0,1071.0,66.0,0.0,0.0,1766.0,1434.2073304326216,3917.0,1015.0,2902.0,18129.435512447704,134.87996978795692,142.79706160589544
2026-09-05 18:11:36.776000+09:00,fall_risk,1572.0,-396.0,18216.0,20.0,811.24,1018.0,3999.0,988.0,991.0,0.0,0.0,0.0,1749.0,1500.0606654399014,3999.0,988.0,3011.0,18287.992125982557,131.4082379457246,73.10884289050799
2026-09-05 18:11:37.791000+09:00,fall_risk,1628.0,-232.0,17952.0,20.0,811.155,1044.0,4023.0,999.0,1023.0,0.0,0.0,0.0,1772.25,1500.612624896912,4023.0,999.0,3024.0,18027.16039757787,11.31039345028169,94.30748261439047
2026-09-05 18:11:38.742000+09:00,fall_risk,1564.0,-236.0,18056.0,20.0,72.828,1015.0,3968.0,1039.0,1012.0,0.0,0.0,0.0,1758.5,1473.0495578900257,3968.0,1012.0,2956.0,18125.146289064814,10.682345248126685,93.9620318410748
2026-09-05 18:11:39.779000+09:00,fall_risk,1440.0,-268.0,18084.0,20.0,810.645,1605.0,4095.0,1469.0,1499.0,68.0,0.0,0.0,2167.0,1286.6566493565147,4095.0,1469.0,2626.0,18143.22132367899,181.58042295357774,93.46589419780668
2026-09-05 18:11:40.736000+09:00,fall_risk,1544.0,-260.0,17996.0,20.0,49.555,1006.0,4095.0,1017.0,1019.0,68.0,1.0,0.0,1784.25,1540.510602581711,4095.0,1006.0,3089.0,18063.98494242065,179.8319875606122,100.11568372301504
2026-09-05 18:11:41.752000+09:00,fall_risk,1448.0,-312.0,18004.0,20.0,66.011,1043.0,1035.0,1007.0,1401.0,68.0,0.0,0.0,1121.5,186.97147732564272,1401.0,1007.0,394.0,18064.829476084185,376.28087082656776,47.945966632017935
2026-09-05 18:11:42.741000+09:00,fall_risk,1408.0,-272.0,18160.0,20.0,56.661,1005.0,988.0,1017.0,984.0,71.0,0.0,0.0,998.5,15.329709716755891,1017.0,984.0,33.0,18216.5322715384,491.3061163877366,63.30096874756107
2026-09-05 18:11:43.813000+09:00,fall_risk,1428.0,-340.0,18060.0,20.0,811.172,1065.0,999.0,1005.0,1035.0,71.0,0.0,0.0,1026.0,30.397368307141328,1065.0,999.0,66.0,18119.558052005574,527.4196739788915,63.29725791010617
2026-09-05 18:11:44.780000+09:00,fall_risk,1424.0,-420.0,17940.0,20.0,811.019,1069.0,987.0,997.0,1051.0,71.0,0.0,0.0,1026.0,40.149719799769464,1069.0,987.0,82.0,18001.32706219183,334.76923021687674,80.62975300697204
2026-09-05 18:11:45.758000+09:00,fall_risk,1456.0,-256.0,18056.0,20.0,60.622,991.0,977.0,946.0,1018.0,74.0,0.0,0.0,983.0,29.966648127543394,1018.0,946.0,72.0,18116.41818903505,53.85280865470439,79.27086826649477
2026-09-05 18:11:46.771000+09:00,fall_risk,1616.0,-364.0,17896.0,20.0,70.941,1071.0,991.0,1015.0,1051.0,74.0,0.0,0.0,1032.0,35.832945734337834,1071.0,991.0,80.0,17972.500326888297,21.267345861677324,98.91799641847027
2026-09-05 18:11:47.733000+09:00,fall_risk,1468.0,-212.0,18108.0,20.0,75.344,1081.0,981.0,996.0,1043.0,74.0,1.0,0.0,1025.25,45.595138629755986,1081.0,981.0,100.0,18168.644198178354,20.003437204645692,84.26391499814444
2026-09-05 18:11:48.748000+09:00,fall_risk,1516.0,-252.0,18000.0,20.0,125.953,982.0,993.0,993.0,1001.0,77.0,0.0,0.0,992.25,7.804912982645397,1001.0,982.0,19.0,18065.485324230845,22.37283509080161,80.61721273141332
2026-09-05 18:11:50.290000+09:00,fall_risk,1548.0,-344.0,18208.0,21.0,811.087,1042.0,1041.0,979.0,983.0,77.0,0.0,0.0,1011.25,34.97022543059548,1042.0,979.0,63.0,18276.92271691271,20.942629968564216,113.7231613840497
2026-09-05 18:11:50.777000+09:00,fall_risk,1500.0,-300.0,18136.0,21.0,811.104,1067.0,972.0,986.0,1031.0,77.0,0.0,0.0,1014.0,43.382023926967726,1067.0,972.0,95.0,18200.398237401292,15.220668513577321,119.13577300062916
2026-09-05 18:11:51.789000+09:00,fall_risk,1488.0,-336.0,18236.0,21.0,811.104,1072.0,983.0,1020.0,1033.0,80.0,0.0,0.0,1027.0,36.72419729097788,1072.0,983.0,89.0,18299.69223784925,13.929958722128507,93.41889202038541
2026-09-05 18:11:52.771000+09:00,fall_risk,1424.0,-284.0,18168.0,21.0,732.377,1019.0,1041.0,988.0,1043.0,80.0,1.0,0.0,1022.75,25.591339680967597,1043.0,988.0,55.0,18225.93361120357,13.459894130349024,91.7686823316496
2026-09-05 18:11:53.761000+09:00,fall_risk,1488.0,-380.0,17980.0,21.0,464.542,1039.0,1002.0,947.0,993.0,80.0,0.0,0.0,995.25,37.82745916218359,1039.0,947.0,92.0,18045.468794132226,12.295070150275823,99.92426759612235
2026-09-05 18:11:54.760000+09:00,fall_risk,1204.0,-192.0,17652.0,21.0,199.631,1043.0,3749.0,1000.0,1048.0,82.0,0.0,0.0,1710.0,1359.5040762474136,3749.0,1000.0,2749.0,17694.05504682293,311.16431551513136,241.52827925705546
2026-09-05 18:11:55.731000+09:00,fall_risk,1488.0,-472.0,18060.0,22.0,70.363,1002.0,4086.0,979.0,1017.0,82.0,0.0,0.0,1771.0,1543.4124529755486,4086.0,979.0,3107.0,18127.342000414734,398.1441086466058,235.55105570364748
2026-09-05 18:11:56.737000+09:00,fall_risk,1580.0,-356.0,17976.0,22.0,70.38,1001.0,3758.0,983.0,1041.0,82.0,0.0,0.0,1695.75,1375.0469991967548,3758.0,983.0,2775.0,18048.81469792407,393.6253532865994,200.81313986183227
2026-09-05 18:11:57.738000+09:00,fall_risk,1444.0,-480.0,18156.0,22.0,70.397,1051.0,3553.0,986.0,1042.0,82.0,0.0,0.0,1658.0,1263.6605556873253,3553.0,986.0,2567.0,18219.65619873218,321.64251312598617,199.28260368567788
2026-09-05 18:11:59.274000+09:00,fall_risk,1536.0,-420.0,18128.0,22.0,71.281,1033.0,3677.0,1015.0,996.0,82.0,1.0,0.0,1680.25,1331.2523865393318,3677.0,996.0,2681.0,18197.80426315219,42.62664952820213,213.90739035788323
2026-09-05 18:11:59.774000+09:00,fall_risk,1500.0,-328.0,18176.0,22.0,811.036,1020.0,3027.0,988.0,1034.0,82.0,0.0,0.0,1517.25,1006.6841196058805,3027.0,988.0,2039.0,18240.73902011648,92.59005751159341,78.58031025358369
2026-09-05 18:12:00.734000+09:00,fall_risk,1320.0,-188.0,17624.0,22.0,61.336,1013.0,1011.0,981.0,971.0,82.0,0.0,0.0,994.0,21.197484127446195,1013.0,971.0,42.0,17674.363354870806,296.5198876129562,236.99313415390503
2026-09-05 18:12:01.731000+09:00,fall_risk,1480.0,-232.0,18020.0,22.0,59.636,1079.0,1039.0,1033.0,985.0,82.0,0.0,0.0,1034.0,38.52272056851645,1079.0,985.0,94.0,18082.16314493374,337.2421885678009,236.49583876298593
2026-09-05 18:12:02.785000+09:00,fall_risk,1284.0,-164.0,17872.0,22.0,811.24,1003.0,1035.0,983.0,1033.0,82.0,0.0,0.0,1013.5,25.053276565484737,1035.0,983.0,52.0,17918.81513940026,325.82114533897305,231.22977524611562
2026-09-05 18:12:03.737000+09:00,fall_risk,1508.0,-288.0,18148.0,22.0,75.803,1053.0,1005.0,975.0,1021.0,82.0,0.0,0.0,1013.5,32.51153641401772,1053.0,975.0,78.0,18212.822735644248,225.6158516150853,234.15089375978667
2026-09-05 18:12:04.791000+09:00,fall_risk,1420.0,-308.0,17988.0,23.0,811.189,1461.0,1549.0,1469.0,1541.0,82.0,1.0,0.0,1505.0,46.418387161411225,1549.0,1461.0,88.0,18046.58992718569,220.14852940685338,203.71163843081894
2026-09-05 18:12:05.767000+09:00,fall_risk,1372.0,-320.0,18172.0,23.0,116.263,1002.0,978.0,971.0,1023.0,82.0,0.0,0.0,993.5,23.727621035409346,1023.0,971.0,52.0,18226.529236253402,220.21563296006073,127.18406343958732
2026-09-05 18:12:06.747000+09:00,fall_risk,1352.0,-412.0,18080.0,23.0,343.638,1049.0,975.0,1007.0,1020.0,82.0,0.0,0.0,1012.75,30.685229888878677,1049.0,975.0,74.0,18135.16054519507,222.29018196942525,127.80530909825433
2026-09-05 18:12:07.732000+09:00,fall_risk,1448.0,-272.0,18024.0,23.0,75.548,1045.0,1017.0,1017.0,1031.0,82.0,0.0,0.0,1027.5,13.403979508588733,1045.0,1017.0,28.0,18084.1163455669,220.89154578661493,78.51251056145067
2026-09-05 18:12:08.731000+09:00,fall_risk,1500.0,-324.0,18100.0,23.0,61.353,1071.0,1011.0,1017.0,987.0,82.0,0.0,0.0,1021.5,35.45419580247167,1071.0,987.0,84.0,18164.938095132613,220.04107571087764,70.0303277367203
2026-09-05 18:12:09.741000+09:00,fall_risk,1460.0,-308.0,17984.0,24.0,83.215,1041.0,991.0,1033.0,1014.0,82.0,1.0,0.0,1019.75,22.261701043121867,1041.0,991.0,50.0,18045.795078078438,13.118450746951101,70.27165378084094
2026-09-05 18:12:10.969000+09:00,fall_risk,1396.0,-372.0,17984.0,24.0,61.404,1047.0,1043.0,1060.0,1003.0,82.0,1.0,0.0,1038.25,24.595053703268604,1060.0,1003.0,57.0,18041.936038019867,9.56784981070364,54.44654171461478
2026-09-05 18:12:11.750000+09:00,fall_risk,1572.0,-344.0,18240.0,24.0,48.535,1049.0,969.0,1007.0,1041.0,82.0,0.0,0.0,1016.5,36.528527664461556,1049.0,969.0,80.0,18310.84705850606,8.564826326329195,112.77881913214665
2026-09-05 18:12:12.779000+09:00,fall_risk,1492.0,-800.0,16684.0,24.0,66.317,1004.0,985.0,957.0,1004.0,82.0,0.0,0.0,987.5,22.218610817660647,1004.0,957.0,47.0,16769.672626500495,18.36726027474381,622.9896319022519
2026-09-05 18:12:13.748000+09:00,fall_risk,1440.0,-464.0,18172.0,24.0,50.541,1533.0,1469.0,1459.0,1435.0,82.0,0.0,0.0,1474.0,41.84096875870188,1533.0,1435.0,98.0,18234.869892598632,205.85093210865037,632.0795134746371
2026-09-05 18:12:14.730000+09:00,fall_risk,1456.0,-496.0,18160.0,24.0,64.022,997.0,973.0,1013.0,1020.0,82.0,0.0,0.0,1000.75,20.854655755170516,1020.0,973.0,47.0,18225.02543208102,208.03264467385924,648.6532496470943
2026-09-05 18:12:15.747000+09:00,fall_risk,1480.0,-444.0,18120.0,23.0,60.928,1011.0,1035.0,981.0,1035.0,82.0,0.0,0.0,1015.5,25.632011235952593,1035.0,981.0,54.0,18185.761903203285,210.05279098360052,658.7190826466453
2026-09-05 18:12:16.732000+09:00,fall_risk,1392.0,-448.0,18104.0,23.0,73.032,1065.0,1033.0,1017.0,1039.0,82.0,1.0,0.0,1038.5,19.95828983989694,1065.0,1017.0,48.0,18162.961872998578,208.11805543969552,641.288203697981
2026-09-05 18:12:17.728000+09:00,fall_risk,1440.0,-472.0,18000.0,23.0,56.916,1047.0,995.0,967.0,985.0,82.0,0.0,0.0,998.5,34.346275877694026,1047.0,967.0,80.0,18063.675816400162,206.6414769594918,68.44576925684986
2026-09-05 18:12:18.728000+09:00,fall_risk,1436.0,-360.0,18196.0,21.0,70.737,4095.0,1022.0,1037.0,1124.0,82.0,0.0,0.0,1819.5,1517.6663006076137,4095.0,1022.0,3073.0,18256.125328228878,360.89023608294,73.60171284180781
2026-09-05 18:12:19.731000+09:00,fall_risk,1448.0,-464.0,18236.0,21.0,71.281,4095.0,1000.0,1017.0,1055.0,82.0,0.0,0.0,1791.75,1535.6721384028124,4095.0,1000.0,3095.0,18299.28129736247,432.0185904564758,90.77220092594814
2026-09-05 18:12:20.736000+09:00,fall_risk,1496.0,-316.0,18040.0,21.0,66.708,4095.0,1005.0,1037.0,1049.0,82.0,0.0,0.0,1796.5,1532.445866363094,4095.0,1005.0,3090.0,18104.680941679144,429.82105288131265,99.35092317715578
2026-09-05 18:12:21.770000+09:00,fall_risk,1324.0,-484.0,18000.0,19.0,53.72,4003.0,1032.0,2543.0,1069.0,82.0,0.0,0.0,2161.75,1414.9194028871987,4003.0,1032.0,2971.0,18055.116504747344,429.0690722366274,113.89605001445595
2026-09-05 18:12:22.740000+09:00,fall_risk,1444.0,-432.0,17908.0,19.0,54.944,1081.0,1041.0,1007.0,2319.0,82.0,1.0,0.0,1362.0,638.7164211656584,2319.0,1007.0,1312.0,17971.31670190028,283.8261681910253,137.5917733218519
2026-09-05 18:12:23.732000+09:00,fall_risk,1384.0,-500.0,17980.0,19.0,67.15,4095.0,1068.0,1022.0,1669.0,77.0,0.0,0.0,1963.5,1451.248313234736,4095.0,1022.0,3073.0,18040.117959703035,295.1184402066401,124.2183892860047
2026-09-05 18:12:24.728000+09:00,fall_risk,1572.0,-480.0,18036.0,18.0,63.92,4095.0,1063.0,1013.0,1043.0,77.0,0.0,0.0,1803.5,1527.8048522853521,4095.0,1013.0,3082.0,18110.739355421138,294.93274657114665,56.54585423792156
2026-09-05 18:12:25.731000+09:00,fall_risk,1400.0,-488.0,18036.0,18.0,70.295,4095.0,1001.0,971.0,987.0,77.0,0.0,0.0,1763.5,1554.3816562650672,4095.0,971.0,3124.0,18096.83508241151,295.8864647123964,54.95743813888349
2026-09-05 18:12:26.734000+09:00,fall_risk,1408.0,-388.0,18168.0,18.0,50.269,4095.0,1006.0,1039.0,1068.0,74.0,0.0,0.0,1802.0,1528.8764938128043,4095.0,1006.0,3089.0,18226.607802879833,224.30932882963248,94.48363867026858
2026-09-05 18:12:27.730000+09:00,fall_risk,1500.0,-596.0,17924.0,17.0,51.493,4095.0,1015.0,983.0,1039.0,74.0,0.0,0.0,1783.0,1541.504027457167,4095.0,983.0,3112.0,17996.52722055008,80.1587487427304,87.00165684055871
2026-09-05 18:12:28.742000+09:00,fall_risk,1592.0,-384.0,15772.0,17.0,53.057,4095.0,975.0,1007.0,2311.0,74.0,0.0,0.0,2097.0,1470.2362621928037,4095.0,975.0,3120.0,15856.793622923899,139.14587669061626,1009.9267092162264
2026-09-05 18:12:29.730000+09:00,fall_risk,1336.0,-520.0,18036.0,17.0,56.321,4095.0,1051.0,985.0,2763.0,71.0,1.0,0.0,2223.5,1494.6806793871838,4095.0,985.0,3110.0,18092.887884469965,211.94002689440282,1007.9534730846719
2026-09-05 18:12:30.731000+09:00,fall_risk,1420.0,-432.0,18168.0,16.0,54.927,4095.0,985.0,997.0,2577.0,71.0,0.0,0.0,2163.5,1488.9883590321765,4095.0,985.0,3110.0,18228.528410159717,207.02312672742676,1024.0130034636202
2026-09-05 18:12:32.284000+09:00,fall_risk,1388.0,-528.0,17976.0,16.0,49.946,4095.0,1059.0,981.0,1051.0,71.0,0.0,0.0,1796.5,1532.7338320791382,4095.0,981.0,3114.0,18037.236595443326,208.43961955444124,1002.0202101758158
2026-09-05 18:12:32.740000+09:00,fall_risk,1332.0,-456.0,17984.0,16.0,51.0,4095.0,1465.0,1437.0,1496.0,68.0,0.0,0.0,2123.25,1314.72085123294,4095.0,1437.0,2658.0,18039.02480734477,165.9017028242935,1005.9476121296735
2026-09-05 18:12:33.775000+09:00,fall_risk,1384.0,-500.0,18196.0,15.0,56.644,4095.0,1048.0,1034.0,1065.0,68.0,0.0,0.0,1810.5,1523.0527458583522,4095.0,1034.0,3061.0,18255.406651181453,203.99022648156503,104.5126991693548
2026-09-05 18:12:34.739000+09:00,fall_risk,1464.0,-400.0,18044.0,15.0,63.172,4095.0,986.0,1013.0,1007.0,68.0,0.0,0.0,1775.25,1546.5433230271954,4095.0,986.0,3109.0,18107.711948228025,192.25352727583493,103.37894572633886
2026-09-05 18:12:35.735000+09:00,fall_risk,1400.0,-452.0,18080.0,15.0,62.73,4061.0,1047.0,979.0,1043.0,65.0,0.0,0.0,1782.5,1519.3194748526942,4061.0,979.0,3082.0,18139.7547943736,149.1166280131099,89.71608121993995
2026-09-05 18:12:36.729000+09:00,fall_risk,1452.0,-472.0,18064.0,15.0,67.745,4095.0,1033.0,1033.0,1019.0,65.0,1.0,0.0,1795.0,1533.3475361661056,4095.0,1019.0,3076.0,18128.408203700623,149.27171115117625,78.28679790418234
2026-09-05 18:12:37.747000+09:00,fall_risk,1456.0,-436.0,17908.0,15.0,43.86,4057.0,995.0,969.0,1047.0,65.0,1.0,0.0,1767.0,1527.0110237541398,4057.0,969.0,3088.0,17972.38147825713,17.102996813429876,100.91512712120863
2026-09-05 18:12:38.733000+09:00,fall_risk,1632.0,-8.0,18316.0,15.0,74.358,4095.0,1511.0,1582.0,1528.0,63.0,0.0,0.0,2179.0,1277.6919294832642,4095.0,1511.0,2584.0,18388.565577553894,178.7620625300575,150.65406679091785
2026-09-05 18:12:39.759000+09:00,fall_risk,1364.0,-288.0,17988.0,14.0,77.401,3975.0,971.0,997.0,1039.0,63.0,0.0,0.0,1745.5,1486.5973451700586,3975.0,971.0,3004.0,18041.939585310665,182.728829143078,157.68914459639245
2026-09-05 18:12:40.744000+09:00,fall_risk,1476.0,-444.0,17676.0,14.0,56.78,3999.0,1033.0,1035.0,2839.0,63.0,0.0,0.0,2226.5,1456.1395308600524,3999.0,1033.0,2966.0,17743.07436720029,238.72248532553485,235.02588915110874
2026-09-05 18:12:41.726000+09:00,fall_risk,1376.0,-440.0,18120.0,14.0,66.895,4011.0,1042.0,990.0,2520.0,63.0,0.0,0.0,2140.75,1434.473509689182,4011.0,990.0,3021.0,18177.49641727375,235.33101686773082,239.84147750079302
2026-09-05 18:12:43.230000+09:00,fall_risk,1428.0,-424.0,18052.0,14.0,56.474,1005.0,1013.0,1031.0,2485.0,63.0,1.0,0.0,1383.5,734.4138252148217,2485.0,1005.0,1480.0,18113.35595631025,362.9406976353027,234.5037686349824
2026-09-05 18:12:43.730000+09:00,fall_risk,1468.0,-396.0,18116.0,14.0,65.314,1086.0,999.0,1021.0,2413.0,63.0,0.0,0.0,1379.75,689.822863736288,2413.0,999.0,1414.0,18179.694606895904,402.48918463730206,181.21267493945703
2026-09-05 18:12:44.745000+09:00,fall_risk,1388.0,-368.0,17772.0,14.0,71.74,3879.0,1045.0,1049.0,2251.0,66.0,0.0,0.0,2056.0,1341.3331676606922,3879.0,1045.0,2834.0,17829.917330150467,420.31972205691255,206.88431236003444
2026-09-05 18:12:45.742000+09:00,fall_risk,1444.0,-384.0,18008.0,14.0,63.07,3962.0,1059.0,973.0,2171.0,66.0,0.0,0.0,2041.25,1391.8918480495051,3962.0,973.0,2989.0,18069.882567410335,384.0345443446464,144.07032008678712
2026-09-05 18:12:46.726000+09:00,fall_risk,1312.0,-352.0,18064.0,14.0,70.261,979.0,999.0,1013.0,2125.0,66.0,0.0,0.0,1279.0,564.1725504370686,2125.0,979.0,1146.0,18115.0032845705,386.3834963478645,135.29817270371638
2026-09-05 18:12:47.775000+09:00,fall_risk,1392.0,-332.0,17936.0,14.0,811.087,1064.0,985.0,1013.0,2155.0,69.0,1.0,0.0,1304.25,568.1087777295237,2155.0,985.0,1170.0,17992.99819374192,400.2907302823789,134.48575352101668
2026-09-05 18:12:48.748000+09:00,fall_risk,1360.0,-360.0,18044.0,16.0,128.843,1071.0,991.0,1007.0,2104.0,69.0,1.0,0.0,1293.25,541.604022018547,2104.0,991.0,1113.0,18098.76062055079,414.45879620295216,116.80008231921204
2026-09-05 18:12:49.763000+09:00,fall_risk,1456.0,-332.0,18084.0,16.0,590.988,1061.0,979.0,1003.0,2067.0,69.0,0.0,0.0,1277.5,527.4577392234061,2067.0,979.0,1088.0,18145.556370637965,336.8189146262428,57.982600993347155
2026-09-05 18:12:50.757000+09:00,fall_risk,1360.0,-448.0,17844.0,16.0,121.159,3616.0,991.0,1035.0,2059.0,71.0,0.0,0.0,1925.25,1230.4325458959545,3616.0,991.0,2625.0,17901.358607658804,284.9747028246547,101.33460705195675
2026-09-05 18:12:51.726000+09:00,fall_risk,1452.0,-384.0,18040.0,17.0,57.205,3931.0,1015.0,981.0,2023.0,71.0,0.0,0.0,1987.5,1382.9016595550097,3931.0,981.0,2950.0,18102.41309881089,364.864247015243,99.47780122445678
2026-09-05 18:12:52.780000+09:00,fall_risk,1500.0,-332.0,18068.0,17.0,70.499,3988.0,1047.0,1035.0,2037.0,71.0,0.0,0.0,2026.75,1389.2545663052542,3988.0,1035.0,2953.0,18133.197401451296,382.12896219731925,99.78052687583362
2026-09-05 18:12:53.732000+09:00,fall_risk,1464.0,-436.0,18060.0,17.0,70.941,4015.0,1061.0,1022.0,2039.0,71.0,1.0,0.0,2034.25,1401.8153409062122,4015.0,1022.0,2993.0,18124.485978918132,323.0763744844247,101.87230428512795
2026-09-05 18:12:54.790000+09:00,fall_risk,1396.0,-388.0,18080.0,18.0,811.036,1499.0,1447.0,1458.0,2327.0,71.0,0.0,0.0,1682.75,430.0824533350165,2327.0,1447.0,880.0,18137.964604662786,145.50047250782467,100.72721571096984
2026-09-05 18:12:57.721000+09:00,fall_risk,1472.0,-408.0,18128.0,18.0,663.578,1061.0,1005.0,1021.0,1070.0,71.0,0.0,0.0,1039.25,31.223655562196214,1070.0,1005.0,65.0,18192.24098345226,425.26431486782457,33.21967995287103
2026-09-05 18:12:57.797000+09:00,fall_risk,1492.0,-260.0,17948.0,18.0,395.403,1004.0,1033.0,997.0,984.0,71.0,0.0,0.0,1004.5,20.728402414722336,1033.0,984.0,49.0,18011.78414261064,509.3048571337212,66.04247220927017
2026-09-05 18:12:57.880000+09:00,fall_risk,1400.0,-284.0,18016.0,19.0,130.084,991.0,999.0,969.0,2717.0,71.0,0.0,0.0,1419.0,865.4262918739335,2717.0,969.0,1748.0,18072.545808490846,436.65788238619973,68.52099632579048
2026-09-05 18:12:58.743000+09:00,fall_risk,1408.0,-236.0,18056.0,19.0,123.386,1049.0,1007.0,1003.0,2349.0,71.0,1.0,0.0,1352.0,664.9922305310541,2349.0,1003.0,1346.0,18112.352028381072,282.25525902983674,67.99533937834684
2026-09-05 18:12:59.767000+09:00,fall_risk,1352.0,-296.0,18172.0,19.0,811.104,1019.0,985.0,973.0,2411.0,71.0,1.0,0.0,1347.0,709.6008267563767,2411.0,973.0,1438.0,18224.629049722796,194.61641760139412,86.81925172285061
2026-09-05 18:13:00.768000+09:00,fall_risk,1392.0,-500.0,17700.0,20.0,811.172,1078.0,1011.0,1029.0,2377.0,71.0,0.0,0.0,1373.75,669.4322843524454,2377.0,1011.0,1366.0,17761.690910496105,167.2053378334562,172.174496340671
2026-09-05 18:13:01.729000+09:00,fall_risk,1364.0,-328.0,18072.0,20.0,128.86,1049.0,1031.0,1039.0,2365.0,71.0,0.0,0.0,1371.0,662.7075775433184,2365.0,1031.0,1334.0,18126.369300000482,28.44534232524238,175.63661964554944
2026-09-05 18:13:02.737000+09:00,fall_risk,1456.0,-336.0,18084.0,20.0,69.581,1061.0,983.0,1039.0,2361.0,71.0,0.0,0.0,1361.0,667.4748434710231,2361.0,983.0,1378.0,18145.629997329936,11.614107800439294,179.97935024828635
2026-09-05 18:13:03.739000+09:00,fall_risk,1420.0,-292.0,18152.0,20.0,205.275,1007.0,1001.0,995.0,2333.0,71.0,0.0,0.0,1334.0,666.0180177742942,2333.0,995.0,1338.0,18209.798680930002,16.740295696319823,190.1416142505687
2026-09-05 18:13:04.725000+09:00,fall_risk,1448.0,-276.0,18040.0,20.0,68.578,981.0,972.0,987.0,2462.0,71.0,0.0,0.0,1350.5,741.0256405820247,2462.0,972.0,1490.0,18100.123756482993,16.26576158684936,176.34826436887917
2026-09-05 18:13:05.728000+09:00,fall_risk,1428.0,-312.0,18080.0,20.0,123.59,1032.0,1041.0,1031.0,2355.0,71.0,1.0,0.0,1364.75,660.1819824866474,2355.0,1031.0,1324.0,18138.989166985022,14.495689014331951,40.59874422388498
2026-09-05 18:13:06.730000+09:00,fall_risk,1296.0,-352.0,18184.0,21.0,131.546,1013.0,1034.0,1023.0,2311.0,71.0,0.0,0.0,1345.25,643.890453933483,2311.0,1013.0,1298.0,18233.52341156256,12.362493680492777,54.683608820321766
2026-09-05 18:13:07.793000+09:00,fall_risk,1400.0,-332.0,18188.0,21.0,119.153,1066.0,1033.0,1001.0,2393.0,71.0,0.0,0.0,1373.25,680.3510735887269,2393.0,1001.0,1392.0,18244.823046552137,15.603885734015865,62.984614477292155
2026-09-05 18:13:08.723000+09:00,fall_risk,1468.0,-288.0,18080.0,22.0,64.889,1039.0,975.0,983.0,1931.0,71.0,0.0,0.0,1232.0,466.8690037544436,1931.0,975.0,956.0,18141.785138183066,57.63099209626906,63.75158720081397
2026-09-05 18:13:09.722000+09:00,fall_risk,1432.0,-444.0,18020.0,22.0,66.181,1033.0,1042.0,1035.0,1001.0,71.0,0.0,0.0,1027.75,18.246004128758347,1042.0,1001.0,41.0,18082.260920581808,146.13345783905964,69.05569000113722
2026-09-05 18:13:10.740000+09:00,fall_risk,1472.0,-316.0,18028.0,22.0,64.158,1063.0,1039.0,1012.0,2315.0,73.0,0.0,0.0,1357.25,638.8397686431239,2315.0,1012.0,1303.0,18090.755208116658,144.9333467494635,77.07340235525754
2026-09-05 18:13:11.723000+09:00,fall_risk,1444.0,-332.0,18248.0,22.0,116.195,1068.0,1019.0,1019.0,2189.0,73.0,1.0,0.0,1323.75,577.2956348353935,2189.0,1019.0,1170.0,18308.054620849263,142.3306449785155,99.20813879780603
2026-09-05 18:13:12.729000+09:00,fall_risk,1368.0,-384.0,18120.0,22.0,64.464,1015.0,989.0,988.0,2236.0,73.0,0.0,0.0,1307.0,619.4594417716143,2236.0,988.0,1248.0,18175.623235531704,132.20124337539423,91.28770521394397
2026-09-05 18:13:13.731000+09:00,fall_risk,1440.0,-232.0,18036.0,22.0,65.875,1049.0,979.0,949.0,2131.0,76.0,0.0,0.0,1277.0,570.8730156523428,2131.0,949.0,1182.0,18094.881044096423,132.23953172179725,95.88266888913897
2026-09-05 18:13:14.729000+09:00,fall_risk,1516.0,-276.0,18152.0,22.0,66.759,1020.0,977.0,1032.0,2383.0,76.0,0.0,0.0,1353.0,687.0725337740308,2383.0,977.0,1406.0,18217.286735406018,33.33101033572524,90.80391605194708
2026-09-05 18:13:15.720000+09:00,fall_risk,1452.0,-288.0,18100.0,22.0,64.056,1017.0,1045.0,1001.0,2297.0,76.0,0.0,0.0,1340.0,638.2590905476135,2297.0,1001.0,1296.0,18160.43083189383,29.668796740013256,78.74360839895671
2026-09-05 18:13:16.723000+09:00,fall_risk,1520.0,-280.0,18112.0,22.0,67.252,1415.0,1487.0,1517.0,2599.0,79.0,0.0,0.0,1754.5,564.6246540844635,2599.0,1415.0,1184.0,18177.825612542332,196.88753134721412,44.57739900905121
2026-09-05 18:13:17.725000+09:00,fall_risk,1428.0,-524.0,18064.0,23.0,66.878,1061.0,1003.0,1030.0,1017.0,79.0,1.0,0.0,1027.75,24.757153848265084,1061.0,1003.0,58.0,18127.930273475788,261.2002584225372,46.83734715224273
2026-09-05 18:13:18.722000+09:00,fall_risk,1400.0,-152.0,17708.0,23.0,64.753,1020.0,968.0,957.0,1004.0,79.0,0.0,0.0,987.25,29.65777020164081,1020.0,957.0,63.0,17763.90632715676,309.28571944077896,184.83111839887667
2026-09-05 18:13:19.734000+09:00,fall_risk,1436.0,-240.0,18204.0,23.0,64.481,1055.0,1023.0,1019.0,1060.0,79.0,0.0,0.0,1039.25,21.234798484249072,1060.0,1019.0,41.0,18262.12780592667,325.35293336621424,193.46904851645263
2026-09-05 18:13:20.736000+09:00,fall_risk,1372.0,-228.0,18112.0,23.0,69.292,3513.0,1015.0,925.0,975.0,79.0,0.0,0.0,1607.0,1271.1999580448912,3513.0,925.0,2588.0,18165.3216872149,367.193009533134,193.87274363382912
2026-09-05 18:13:21.747000+09:00,fall_risk,1408.0,-260.0,18268.0,23.0,135.507,3743.0,1051.0,1013.0,1032.0,79.0,0.0,0.0,1709.75,1355.588771223289,3743.0,1013.0,2730.0,18324.024885379302,353.10729601638116,218.15759630194066
2026-09-05 18:13:22.746000+09:00,fall_risk,1492.0,-444.0,18100.0,23.0,129.693,3863.0,1480.0,1497.0,1545.0,79.0,0.0,0.0,2096.25,1178.1548780473079,3863.0,1480.0,2383.0,18166.81590152771,470.4862378433616,218.81710309711153
2026-09-05 18:13:23.727000+09:00,fall_risk,1448.0,-292.0,18028.0,23.0,137.785,3635.0,1005.0,1033.0,1079.0,79.0,0.0,0.0,1688.0,1298.358450762603,3635.0,1005.0,2630.0,18088.414855923667,379.67376621252123,92.17925314377652
2026-09-05 18:13:24.727000+09:00,fall_risk,1400.0,-360.0,18136.0,23.0,71.077,987.0,989.0,1007.0,1015.0,79.0,0.0,0.0,999.5,13.69914839202301,1015.0,987.0,28.0,18193.5179665726,395.18423709707884,85.75075019815863
2026-09-05 18:13:25.720000+09:00,fall_risk,1504.0,-376.0,18140.0,23.0,65.62,1079.0,1000.0,1023.0,1071.0,79.0,1.0,0.0,1043.25,37.98574293951175,1079.0,1000.0,79.0,18206.125123155667,472.6795492191303,85.03687752510118
2026-09-05 18:13:26.719000+09:00,fall_risk,1184.0,-320.0,16548.0,23.0,65.365,1149.0,1175.0,1069.0,1087.0,79.0,0.0,0.0,1120.0,50.18631951704236,1175.0,1069.0,106.0,16593.389045038388,483.01580590080096,703.7602831056042
2026-09-05 18:13:27.726000+09:00,fall_risk,1332.0,-272.0,18012.0,23.0,122.434,2267.0,999.0,1017.0,985.0,79.0,0.0,0.0,1317.0,633.4687574511206,2267.0,985.0,1282.0,18063.232047449317,281.68058151033455,693.5401641962376
2026-09-05 18:13:28.746000+09:00,fall_risk,1280.0,-260.0,18088.0,23.0,229.857,2263.0,987.0,1023.0,1051.0,79.0,0.0,0.0,1331.0,621.885305609751,2263.0,987.0,1276.0,18135.097022072972,153.99488627873401,698.2050746757902
2026-09-05 18:13:29.720000+09:00,fall_risk,1288.0,-172.0,18060.0,23.0,67.456,2168.0,1012.0,1007.0,989.0,79.0,0.0,0.0,1294.0,582.7503753752545,2168.0,989.0,1179.0,18106.68738339512,130.8062020700862,688.1679588374128
2026-09-05 18:13:30.727000+09:00,fall_risk,1340.0,-260.0,18072.0,23.0,70.397,2105.0,983.0,933.0,959.0,79.0,0.0,0.0,1245.0,573.6967840244531,2105.0,933.0,1172.0,18123.476046277658,85.52952706522012,677.5118568876486
2026-09-05 18:13:31.720000+09:00,fall_risk,1296.0,-284.0,18032.0,23.0,67.422,2171.0,999.0,1011.0,1020.0,79.0,1.0,0.0,1300.25,580.5637346579616,2171.0,999.0,1172.0,18080.74379001041,32.705313024036606,29.72065340047331
2026-09-05 18:13:32.740000+09:00,fall_risk,1296.0,-280.0,18076.0,23.0,125.715,2158.0,1011.0,969.0,1015.0,79.0,0.0,0.0,1288.25,580.2065005955494,2158.0,969.0,1189.0,18124.563222323457,30.88557511201983,21.24762881289677
2026-09-05 18:13:33.719000+09:00,fall_risk,1348.0,-308.0,18164.0,23.0,70.397,2183.0,1021.0,995.0,985.0,79.0,0.0,0.0,1296.0,591.5279649630551,2183.0,985.0,1198.0,18216.554668762146,22.609041333064503,51.31438226516956
2026-09-05 18:13:34.730000+09:00,fall_risk,1248.0,-300.0,18128.0,23.0,65.314,2123.0,967.0,973.0,941.0,79.0,0.0,0.0,1251.0,581.499211808007,2123.0,941.0,1182.0,18173.38405471034,26.09633594971176,52.26768831538395
2026-09-05 18:13:35.722000+09:00,fall_risk,1364.0,-200.0,18100.0,23.0,61.846,2199.0,987.0,1014.0,1033.0,79.0,0.0,0.0,1308.25,594.1331921379245,2199.0,987.0,1212.0,18152.423970368254,22.3068094984518,51.0504157866443
2026-09-05 18:13:36.738000+09:00,fall_risk,1284.0,-256.0,18036.0,23.0,64.906,2186.0,979.0,1003.0,979.0,79.0,0.0,0.0,1286.75,599.6067461261589,2186.0,979.0,1207.0,18083.458961161163,21.36395913683181,50.14210671515999
2026-09-05 18:13:37.726000+09:00,fall_risk,1308.0,-256.0,18072.0,23.0,65.348,1092.0,989.0,999.0,1035.0,78.0,1.0,0.0,1028.75,46.56447143477525,1092.0,989.0,103.0,18121.08120394586,116.78620958829097,50.60706902094891
2026-09-05 18:13:38.720000+09:00,fall_risk,1320.0,-256.0,18140.0,22.0,63.495,2620.0,1011.0,1021.0,1031.0,78.0,0.0,0.0,1420.75,799.5416916375697,2620.0,1011.0,1609.0,18189.76459440858,143.55983073269567,42.48314401500786
2026-09-05 18:13:39.722000+09:00,fall_risk,1224.0,-320.0,18176.0,22.0,70.414,972.0,959.0,950.0,977.0,78.0,0.0,0.0,964.5,12.288205727444508,977.0,950.0,27.0,18219.97672885451,195.412896196746,54.06485301629553
2026-09-05 18:13:40.725000+09:00,fall_risk,1336.0,-236.0,18028.0,22.0,126.327,1015.0,975.0,938.0,955.0,75.0,0.0,0.0,970.75,33.14991201597173,1015.0,938.0,77.0,18078.976077200834,207.37408830420503,63.526429542102626
2026-09-05 18:13:41.730000+09:00,fall_risk,1400.0,-292.0,17992.0,21.0,63.716,1349.0,1327.0,1310.0,1311.0,75.0,0.0,0.0,1324.25,18.246004128758347,1349.0,1310.0,39.0,18048.748654685176,214.81084702593634,72.34945419448158
2026-09-05 18:13:42.744000+09:00,fall_risk,1356.0,-588.0,18088.0,21.0,63.903,1039.0,973.0,955.0,981.0,75.0,0.0,0.0,987.0,36.3318042491699,1039.0,955.0,84.0,18148.284326624376,221.0254086072464,72.37323216187734
2026-09-05 18:13:43.767000+09:00,fall_risk,1260.0,-592.0,18288.0,21.0,811.223,1035.0,1020.0,985.0,970.0,72.0,0.0,0.0,1002.5,30.138568866708543,1035.0,970.0,65.0,18340.910773459425,154.13380956169297,117.40170316105406
2026-09-05 18:13:44.764000+09:00,fall_risk,1356.0,-540.0,17968.0,20.0,811.121,1043.0,983.0,937.0,1023.0,72.0,1.0,0.0,996.5,46.857941340467214,1043.0,937.0,106.0,18027.183917628397,150.3237547761505,127.06994768155461
2026-09-05 18:13:45.759000+09:00,fall_risk,1244.0,-504.0,18128.0,20.0,716.278,1035.0,1001.0,1005.0,1049.0,72.0,0.0,0.0,1022.5,23.288051299611425,1049.0,1001.0,48.0,18177.6218466553,144.64378659313448,125.03793873569205
2026-09-05 18:13:46.725000+09:00,fall_risk,1248.0,-284.0,18228.0,20.0,49.929,1055.0,1039.0,1013.0,987.0,73.0,0.0,0.0,1023.5,29.860788111948196,1055.0,987.0,68.0,18272.88001383471,16.133815419801646,120.40417164065862
2026-09-05 18:13:47.725000+09:00,fall_risk,1284.0,-484.0,18212.0,19.0,100.283,1407.0,1351.0,3189.0,1421.0,73.0,0.0,0.0,1842.0,898.5091355499212,3189.0,1351.0,1838.0,18263.62110864108,371.71467552411787,120.65365649378523
2026-09-05 18:13:48.722000+09:00,fall_risk,1336.0,-532.0,17924.0,19.0,96.866,989.0,996.0,3117.0,1033.0,73.0,0.0,0.0,1533.75,1055.6765208465454,3117.0,989.0,2128.0,17981.593255326403,384.91466586764426,134.22924590268954
2026-09-05 18:13:49.740000+09:00,fall_risk,1264.0,-520.0,18176.0,19.0,66.045,1048.0,1024.0,3095.0,1019.0,76.0,1.0,0.0,1546.5,1032.4109323972375,3095.0,1019.0,2076.0,18227.316642885206,360.1292129222513,119.50192553258788
2026-09-05 18:13:53.229000+09:00,fall_risk,1252.0,-596.0,18088.0,19.0,811.359,997.0,1032.0,3111.0,1012.0,76.0,0.0,0.0,1538.0,1048.7646701397475,3111.0,997.0,2114.0,18141.071192187082,295.25783224158545,121.14267803940751
2026-09-05 18:13:53.360000+09:00,fall_risk,1304.0,-484.0,18052.0,19.0,76.262,1059.0,987.0,3093.0,1039.0,76.0,0.0,0.0,1544.5,1032.7792600551195,3093.0,987.0,2106.0,18105.50678661053,134.84718202469122,110.81174344428129
2026-09-05 18:13:53.423000+09:00,fall_risk,1256.0,-480.0,18136.0,19.0,70.414,975.0,1015.0,3107.0,1045.0,75.0,0.0,0.0,1535.5,1048.058999611504,3107.0,975.0,2132.0,18185.775540240236,5.594640292298289,93.95906683118888
2026-09-05 18:13:53.720000+09:00,fall_risk,1236.0,-492.0,18008.0,19.0,67.303,1045.0,957.0,3147.0,1035.0,75.0,0.0,0.0,1546.0,1068.0580508567875,3147.0,957.0,2190.0,18057.071301847373,5.017469481741511,66.58010041890384
2026-09-05 18:13:54.722000+09:00,fall_risk,1212.0,-556.0,18148.0,19.0,65.331,1051.0,983.0,3142.0,1032.0,75.0,0.0,0.0,1552.0,1060.3870362592456,3142.0,983.0,2159.0,18196.922377149385,6.582172893521347,57.80652105146162
2026-09-05 18:13:55.722000+09:00,fall_risk,1284.0,-464.0,18036.0,19.0,119.884,1021.0,983.0,3099.0,1015.0,72.0,1.0,0.0,1529.5,1046.4662759337573,3099.0,983.0,2116.0,18087.599287909936,8.937281465871326,61.73977089730225
2026-09-05 18:13:56.717000+09:00,fall_risk,1248.0,-484.0,18056.0,19.0,68.867,1010.0,1005.0,3103.0,1005.0,72.0,0.0,0.0,1530.75,1048.1693167931728,3103.0,1005.0,2098.0,18105.548762741215,9.852030247629527,61.736192631050294
2026-09-05 18:13:57.728000+09:00,fall_risk,1340.0,-412.0,18244.0,19.0,67.031,1051.0,1015.0,3112.0,1032.0,72.0,0.0,0.0,1552.5,1039.7706477872896,3112.0,1015.0,2097.0,18297.783472322542,11.2799601063216,98.16060533333356
2026-09-05 18:13:58.762000+09:00,fall_risk,1284.0,-128.0,17872.0,19.0,810.764,1069.0,991.0,1005.0,1047.0,69.0,0.0,0.0,1028.0,36.23994113313835,1069.0,991.0,78.0,17918.52181403366,229.7713809420142,140.86162448814366
2026-09-05 18:13:59.717000+09:00,fall_risk,1176.0,-24.0,17652.0,20.0,71.196,1053.0,983.0,1012.0,1012.0,69.0,0.0,0.0,1015.0,28.786570943178813,1053.0,983.0,70.0,17691.14626020598,282.8557273593735,227.75779049696496
2026-09-05 18:14:00.747000+09:00,fall_risk,1032.0,492.0,16364.0,20.0,59.619,1046.0,999.0,1011.0,1011.0,69.0,0.0,0.0,1016.75,20.303940504246953,1046.0,999.0,47.0,16403.889294920275,285.8983975995672,749.6943615408887
2026-09-05 18:14:01.764000+09:00,fall_risk,1316.0,-348.0,18192.0,20.0,811.155,1010.0,1062.0,938.0,1053.0,69.0,0.0,0.0,1015.75,56.58253558593264,1062.0,938.0,124.0,18242.85679382481,238.7033069523759,771.2302239584933
2026-09-05 18:14:02.715000+09:00,fall_risk,1284.0,-460.0,18304.0,19.0,58.361,981.0,966.0,944.0,1001.0,69.0,0.0,0.0,973.0,24.069344264714264,1001.0,944.0,57.0,18354.745217518004,21.190652420351892,782.4076061473339
2026-09-05 18:14:04.220000+09:00,fall_risk,1380.0,-276.0,18160.0,19.0,810.917,1401.0,1327.0,3347.0,1405.0,69.0,0.0,0.0,1870.0,985.3195759075664,3347.0,1327.0,2020.0,18214.44964856199,387.22880025896865,811.6157631188876
2026-09-05 18:14:04.759000+09:00,fall_risk,1412.0,-232.0,17992.0,19.0,668.321,998.0,1043.0,2791.0,1039.0,69.0,0.0,0.0,1467.75,882.4010331665152,2791.0,998.0,1793.0,18048.81248171192,392.4549576066026,817.4115828105266
2026-09-05 18:14:05.753000+09:00,fall_risk,1368.0,-320.0,18032.0,19.0,400.469,979.0,928.0,2587.0,1013.0,69.0,0.0,0.0,1376.75,807.5891591644851,2587.0,928.0,1659.0,18086.64833516702,366.87721890300054,123.63945269725424
2026-09-05 18:14:06.731000+09:00,fall_risk,1368.0,-276.0,18116.0,19.0,134.963,1042.0,985.0,2323.0,1044.0,69.0,0.0,0.0,1348.5,650.2422625452763,2323.0,985.0,1338.0,18169.674075227656,320.4499473396745,120.02312284789696
2026-09-05 18:14:07.715000+09:00,fall_risk,1436.0,-308.0,18080.0,19.0,66.895,1047.0,987.0,2257.0,1031.0,69.0,0.0,0.0,1330.5,618.1874041637104,2257.0,987.0,1270.0,18139.552364928964,225.0248180756962,65.67173369111572
2026-09-05 18:14:08.721000+09:00,fall_risk,1388.0,-284.0,18124.0,19.0,65.62,1008.0,1015.0,2091.0,1006.0,69.0,0.0,0.0,1280.0,540.6804355007987,2091.0,1006.0,1085.0,18179.289755103197,69.44543721512721,55.74518066436252
2026-09-05 18:14:09.741000+09:00,fall_risk,1332.0,-188.0,18096.0,19.0,65.331,1041.0,958.0,2027.0,1021.0,69.0,0.0,0.0,1261.75,511.3911581819407,2027.0,958.0,1069.0,18145.93023242402,47.788270004261264,36.11442221260917
2026-09-05 18:14:10.763000+09:00,fall_risk,1388.0,-352.0,18048.0,20.0,71.842,999.0,975.0,2028.0,1021.0,69.0,1.0,0.0,1255.75,515.1759408202212,2028.0,975.0,1053.0,18104.716291618603,41.8126027651972,29.14532548716361
2026-09-05 18:14:11.722000+09:00,fall_risk,1300.0,-240.0,18308.0,20.0,101.745,1060.0,983.0,2067.0,994.0,69.0,0.0,0.0,1276.0,528.4284877508655,2067.0,983.0,1084.0,18355.665719335815,29.5134503235419,98.9909061367578
2026-09-05 18:14:12.797000+09:00,fall_risk,1344.0,-212.0,17792.0,20.0,210.477,1023.0,1033.0,2700.0,1039.0,69.0,0.0,0.0,1448.75,834.1927734842429,2700.0,1023.0,1677.0,17843.949786972615,81.27834121092883,184.38318356992474
2026-09-05 18:14:13.721000+09:00,fall_risk,1380.0,-456.0,18144.0,20.0,79.543,1007.0,981.0,2235.0,1042.0,69.0,0.0,0.0,1316.25,613.0097198794377,2235.0,981.0,1254.0,18202.11723948618,80.16124375282716,186.30790611050801
2026-09-05 18:14:14.724000+09:00,fall_risk,1316.0,-376.0,18184.0,20.0,80.036,1032.0,1021.0,2189.0,1015.0,69.0,0.0,0.0,1314.25,583.2091534489721,2189.0,1015.0,1174.0,18235.434955053854,75.27208978100828,192.3654721681568
2026-09-05 18:14:15.716000+09:00,fall_risk,1396.0,-440.0,18024.0,20.0,82.246,1045.0,1045.0,1093.0,999.0,69.0,0.0,0.0,1045.5,38.379682124790975,1093.0,999.0,94.0,18083.33464823344,146.60305675530842,193.81092980338846
2026-09-05 18:14:16.715000+09:00,fall_risk,1272.0,-376.0,18044.0,21.0,80.155,1066.0,1001.0,1011.0,1055.0,69.0,0.0,0.0,1033.25,32.045540511382654,1066.0,1001.0,65.0,18092.686257159272,183.79791892184244,153.5436688686611
2026-09-05 18:14:17.721000+09:00,fall_risk,1332.0,-436.0,18028.0,21.0,81.583,1023.0,1017.0,995.0,973.0,69.0,1.0,0.0,1002.0,22.77425447005163,1023.0,973.0,50.0,18082.39762863321,158.72273387892537,73.70671716575852
2026-09-05 18:14:18.722000+09:00,fall_risk,1392.0,-288.0,17684.0,21.0,82.603,1031.0,1001.0,974.0,1018.0,69.0,0.0,0.0,1006.0,24.61706725018234,1031.0,974.0,57.0,17741.038977466906,132.10665672100012,182.87995389825142
2026-09-05 18:14:19.716000+09:00,fall_risk,1228.0,-264.0,17960.0,22.0,78.914,1055.0,965.0,1011.0,1056.0,69.0,0.0,0.0,1021.75,43.261799931733464,1056.0,965.0,91.0,18003.868473192088,18.264891185007574,149.49777499027581
2026-09-05 18:14:20.728000+09:00,fall_risk,1272.0,-212.0,18104.0,22.0,81.515,1050.0,970.0,999.0,1045.0,69.0,0.0,0.0,1016.0,38.305787204198445,1050.0,970.0,80.0,18149.868980243355,12.514241886753176,161.1990277702167
2026-09-05 18:14:22.242000+09:00,fall_risk,1172.0,-204.0,18080.0,22.0,105.485,1059.0,1007.0,995.0,1039.0,69.0,0.0,0.0,1025.0,29.30301463444788,1059.0,995.0,64.0,18119.09490013229,9.911483239160903,164.81497917226295
2026-09-05 18:14:22.750000+09:00,fall_risk,1316.0,-356.0,18080.0,21.0,81.039,1063.0,1005.0,954.0,1011.0,69.0,0.0,0.0,1008.25,44.56736474147871,1063.0,954.0,109.0,18131.32626147354,8.251136285395337,170.84364308595715
2026-09-05 18:14:23.726000+09:00,fall_risk,1188.0,-272.0,17984.0,21.0,80.223,1015.0,996.0,987.0,951.0,69.0,1.0,0.0,987.25,26.837473800639284,1015.0,951.0,64.0,18025.24851423691,15.050539857432604,66.4553411141163
2026-09-05 18:14:24.733000+09:00,fall_risk,1136.0,-216.0,18664.0,21.0,357.646,979.0,1003.0,1007.0,2035.0,69.0,0.0,0.0,1256.0,519.4805097402597,2035.0,979.0,1056.0,18699.787378470377,111.28384316692234,269.70308635464085
2026-09-05 18:14:25.724000+09:00,fall_risk,1248.0,-252.0,18208.0,20.0,86.853,1022.0,985.0,981.0,3051.0,69.0,0.0,0.0,1509.75,1027.66576116297,3051.0,981.0,2070.0,18252.459341140853,225.0549238519348,266.4348085424251
2026-09-05 18:14:26.718000+09:00,fall_risk,1260.0,-300.0,18188.0,20.0,106.335,1062.0,1007.0,973.0,3147.0,69.0,0.0,0.0,1547.25,1067.1302247929568,3147.0,973.0,2174.0,18234.059997707587,265.82879828942566,257.6044012057766
2026-09-05 18:14:27.768000+09:00,fall_risk,1244.0,-276.0,18168.0,20.0,107.202,1020.0,1013.0,1000.0,3113.0,66.0,0.0,0.0,1536.5,1051.0326667933145,3113.0,1000.0,2113.0,18212.631221215677,243.99196964244572,249.20387726617906
2026-09-05 18:14:28.716000+09:00,fall_risk,1216.0,-196.0,18168.0,20.0,79.237,1053.0,956.0,983.0,2617.0,66.0,0.0,0.0,1402.25,810.8643022520271,2617.0,956.0,1661.0,18209.703347391467,122.90781606553819,212.05208635405103
2026-09-05 18:14:29.713000+09:00,fall_risk,1192.0,-292.0,18064.0,20.0,65.042,1019.0,982.0,957.0,2827.0,66.0,1.0,0.0,1446.25,920.8522773315309,2827.0,957.0,1870.0,18105.64066803492,62.111190618117874,57.06889170554253
2026-09-05 18:14:30.749000+09:00,fall_risk,1276.0,-284.0,18116.0,20.0,111.248,1018.0,985.0,984.0,2745.0,66.0,0.0,0.0,1433.0,874.8093125552182,2745.0,984.0,1761.0,18163.102378173175,64.9354005916663,51.37613443396799
2026-09-05 18:14:32.246000+09:00,fall_risk,1284.0,-296.0,18164.0,20.0,117.045,1275.0,1317.0,1271.0,2793.0,66.0,0.0,0.0,1664.0,752.9541818729742,2793.0,1271.0,1522.0,18211.731603557088,106.17977090764592,46.81677488028296
2026-09-05 18:14:34.216000+09:00,fall_risk,1304.0,-272.0,18160.0,20.0,88.026,1045.0,977.0,969.0,2654.0,66.0,0.0,0.0,1411.25,829.2013728079969,2654.0,969.0,1685.0,18208.789086592224,109.0889258815952,46.18609506098316
2026-09-05 18:14:34.327000+09:00,fall_risk,1160.0,-212.0,18136.0,20.0,111.486,973.0,1047.0,969.0,2586.0,66.0,0.0,0.0,1393.75,795.6420363454912,2586.0,969.0,1617.0,18174.296134926382,110.49216601189505,43.06246487798987
2026-09-05 18:14:34.768000+09:00,fall_risk,1176.0,-320.0,17920.0,21.0,811.053,1017.0,998.0,985.0,2584.0,66.0,1.0,0.0,1396.0,792.1089992334809,2584.0,985.0,1599.0,17961.396827641216,115.33193941835961,104.17746577116048
2026-09-05 18:14:35.761000+09:00,fall_risk,1192.0,-176.0,18108.0,21.0,810.832,1022.0,997.0,924.0,2467.0,66.0,0.0,0.0,1352.5,744.1623926715638,2467.0,924.0,1543.0,18148.04408193897,125.17250596676641,103.6987958271194
2026-09-05 18:14:36.714000+09:00,fall_risk,1276.0,-320.0,18172.0,21.0,109.378,997.0,996.0,937.0,2448.0,68.0,0.0,0.0,1344.5,736.2012858813365,2448.0,937.0,1511.0,18219.55433044398,29.314352286894756,105.08528407698245
2026-09-05 18:14:37.715000+09:00,fall_risk,1256.0,-360.0,18052.0,20.0,109.412,1400.0,1311.0,1230.0,2661.0,68.0,0.0,0.0,1650.5,677.2348189513,2661.0,1230.0,1431.0,18099.222082730517,126.86045483128369,99.03412308941418
2026-09-05 18:14:38.717000+09:00,fall_risk,1364.0,-368.0,18000.0,20.0,108.766,1021.0,1011.0,949.0,2451.0,68.0,0.0,0.0,1358.0,729.3622785237343,2451.0,949.0,1502.0,18055.35709976405,130.1982142734691,97.14929863727397
2026-09-05 18:14:39.763000+09:00,fall_risk,1328.0,-308.0,18116.0,20.0,811.189,1010.0,995.0,1022.0,3060.0,70.0,0.0,0.0,1521.75,1025.5594814539038,3060.0,995.0,2065.0,18167.22059094346,136.33167276902373,63.125546972675025
2026-09-05 18:14:40.719000+09:00,fall_risk,1300.0,-384.0,18140.0,19.0,117.147,1037.0,1004.0,1015.0,3179.0,70.0,0.0,0.0,1558.75,1080.2537896253825,3179.0,1004.0,2175.0,18190.576021665725,132.32032629191997,67.54838736966408
2026-09-05 18:14:41.716000+09:00,fall_risk,1340.0,-48.0,18024.0,19.0,127.568,1053.0,1077.0,1017.0,2851.0,70.0,1.0,0.0,1499.5,901.3373397346855,2851.0,1017.0,1834.0,18073.80646128535,106.26932177256127,58.984833753061324
2026-09-05 18:14:42.737000+09:00,fall_risk,1072.0,176.0,17956.0,19.0,117.793,971.0,1061.0,975.0,2813.0,70.0,0.0,0.0,1455.0,906.2847234727064,2813.0,971.0,1842.0,17988.83253577063,77.17524700316913,83.13049993732616
2026-09-05 18:14:43.714000+09:00,fall_risk,1400.0,-368.0,18052.0,19.0,117.759,989.0,971.0,987.0,2623.0,70.0,0.0,0.0,1392.5,820.3728826982683,2623.0,971.0,1652.0,18109.94555486018,64.13827835232381,80.12683874815778
2026-09-05 18:14:44.726000+09:00,fall_risk,2600.0,-2384.0,27400.0,19.0,67.184,1055.0,1029.0,1007.0,995.0,70.0,0.0,0.0,1021.5,26.40075756488817,1055.0,995.0,60.0,27626.137189263358,212.35983612726812,4264.952595827258
2026-09-05 18:14:45.716000+09:00,fall_risk,1260.0,-100.0,19976.0,19.0,116.382,1022.0,1001.0,986.0,1049.0,70.0,0.0,0.0,1014.5,27.331300737432898,1049.0,986.0,63.0,20015.94804149931,239.12141267565346,4148.1001497316165
2026-09-05 18:14:46.765000+09:00,fall_risk,1356.0,-252.0,18108.0,19.0,811.614,1046.0,981.0,974.0,975.0,70.0,1.0,0.0,994.0,34.80421430420939,1046.0,974.0,72.0,18160.448893130368,227.91911942616872,4136.310970890217
2026-09-05 18:14:47.708000+09:00,fall_risk,1404.0,-292.0,18124.0,19.0,36.567,1053.0,1031.0,1015.0,990.0,70.0,0.0,0.0,1022.25,26.550266790875504,1053.0,990.0,63.0,18180.64509306532,170.07299903276876,4109.388484470013
2026-09-05 18:14:48.716000+09:00,fall_risk,1240.0,-100.0,18296.0,19.0,106.165,981.0,1016.0,997.0,1037.0,70.0,0.0,0.0,1007.75,24.185050478894325,1037.0,981.0,56.0,18338.244627008335,11.65788359867106,4078.4755886441676
2026-09-05 18:14:49.799000+09:00,fall_risk,1264.0,-256.0,18324.0,20.0,379.321,1034.0,1022.0,996.0,990.0,70.0,0.0,0.0,1010.5,20.936411663256273,1034.0,990.0,44.0,18369.327913671747,10.385386367399324,789.7567739434288
2026-09-05 18:14:50.714000+09:00,fall_risk,1348.0,260.0,16112.0,20.0,112.54,975.0,1007.0,973.0,1021.0,70.0,0.0,0.0,994.0,23.804761428476166,1021.0,973.0,48.0,16170.381813674036,11.988796853736567,940.0418396709227
2026-09-05 18:14:52.240000+09:00,fall_risk,1168.0,-392.0,18140.0,20.0,113.118,1019.0,1047.0,989.0,1049.0,70.0,0.0,0.0,1026.0,28.21347195933177,1049.0,989.0,60.0,18181.790010887267,12.701623911932032,941.8855909754236
2026-09-05 18:14:53.739000+09:00,fall_risk,1552.0,-1964.0,22536.0,20.0,112.863,979.0,989.0,1035.0,1001.0,70.0,0.0,0.0,1001.0,24.385788210895843,1035.0,979.0,56.0,22674.595828812475,11.991663771143838,2381.9188523686184
2026-09-05 18:14:53.814000+09:00,fall_risk,1352.0,-484.0,18172.0,20.0,107.253,1015.0,966.0,906.0,1033.0,70.0,0.0,0.0,980.0,56.879990623534155,1033.0,906.0,127.0,18228.651732917606,17.29739864835644,2387.1176449648224
2026-09-05 18:14:54.714000+09:00,fall_risk,1500.0,-88.0,5912.0,20.0,112.404,990.0,997.0,1005.0,1000.0,70.0,0.0,0.0,998.0,6.27162924074226,1005.0,990.0,15.0,6099.958032642519,16.70927885936922,6163.395513119447
2026-09-05 18:14:55.715000+09:00,fall_risk,1284.0,-392.0,18168.0,20.0,107.729,1041.0,1035.0,915.0,985.0,70.0,0.0,0.0,994.0,58.34380858325929,1041.0,915.0,126.0,18217.533971424342,16.70927885936922,6222.744009720772
2026-09-05 18:14:57.730000+09:00,fall_risk,792.0,80.0,16564.0,20.0,109.548,1319.0,1343.0,1223.0,1253.0,70.0,0.0,0.0,1284.5,55.937465083787984,1343.0,1223.0,120.0,16583.11671550315,130.4990421420792,6167.143818285732
2026-09-05 18:14:57.789000+09:00,fall_risk,4388.0,876.0,21592.0,20.0,107.814,1020.0,1031.0,1006.0,968.0,70.0,1.0,0.0,1006.25,27.47574688096152,1031.0,968.0,63.0,22050.768331284966,130.01134565875458,6011.832194372415
2026-09-05 18:14:58.759000+09:00,fall_risk,1368.0,4.0,17704.0,20.0,811.495,967.0,3103.0,973.0,1016.0,70.0,0.0,0.0,1514.75,1059.058190091555,3103.0,967.0,2136.0,17756.77493240256,233.87262826162484,5976.3298245972
2026-09-05 18:14:59.789000+09:00,fall_risk,2600.0,3424.0,4692.0,20.0,811.24,1003.0,3164.0,955.0,968.0,70.0,0.0,0.0,1522.5,1094.52105202839,3164.0,955.0,2209.0,6363.854178090507,259.54398711971766,5865.617366665651
2026-09-05 18:15:00.752000+09:00,fall_risk,492.0,-1716.0,11288.0,20.0,794.257,1003.0,3018.0,956.0,1033.0,70.0,0.0,0.0,1502.5,1010.8301868596261,3018.0,956.0,2062.0,11428.283510658983,224.33976742878238,6062.714120579362
2026-09-05 18:15:01.740000+09:00,fall_risk,1096.0,332.0,16592.0,20.0,529.023,998.0,949.0,989.0,1035.0,70.0,0.0,0.0,992.75,35.31170721823949,1035.0,949.0,86.0,16631.47329613345,281.52325614414195,6066.2343299815575
2026-09-05 18:15:02.758000+09:00,fall_risk,1012.0,592.0,16008.0,20.0,811.172,989.0,980.0,953.0,991.0,70.0,0.0,0.0,978.25,17.5,991.0,953.0,38.0,16050.877608405093,289.19395524457315,4731.354762051566
2026-09-05 18:15:03.777000+09:00,fall_risk,648.0,-552.0,19708.0,20.0,811.138,1049.0,979.0,1012.0,1020.0,70.0,1.0,0.0,1015.0,28.786570943178813,1049.0,979.0,70.0,19726.375034455774,283.6542459579976,5216.284625664676
2026-09-05 18:15:04.757000+09:00,fall_risk,784.0,456.0,17448.0,20.0,811.359,1001.0,996.0,973.0,971.0,70.0,0.0,0.0,985.25,15.456929406148772,1001.0,971.0,30.0,17471.55677093487,228.35642371083017,3041.825924935777
2026-09-05 18:15:05.765000+09:00,fall_risk,-1004.0,1496.0,20580.0,20.0,811.325,975.0,999.0,958.0,989.0,70.0,0.0,0.0,980.25,17.802153427792568,999.0,958.0,41.0,20658.713222270162,14.8979864411337,1996.3854285832572
2026-09-05 18:15:06.754000+09:00,fall_risk,1472.0,1184.0,6360.0,20.0,811.104,1417.0,2889.0,1387.0,1433.0,70.0,0.0,0.0,1781.5,738.5794924493007,2889.0,1387.0,1502.0,6634.624329982821,354.4199221968204,5599.308538111684
2026-09-05 18:15:07.758000+09:00,fall_risk,2136.0,-288.0,17464.0,20.0,810.883,993.0,969.0,959.0,924.0,70.0,0.0,0.0,961.25,28.64000698323937,993.0,924.0,69.0,17596.497833375823,356.5313187505415,5637.869090325664
2026-09-05 18:15:08.724000+09:00,fall_risk,1608.0,-144.0,26412.0,20.0,333.302,987.0,931.0,969.0,995.0,70.0,0.0,0.0,970.5,28.489764243788798,995.0,931.0,64.0,26461.29520639532,361.1029545018986,7211.083308428924
2026-09-05 18:15:09.734000+09:00,fall_risk,1456.0,-720.0,20192.0,20.0,68.986,1019.0,975.0,965.0,996.0,70.0,0.0,0.0,988.75,23.949599857478482,1019.0,965.0,54.0,20257.225871278624,360.7414846534845,7289.968402169032
2026-09-05 18:15:10.775000+09:00,fall_risk,1060.0,1088.0,16020.0,20.0,811.359,1002.0,1012.0,976.0,979.0,70.0,0.0,0.0,992.25,17.55704986607944,1012.0,976.0,36.0,16091.853342607868,359.480206339654,7209.605372279771
2026-09-05 18:15:11.751000+09:00,fall_risk,3500.0,-2164.0,16304.0,20.0,811.342,997.0,999.0,1005.0,996.0,70.0,1.0,0.0,999.25,4.031128874149275,1005.0,996.0,9.0,16815.270203002983,15.891821796137483,4226.823252377551
2026-09-05 18:15:12.819000+09:00,fall_risk,-2004.0,1600.0,20464.0,20.0,36.788,987.0,940.0,940.0,973.0,68.0,0.0,0.0,960.0,23.790754506740637,987.0,940.0,47.0,20624.04693555559,16.31199711869121,4111.191447484348
2026-09-05 18:15:13.714000+09:00,fall_risk,964.0,-304.0,18912.0,20.0,110.415,1017.0,959.0,957.0,1021.0,68.0,0.0,0.0,988.5,35.26565846069894,1021.0,957.0,64.0,18938.99300385319,15.034335701992015,2026.0353299667083
2026-09-05 18:15:14.719000+09:00,fall_risk,976.0,-1244.0,19220.0,20.0,43.469,1016.0,2235.0,979.0,1005.0,65.0,0.0,0.0,1308.75,617.6948410555707,2235.0,979.0,1256.0,19284.929660229514,145.55422099685129,1860.5719806910774
2026-09-05 18:15:15.710000+09:00,fall_risk,568.0,-236.0,17716.0,20.0,129.404,1365.0,2469.0,1325.0,1309.0,65.0,0.0,0.0,1617.0,568.488053231259,2469.0,1309.0,1160.0,17726.674138145598,285.1087182988277,1466.1482553347487
2026-09-05 18:15:16.753000+09:00,fall_risk,1148.0,-364.0,18000.0,20.0,811.444,995.0,2297.0,983.0,987.0,65.0,0.0,0.0,1315.5,654.352351566035,2297.0,983.0,1314.0,18040.243900790254,271.1950635612682,1144.0349020023534
2026-09-05 18:15:17.711000+09:00,fall_risk,904.0,448.0,15844.0,20.0,125.239,974.0,2121.0,981.0,983.0,64.0,0.0,0.0,1264.75,570.8463745468945,2121.0,974.0,1147.0,15876.090702688745,223.08886962374507,1333.841064780573
2026-09-05 18:15:18.711000+09:00,fall_risk,1304.0,-416.0,18316.0,20.0,125.63,1035.0,1899.0,983.0,1007.0,64.0,0.0,0.0,1231.0,445.8400311023376,1899.0,983.0,916.0,18367.071840660938,154.57649805193657,1252.3678730535316
2026-09-05 18:15:19.716000+09:00,fall_risk,1140.0,-228.0,17972.0,20.0,128.486,999.0,1933.0,975.0,1001.0,64.0,0.0,0.0,1227.0,470.8148963941845,1933.0,975.0,958.0,18009.563237346985,163.73858738855768,992.1930725676917
2026-09-05 18:15:20.710000+09:00,fall_risk,1248.0,-240.0,18096.0,20.0,128.231,1020.0,1913.0,984.0,1019.0,0.0,0.0,0.0,1234.0,452.9760847255993,1913.0,984.0,929.0,18140.571104571103,37.26526532845672,1021.817597240619
2026-09-05 18:15:21.719000+09:00,fall_risk,1208.0,-300.0,17988.0,20.0,129.693,1237.0,1993.0,1263.0,1261.0,0.0,0.0,0.0,1438.5,369.8553771408495,1993.0,1237.0,756.0,18031.012395314912,90.38293533626963,1021.0271360708159
2026-09-05 18:15:23.160000+09:00,fall_risk,1124.0,-312.0,18096.0,20.0,127.789,1019.0,1763.0,975.0,1008.0,0.0,0.0,0.0,1191.25,381.6249249372128,1763.0,975.0,788.0,18133.558282918442,98.86885252697273,141.8000997590177
2026-09-05 18:15:23.709000+09:00,fall_risk,1252.0,-276.0,18156.0,20.0,129.744,1021.0,1801.0,973.0,1001.0,0.0,0.0,0.0,1199.0,401.81587823280455,1801.0,973.0,828.0,18201.209190600497,102.53511593595765,80.4719180199486
2026-09-05 18:15:24.726000+09:00,fall_risk,1268.0,-296.0,18032.0,20.0,43.078,995.0,3098.0,949.0,950.0,0.0,0.0,0.0,1498.0,1066.8823740225537,3098.0,949.0,2149.0,18078.950854515868,144.9411087304093,64.7351312988936
2026-09-05 18:15:25.750000+09:00,fall_risk,1200.0,-300.0,18036.0,20.0,810.866,1369.0,1947.0,1286.0,1239.0,0.0,0.0,0.0,1460.25,328.9208364738644,1947.0,1239.0,708.0,18078.36541283531,149.68306099889983,65.06378370644346
2026-09-05 18:15:26.712000+09:00,fall_risk,1168.0,-240.0,17972.0,20.0,133.195,996.0,2264.0,957.0,995.0,0.0,0.0,0.0,1303.0,640.9238124249506,2264.0,957.0,1307.0,18011.513206835232,143.46617632738509,70.90117322719253
2026-09-05 18:15:27.770000+09:00,fall_risk,1136.0,-192.0,18036.0,19.0,810.832,1012.0,987.0,949.0,966.0,0.0,0.0,0.0,978.5,27.209067116190024,1012.0,949.0,63.0,18072.76005484497,210.7759473943844,69.05061916990644
2026-09-05 18:15:28.756000+09:00,fall_risk,1304.0,-324.0,18104.0,19.0,811.172,967.0,3023.0,1007.0,967.0,0.0,0.0,0.0,1491.0,1021.5073829069144,3023.0,967.0,2056.0,18153.7932124391,220.27664424536783,50.46732757983613
2026-09-05 18:15:29.751000+09:00,fall_risk,1180.0,-316.0,18056.0,19.0,811.257,973.0,2111.0,994.0,1007.0,0.0,0.0,0.0,1271.25,560.0085564822499,2111.0,973.0,1138.0,18097.275817094684,203.9336135854026,51.117123714685825
2026-09-05 18:15:30.710000+09:00,fall_risk,1160.0,-308.0,18004.0,19.0,129.234,1043.0,2579.0,986.0,1003.0,0.0,0.0,0.0,1402.75,784.5305921377445,2579.0,986.0,1593.0,18043.959654133567,194.0772558802301,54.08320982338913
2026-09-05 18:15:31.761000+09:00,fall_risk,1208.0,-348.0,18016.0,19.0,811.087,1353.0,2551.0,1303.0,1307.0,0.0,0.0,0.0,1628.5,615.4182859378382,2551.0,1303.0,1248.0,18059.806864969516,247.15522703353932,42.868037716183984
2026-09-05 18:15:32.788000+09:00,fall_risk,1304.0,-264.0,18080.0,19.0,810.951,1019.0,1909.0,986.0,1004.0,0.0,0.0,0.0,1229.5,453.2008384811308,1909.0,986.0,923.0,18128.88612132582,162.8203189101422,45.930791809579375
2026-09-05 18:15:33.733000+09:00,fall_risk,1228.0,-252.0,18020.0,19.0,395.522,1020.0,2133.0,951.0,1012.0,0.0,0.0,0.0,1279.0,570.166642307317,2133.0,951.0,1182.0,18063.551367325308,162.29866373448786,34.121221136075455
2026-09-05 18:15:34.708000+09:00,fall_risk,1160.0,-348.0,18116.0,19.0,93.211,1003.0,2141.0,967.0,1035.0,0.0,0.0,0.0,1286.5,570.3434637713198,2141.0,967.0,1174.0,18156.435773576268,160.29309093033413,49.13073827625811
2026-09-05 18:15:35.754000+09:00,fall_risk,1256.0,-292.0,18136.0,19.0,811.478,997.0,2145.0,933.0,955.0,69.0,0.0,0.0,1257.5,592.262047858322,2145.0,933.0,1212.0,18181.78473087832,164.89375367187301,54.80729779753086
2026-09-05 18:15:36.782000+09:00,fall_risk,1208.0,-392.0,18156.0,18.0,811.478,1013.0,2089.0,974.0,990.0,69.0,0.0,0.0,1266.5,548.5669208644163,2089.0,974.0,1115.0,18200.36439195655,22.19121447781238,53.46819677633078
2026-09-05 18:15:37.768000+09:00,fall_risk,1188.0,-228.0,18004.0,18.0,811.58,959.0,2119.0,941.0,955.0,69.0,0.0,0.0,1243.5,583.7176829027311,2119.0,941.0,1178.0,18044.593206830683,17.07483528471861,70.78004302678032
2026-09-05 18:15:38.828000+09:00,fall_risk,1208.0,-184.0,18052.0,18.0,810.883,1007.0,2121.0,947.0,981.0,72.0,0.0,0.0,1264.0,571.8612885423644,2121.0,947.0,1174.0,18093.308818455513,15.606088555441083,64.86892139276316
2026-09-05 18:15:39.711000+09:00,fall_risk,584.0,-480.0,19268.0,17.0,126.769,1006.0,985.0,970.0,968.0,72.0,0.0,0.0,982.25,17.55704986607944,1006.0,968.0,38.0,19282.823444713693,123.5860024436433,519.4832284229926
2026-09-05 18:15:40.727000+09:00,fall_risk,-184.0,5060.0,22644.0,17.0,167.178,980.0,2759.0,1004.0,1055.0,72.0,0.0,1.0,1449.5,873.559957873528,2759.0,980.0,1779.0,23203.193573299344,167.03981561292576,2205.421243767902
2026-09-05 18:15:41.750000+09:00,fall_risk,2372.0,184.0,14628.0,17.0,811.257,1048.0,2181.0,1017.0,995.0,75.0,0.0,0.0,1310.25,580.9069776364084,2181.0,995.0,1186.0,14820.209985017082,169.82238883610208,3019.4458940290206
2026-09-05 18:15:42.754000+09:00,fall_risk,536.0,584.0,20908.0,16.0,811.393,1055.0,959.0,999.0,1016.0,75.0,0.0,1.0,1007.25,39.80263810352274,1055.0,959.0,96.0,20923.021196758367,201.88723647125443,3137.982548287484
2026-09-05 18:15:43.747000+09:00,fall_risk,2680.0,-964.0,22404.0,16.0,811.393,973.0,2602.0,990.0,997.0,75.0,0.0,1.0,1390.5,807.7295339406626,2602.0,973.0,1629.0,22584.30676376851,218.72195534513727,3354.2231262236924
2026-09-05 18:15:44.753000+09:00,fall_risk,-3712.0,1508.0,-2028.0,16.0,811.172,985.0,2799.0,954.0,933.0,78.0,0.0,1.0,1417.75,921.081022494764,2799.0,933.0,1866.0,4490.633808272502,179.63899562734233,7843.488978952151
2026-09-05 18:15:45.752000+09:00,fall_risk,1248.0,-240.0,18252.0,16.0,811.104,971.0,2404.0,941.0,986.0,78.0,0.0,0.0,1325.5,719.2433524197495,2404.0,941.0,1463.0,18296.1910790197,164.34557721460072,7184.545574436162
2026-09-05 18:15:46.748000+09:00,fall_risk,1344.0,-240.0,17996.0,16.0,811.257,985.0,2365.0,955.0,986.0,78.0,0.0,0.0,1322.75,694.9821940165086,2365.0,955.0,1410.0,18047.713206941204,164.82026195222568,7171.994249861306
2026-09-05 18:15:47.752000+09:00,fall_risk,1316.0,-180.0,18024.0,16.0,811.427,964.0,2389.0,963.0,1013.0,79.0,0.0,0.0,1332.25,704.8864565777006,2389.0,963.0,1426.0,18072.87558746532,43.55420473387571,6876.336156841862
2026-09-05 18:15:48.754000+09:00,fall_risk,1284.0,-224.0,17984.0,17.0,811.631,956.0,2359.0,949.0,944.0,79.0,0.0,0.0,1302.0,704.6838534643272,2359.0,944.0,1415.0,18031.169901035264,44.88018772242764,6092.60090717688
2026-09-05 18:15:49.748000+09:00,fall_risk,1324.0,-272.0,18248.0,17.0,811.512,1005.0,933.0,988.0,980.0,79.0,0.0,0.0,976.5,30.81666215972565,1005.0,933.0,72.0,18297.990709364785,154.31131277388667,135.83182724605211
2026-09-05 18:15:50.705000+09:00,fall_risk,1296.0,-372.0,18000.0,17.0,122.859,1016.0,937.0,983.0,989.0,81.0,1.0,0.0,981.25,32.8062494046485,1016.0,937.0,79.0,18050.42935777429,186.6225636143717,111.65212512696552
2026-09-05 18:15:51.702000+09:00,fall_risk,1368.0,-240.0,18068.0,18.0,62.917,985.0,951.0,935.0,985.0,81.0,0.0,0.0,964.0,25.113077602449817,985.0,935.0,50.0,18121.303705859576,188.39232667494753,107.81506497150261
2026-09-05 18:15:52.708000+09:00,fall_risk,1420.0,-164.0,18156.0,18.0,58.395,2780.0,975.0,968.0,985.0,81.0,0.0,0.0,1427.0,902.0269766845483,2780.0,968.0,1812.0,18212.183614273166,218.53929852546008,112.19823653388578
2026-09-05 18:15:53.702000+09:00,fall_risk,1268.0,-164.0,18172.0,18.0,56.576,2623.0,941.0,919.0,974.0,81.0,0.0,0.0,1364.25,839.4710139923435,2623.0,919.0,1704.0,18216.923560250234,232.1276992304024,95.59612277905865
2026-09-05 18:15:54.715000+09:00,fall_risk,1328.0,-288.0,17964.0,19.0,57.8,2677.0,965.0,969.0,1003.0,81.0,0.0,0.0,1403.5,849.1711645284869,2677.0,965.0,1712.0,18015.32192329629,234.2791470660593,91.7047242929158
2026-09-05 18:15:55.712000+09:00,fall_risk,1232.0,-208.0,18028.0,19.0,58.684,2614.0,984.0,979.0,974.0,81.0,0.0,0.0,1387.75,817.510193616365,2614.0,974.0,1640.0,18071.24434011117,194.37909159680814,87.96994828071735
2026-09-05 18:15:56.701000+09:00,fall_risk,1324.0,-324.0,18052.0,19.0,59.092,2669.0,969.0,957.0,987.0,81.0,1.0,0.0,1395.5,849.0895123601516,2669.0,957.0,1712.0,18103.38797021154,22.873702148983075,88.64240162483884
2026-09-05 18:15:59.209000+09:00,fall_risk,1332.0,-216.0,18096.0,19.0,58.667,2622.0,922.0,915.0,889.0,81.0,0.0,0.0,1337.0,856.7842980198303,2622.0,889.0,1733.0,18146.241924982703,27.022328730151614,76.24604359174359
2026-09-05 18:15:59.282000+09:00,fall_risk,1400.0,-260.0,18084.0,19.0,65.501,2631.0,954.0,957.0,911.0,81.0,0.0,0.0,1363.25,845.4278502628122,2631.0,911.0,1720.0,18139.973980135695,27.149240320870437,53.92449640120077
2026-09-05 18:15:59.713000+09:00,fall_risk,1348.0,-264.0,18156.0,19.0,65.484,2725.0,1268.0,1204.0,1225.0,81.0,0.0,0.0,1605.5,746.8085430684359,2725.0,1204.0,1521.0,18207.88664288088,107.39637447325867,51.28313139167788
2026-09-05 18:16:00.703000+09:00,fall_risk,1372.0,-320.0,18008.0,20.0,58.973,2623.0,977.0,975.0,965.0,81.0,0.0,0.0,1385.0,825.3500267563252,2623.0,965.0,1658.0,18063.024331490007,107.59559702887663,53.85498453057764
2026-09-05 18:16:01.718000+09:00,fall_risk,1268.0,-196.0,18152.0,20.0,58.548,2647.0,959.0,967.0,979.0,81.0,0.0,0.0,1388.0,839.3735759481591,2647.0,959.0,1688.0,18197.289468489533,108.02603852775684,57.581827739104845
2026-09-05 18:16:02.701000+09:00,fall_risk,1396.0,-296.0,18108.0,20.0,58.548,2623.0,974.0,973.0,985.0,80.0,0.0,0.0,1388.75,822.8512927619425,2623.0,973.0,1650.0,18164.143139713473,100.83442492522292,57.77728559100691
2026-09-05 18:16:03.913000+09:00,fall_risk,1368.0,-240.0,18120.0,19.0,58.531,2633.0,959.0,972.0,1004.0,80.0,1.0,0.0,1392.0,827.5493942961955,2633.0,959.0,1674.0,18173.151185196253,97.1052264298911,57.60207481901215
2026-09-05 18:16:04.705000+09:00,fall_risk,1276.0,-216.0,18128.0,19.0,59.823,2611.0,959.0,942.0,987.0,80.0,0.0,0.0,1374.75,824.3754706847279,2611.0,942.0,1669.0,18174.13590793246,6.608233500745956,52.50011423517402
2026-09-05 18:16:05.711000+09:00,fall_risk,1236.0,-192.0,18148.0,19.0,68.85,2699.0,1209.0,1223.0,1295.0,80.0,0.0,0.0,1606.5,729.3072055039632,2699.0,1209.0,1490.0,18191.05450489333,98.88677237123491,13.728177780699028
2026-09-05 18:16:06.714000+09:00,fall_risk,1260.0,-268.0,17952.0,20.0,58.956,2651.0,950.0,971.0,991.0,80.0,0.0,0.0,1390.75,840.3334159724936,2651.0,950.0,1701.0,17998.15901696615,98.60200936086663,79.95701429430709
2026-09-05 18:16:07.762000+09:00,fall_risk,1300.0,-148.0,18096.0,20.0,811.359,2903.0,931.0,896.0,974.0,80.0,0.0,0.0,1426.0,985.1832316884002,2903.0,896.0,2007.0,18143.238961111656,96.0278279979321,78.92731172097116
2026-09-05 18:16:08.744000+09:00,fall_risk,1332.0,-308.0,18080.0,20.0,811.495,2727.0,965.0,917.0,911.0,80.0,0.0,0.0,1380.0,898.3251081874535,2727.0,911.0,1816.0,18131.61570296481,97.60196591258003,76.17041363162275
2026-09-05 18:16:09.717000+09:00,fall_risk,1272.0,-288.0,18036.0,20.0,127.313,2719.0,984.0,935.0,987.0,80.0,0.0,0.0,1406.25,875.4912430553869,2719.0,935.0,1784.0,18083.092213446238,93.62802064553345,73.09706168998844
2026-09-05 18:16:10.702000+09:00,fall_risk,1368.0,-356.0,18324.0,20.0,62.883,2809.0,939.0,943.0,1001.0,80.0,0.0,0.0,1423.0,924.4342413966862,2809.0,939.0,1870.0,18378.442153784417,19.96512584484271,141.4691619380423
2026-09-05 18:16:11.753000+09:00,fall_risk,1388.0,-216.0,18264.0,20.0,812.022,2409.0,935.0,915.0,953.0,80.0,0.0,0.0,1303.0,737.4966666591337,2409.0,915.0,1494.0,18317.93918539965,50.7209276334768,129.15746285783797
2026-09-05 18:16:12.712000+09:00,fall_risk,1288.0,-236.0,18192.0,20.0,127.041,2255.0,902.0,921.0,959.0,80.0,0.0,0.0,1259.25,664.2561629371609,2255.0,902.0,1353.0,18239.06532692945,70.25876279867418,123.6041224791937
2026-09-05 18:16:13.748000+09:00,fall_risk,1392.0,-284.0,18068.0,20.0,811.342,2263.0,936.0,923.0,1002.0,80.0,0.0,0.0,1281.0,655.5796417420745,2263.0,923.0,1340.0,18123.76737877641,74.99562487239068,125.20581289553296
2026-09-05 18:16:14.745000+09:00,fall_risk,1368.0,-276.0,18088.0,20.0,811.427,2292.0,967.0,947.0,983.0,80.0,0.0,0.0,1297.25,663.3301716842576,2292.0,947.0,1345.0,18141.756916021117,63.95442713370453,110.00358790992578
2026-09-05 18:16:15.744000+09:00,fall_risk,1324.0,-216.0,18048.0,19.0,811.172,2393.0,1246.0,1178.0,1132.0,80.0,0.0,0.0,1487.25,605.6464177499388,2393.0,1132.0,1261.0,18097.78815214721,91.9737394586103,91.94673055157031
2026-09-05 18:16:16.748000+09:00,fall_risk,1464.0,-248.0,18164.0,19.0,811.223,1959.0,965.0,956.0,991.0,80.0,0.0,0.0,1217.75,494.3894382636695,1959.0,956.0,1003.0,18224.590420637716,104.27787397142458,62.83653122322908
2026-09-05 18:16:17.727000+09:00,fall_risk,1244.0,-212.0,18144.0,19.0,395.199,1982.0,951.0,925.0,949.0,80.0,0.0,0.0,1201.75,520.300794412873,1982.0,925.0,1057.0,18187.831536497142,113.80273502864638,50.85440000621926
2026-09-05 18:16:19.233000+09:00,fall_risk,1268.0,-216.0,18084.0,19.0,69.428,2073.0,943.0,935.0,956.0,80.0,1.0,0.0,1226.75,564.2330340087034,2073.0,935.0,1138.0,18129.68659409202,118.21029988964705,50.00306398060979
2026-09-05 18:16:19.699000+09:00,fall_risk,1320.0,-328.0,18092.0,19.0,56.984,2123.0,977.0,958.0,971.0,80.0,0.0,0.0,1257.25,577.2211447963423,2123.0,958.0,1165.0,18143.055090033762,118.624091145097,49.9117600299687
2026-09-05 18:16:20.725000+09:00,fall_risk,1308.0,-220.0,18096.0,19.0,71.128,2111.0,971.0,921.0,979.0,80.0,0.0,0.0,1245.5,577.5704863189139,2111.0,921.0,1190.0,18144.54408355305,22.030093054733925,39.41739775783458
2026-09-05 18:16:21.701000+09:00,fall_risk,1264.0,-136.0,18004.0,19.0,71.961,2125.0,953.0,964.0,973.0,80.0,0.0,0.0,1253.75,580.8909105847672,2125.0,953.0,1172.0,18048.82843843334,22.970089246675613,50.77464723986085
2026-09-05 18:16:22.708000+09:00,fall_risk,1296.0,-220.0,18164.0,19.0,90.287,2137.0,949.0,927.0,943.0,80.0,0.0,0.0,1239.0,598.7386742143855,2137.0,927.0,1210.0,18211.50493506783,12.190416317757583,58.01158811213039
2026-09-05 18:16:23.704000+09:00,fall_risk,1284.0,-204.0,18108.0,19.0,70.686,1011.0,934.0,987.0,988.0,80.0,1.0,0.0,980.0,32.608792270388264,1011.0,934.0,77.0,18154.611976024164,120.45520432924519,58.45384198623385
2026-09-05 18:16:24.705000+09:00,fall_risk,1352.0,-188.0,18056.0,19.0,125.035,1269.0,1177.0,1207.0,1226.0,80.0,1.0,0.0,1219.75,38.53461647229237,1269.0,1177.0,92.0,18107.52285653673,116.72786192679193,60.20069550368414
2026-09-05 18:16:25.716000+09:00,fall_risk,1296.0,-248.0,18124.0,19.0,125.732,996.0,973.0,955.0,968.0,80.0,0.0,0.0,973.0,17.107503227141788,996.0,955.0,41.0,18171.97006380981,143.4843850389308,62.66853772041764
2026-09-05 18:16:27.732000+09:00,fall_risk,1248.0,-300.0,18120.0,19.0,125.851,969.0,965.0,969.0,959.0,80.0,0.0,0.0,965.5,4.725815626252608,969.0,959.0,10.0,18165.40404174925,140.77180115349844,37.36263086005308
2026-09-05 18:16:27.799000+09:00,fall_risk,1280.0,-332.0,17944.0,19.0,141.899,989.0,952.0,941.0,939.0,80.0,0.0,0.0,955.25,23.214578752729214,989.0,939.0,50.0,17992.658502844988,112.764605484168,74.69884476075704
2026-09-05 18:16:28.757000+09:00,fall_risk,1208.0,-284.0,18060.0,19.0,810.883,2795.0,979.0,964.0,986.0,80.0,0.0,0.0,1431.0,909.3796420270983,2795.0,964.0,1831.0,18102.583241073633,211.35090785232066,71.97329215453114
2026-09-05 18:16:29.721000+09:00,fall_risk,1324.0,-280.0,18080.0,19.0,123.352,2616.0,937.0,952.0,934.0,80.0,0.0,0.0,1359.75,837.5370141074363,2616.0,934.0,1682.0,18130.575721691795,237.37882435044656,72.6678896271914
2026-09-05 18:16:30.711000+09:00,fall_risk,1228.0,-276.0,18068.0,19.0,133.943,2925.0,1183.0,1241.0,1222.0,80.0,0.0,0.0,1642.75,855.1742025264015,2925.0,1183.0,1742.0,18111.785776118268,301.95315240944296,64.95869716209158
2026-09-05 18:16:31.703000+09:00,fall_risk,1324.0,-276.0,18164.0,19.0,123.658,2665.0,957.0,947.0,959.0,80.0,0.0,0.0,1382.0,855.3494412616791,2665.0,947.0,1718.0,18214.28142969137,249.5616532041739,79.2535342559961
2026-09-05 18:16:32.704000+09:00,fall_risk,1108.0,-228.0,17824.0,19.0,137.462,1003.0,909.0,979.0,996.0,80.0,1.0,0.0,971.75,43.03002827483772,1003.0,909.0,94.0,17859.860693745628,242.99083058831738,132.75748267137
2026-09-05 18:16:33.712000+09:00,fall_risk,1084.0,-576.0,19304.0,19.0,130.9,1005.0,949.0,953.0,3419.0,80.0,0.0,0.0,1581.5,1225.2655494490436,3419.0,949.0,2470.0,19342.98963449032,262.8863466405214,580.5039233904303
2026-09-05 18:16:34.707000+09:00,fall_risk,1284.0,-160.0,18280.0,19.0,81.277,985.0,941.0,937.0,2286.0,80.0,0.0,0.0,1287.25,666.1883492426648,2286.0,937.0,1349.0,18325.737529496597,266.77374542859417,570.0501362900021
2026-09-05 18:16:35.712000+09:00,fall_risk,1352.0,-312.0,18068.0,19.0,81.634,1005.0,941.0,983.0,2429.0,80.0,0.0,0.0,1339.5,726.8184092330079,2429.0,941.0,1488.0,18121.19951879566,220.60616775149398,568.9948315299739
2026-09-05 18:16:36.703000+09:00,fall_risk,1356.0,-284.0,17908.0,19.0,125.834,1010.0,973.0,971.0,2393.0,80.0,0.0,0.0,1336.75,704.3949531335386,2393.0,971.0,1422.0,17961.510404194854,217.9492916941927,597.1347809199989
2026-09-05 18:16:37.708000+09:00,fall_risk,1308.0,-184.0,18168.0,19.0,124.746,1041.0,980.0,951.0,1066.0,79.0,1.0,0.0,1009.5,53.15700016617441,1066.0,951.0,115.0,18215.9530082837,203.78409223980242,547.3590716369706
2026-09-05 18:16:38.700000+09:00,fall_risk,960.0,-320.0,19228.0,18.0,91.732,979.0,950.0,921.0,975.0,79.0,0.0,0.0,956.25,26.775299562594377,979.0,921.0,58.0,19254.60942216175,187.40102387660585,509.1219368668977
2026-09-05 18:16:39.740000+09:00,fall_risk,1276.0,-356.0,17876.0,18.0,79.815,994.0,951.0,922.0,932.0,79.0,0.0,0.0,949.75,31.857756773926607,994.0,922.0,72.0,17925.01849371431,201.96322375620798,548.9546285524618
2026-09-05 18:16:40.746000+09:00,fall_risk,1228.0,-284.0,18088.0,18.0,811.257,1191.0,1271.0,1253.0,1260.0,76.0,0.0,0.0,1243.75,35.938605055473886,1271.0,1191.0,80.0,18131.861018659944,178.98379814944178,548.1276514508387
2026-09-05 18:16:41.698000+09:00,fall_risk,1280.0,-208.0,18432.0,16.0,72.148,990.0,981.0,939.0,985.0,76.0,0.0,0.0,973.75,23.4574082114798,990.0,939.0,51.0,18477.561743909828,123.5867104505984,516.6592980333551
2026-09-05 18:16:42.733000+09:00,fall_risk,1244.0,-196.0,18004.0,16.0,395.811,985.0,943.0,951.0,951.0,76.0,0.0,0.0,957.5,18.717193521821944,985.0,943.0,42.0,18047.99069148696,127.51107795011397,536.7677531881858
2026-09-05 18:16:43.712000+09:00,fall_risk,1148.0,-256.0,18116.0,16.0,118.405,966.0,936.0,957.0,2612.0,73.0,1.0,0.0,1367.75,829.5952326285392,2612.0,936.0,1676.0,18154.142667721877,194.3985918158877,205.3225568570434
2026-09-05 18:16:44.769000+09:00,fall_risk,1156.0,-224.0,18052.0,15.0,811.393,1005.0,983.0,965.0,2623.0,73.0,0.0,0.0,1394.0,819.4965934442112,2623.0,965.0,1658.0,18090.36251709733,210.2886855016223,171.0186789768204
2026-09-05 18:16:45.702000+09:00,fall_risk,1288.0,-220.0,18060.0,15.0,134.929,980.0,957.0,931.0,2595.0,73.0,0.0,0.0,1365.75,819.7444215526365,2595.0,931.0,1664.0,18107.206962974717,225.03006743544347,173.11006278545682
2026-09-05 18:16:46.716000+09:00,fall_risk,1228.0,-248.0,18100.0,15.0,124.746,954.0,925.0,895.0,2669.0,73.0,0.0,0.0,1360.75,872.4992359117953,2669.0,895.0,1774.0,18143.304219463444,185.84760221751668,42.68065145665711
2026-09-05 18:16:47.755000+09:00,fall_risk,1280.0,-320.0,18092.0,14.0,811.223,987.0,950.0,952.0,2399.0,73.0,0.0,0.0,1322.0,718.2009932231135,2399.0,950.0,1449.0,18140.045865432647,25.84896032726225,26.957444620355698
2026-09-05 18:16:48.719000+09:00,fall_risk,1212.0,-308.0,18084.0,14.0,122.111,996.0,950.0,943.0,2527.0,73.0,0.0,0.0,1354.0,782.3532876307651,2527.0,943.0,1584.0,18127.185771652476,25.822349815622424,22.502564147256347
2026-09-05 18:16:49.700000+09:00,fall_risk,1392.0,-280.0,18088.0,14.0,125.171,1279.0,1235.0,1260.0,2539.0,73.0,0.0,0.0,1578.25,640.7533977020073,2539.0,1235.0,1304.0,18143.643735479374,103.21406759739881,15.536930816213513
2026-09-05 18:16:50.710000+09:00,fall_risk,1376.0,860.0,17896.0,13.0,124.899,975.0,986.0,943.0,2741.0,73.0,0.0,1.0,1411.25,886.687609401793,2741.0,943.0,1798.0,17969.41267821517,101.86065849973885,75.9350020682722
2026-09-05 18:16:51.742000+09:00,fall_risk,1252.0,-416.0,17900.0,13.0,811.478,979.0,957.0,935.0,3002.0,73.0,0.0,0.0,1468.25,1022.6577710391031,3002.0,935.0,2067.0,17948.55314503094,101.46412543357599,97.95106483064981
2026-09-05 18:16:52.711000+09:00,fall_risk,9104.0,-4080.0,32767.0,13.0,64.77,973.0,1012.0,935.0,3123.0,73.0,1.0,1.0,1510.75,1075.29294458146,3123.0,935.0,2188.0,34252.08760061202,86.80149768293448,7247.589550572289
2026-09-05 18:16:53.756000+09:00,fall_risk,608.0,-2188.0,14264.0,13.0,810.968,1013.0,971.0,947.0,3277.0,73.0,0.0,1.0,1552.0,1150.3234327787989,3277.0,947.0,2330.0,14443.638876682011,66.6018017774333,7814.287350042134
2026-09-05 18:16:54.760000+09:00,fall_risk,1684.0,160.0,17284.0,13.0,810.9,1039.0,986.0,987.0,3325.0,73.0,0.0,0.0,1584.25,1160.763936666998,3325.0,986.0,2339.0,17366.580319682973,68.30409943773886,7881.584108873598
2026-09-05 18:16:55.741000+09:00,fall_risk,-76.0,23232.0,12680.0,13.0,812.328,1036.0,987.0,967.0,3327.0,73.0,0.0,0.0,1579.25,1165.5271697104847,3327.0,967.0,2360.0,26467.225015101223,49.09226008242588,8139.493685757663
2026-09-05 18:16:56.704000+09:00,fall_risk,1400.0,-64.0,17900.0,12.0,64.141,1015.0,949.0,959.0,3323.0,73.0,0.0,0.0,1561.5,1174.6924420176258,3323.0,949.0,2374.0,17954.77919663731,29.242199814661042,8138.701081651256
2026-09-05 18:16:57.700000+09:00,fall_risk,1304.0,-188.0,18024.0,12.0,66.198,1015.0,957.0,979.0,3321.0,73.0,0.0,0.0,1568.0,1168.911174270027,3321.0,957.0,2364.0,18072.087206518234,13.075501902434615,4501.2400485918315
2026-09-05 18:16:58.752000+09:00,fall_risk,1072.0,-244.0,18076.0,12.0,811.325,995.0,973.0,979.0,2748.0,73.0,1.0,0.0,1423.75,882.882164655435,2748.0,973.0,1775.0,18109.403524136294,67.45892268633224,3853.891235771711
2026-09-05 18:16:59.739000+09:00,fall_risk,1356.0,-132.0,18140.0,12.0,811.172,1216.0,1133.0,1157.0,1209.0,73.0,0.0,0.0,1178.75,40.2854398842394,1216.0,1133.0,83.0,18191.090126762607,170.71696239682942,3751.0225340123407
2026-09-05 18:17:00.756000+09:00,fall_risk,1228.0,-232.0,18068.0,12.0,811.019,953.0,921.0,923.0,3273.0,73.0,0.0,0.0,1517.5,1170.4248516386403,3273.0,921.0,2352.0,18111.168708838202,162.1558471039526,86.05672647706679
2026-09-05 18:17:01.766000+09:00,fall_risk,1228.0,-256.0,18020.0,12.0,811.155,988.0,967.0,933.0,3271.0,73.0,0.0,0.0,1539.75,1154.3891241691426,3271.0,933.0,2338.0,18063.607613098775,158.66783306644245,50.41221799796038
2026-09-05 18:17:02.696000+09:00,fall_risk,1260.0,-212.0,18160.0,13.0,57.12,989.0,921.0,957.0,3303.0,73.0,0.0,0.0,1542.5,1173.9953151524924,3303.0,921.0,2382.0,18204.893408092234,154.09183544237652,59.88706378873104
2026-09-05 18:17:03.737000+09:00,fall_risk,1240.0,-196.0,18148.0,13.0,811.257,1001.0,1002.0,974.0,3229.0,73.0,0.0,0.0,1551.5,1118.4085419320913,3229.0,974.0,2255.0,18191.369382209796,161.06394304747562,61.95805144156852
2026-09-05 18:17:04.771000+09:00,fall_risk,1228.0,-208.0,18480.0,13.0,811.257,977.0,932.0,958.0,3172.0,73.0,0.0,0.0,1509.75,1108.3201628290144,3172.0,932.0,2240.0,18521.92344223461,17.71775239697576,179.23351378410305
2026-09-05 18:17:05.722000+09:00,fall_risk,1180.0,-348.0,18292.0,13.0,137.19,965.0,959.0,953.0,3170.0,73.0,1.0,0.0,1511.75,1105.510854763534,3170.0,953.0,2217.0,18333.32397575519,19.047145455436098,173.3864564423663
2026-09-05 18:17:06.697000+09:00,fall_risk,76.0,-348.0,17800.0,13.0,128.435,1011.0,937.0,970.0,3171.0,73.0,0.0,0.0,1522.25,1099.5833680687124,3171.0,937.0,2234.0,17803.563688205795,18.652580250478408,263.65865274603857
2026-09-05 18:17:07.702000+09:00,fall_risk,1188.0,-800.0,22452.0,13.0,133.144,957.0,989.0,934.0,3151.0,75.0,0.0,1.0,1507.75,1095.732137279302,3151.0,934.0,2217.0,22497.63649808575,18.15695459047391,1934.4006295309337
2026-09-05 18:17:08.697000+09:00,fall_risk,-184.0,-448.0,30360.0,14.0,124.695,1000.0,978.0,933.0,3141.0,75.0,0.0,1.0,1513.0,1085.6914847229853,3141.0,933.0,2208.0,30363.86273187257,5.594640292326658,5294.423411558432
2026-09-05 18:17:09.705000+09:00,fall_risk,2000.0,8248.0,-6780.0,14.0,133.62,956.0,935.0,959.0,3051.0,75.0,0.0,1.0,1475.25,1050.5542584750203,3051.0,935.0,2116.0,10862.684014551836,17.991317350336463,7154.310997619907
2026-09-05 18:17:10.696000+09:00,fall_risk,676.0,1916.0,11168.0,14.0,134.3,955.0,935.0,939.0,3128.0,73.0,0.0,0.0,1489.25,1092.534171853067,3128.0,935.0,2193.0,11351.31076131739,18.980252896115825,8164.266292412401
2026-09-05 18:17:11.698000+09:00,fall_risk,1372.0,-212.0,18324.0,16.0,125.715,968.0,965.0,965.0,3129.0,73.0,0.0,0.0,1506.75,1081.500924641306,3129.0,965.0,2164.0,18376.51501237381,15.731735441473383,8154.732890972008
2026-09-05 18:17:12.702000+09:00,fall_risk,1284.0,-248.0,18020.0,16.0,133.28,959.0,935.0,953.0,3147.0,73.0,1.0,0.0,1498.5,1099.0473147230741,3147.0,935.0,2212.0,18067.38940743792,14.87804590665414,7873.473894393695
2026-09-05 18:17:13.724000+09:00,fall_risk,1352.0,-252.0,18004.0,16.0,126.803,1001.0,966.0,974.0,3151.0,69.0,1.0,0.0,1523.0,1085.4366248964823,3151.0,966.0,2185.0,18056.451035571747,17.989059174968258,3872.794266396633
2026-09-05 18:17:14.702000+09:00,fall_risk,1292.0,-184.0,17960.0,16.0,134.555,1175.0,1223.0,1161.0,3207.0,69.0,0.0,0.0,1691.5,1010.6821128986767,3207.0,1161.0,2046.0,18007.35183196019,84.599682328012,3033.656308106906
2026-09-05 18:17:15.694000+09:00,fall_risk,1152.0,-212.0,18000.0,16.0,123.845,1023.0,969.0,935.0,3129.0,69.0,0.0,0.0,1514.0,1077.2761948544114,3129.0,935.0,2194.0,18038.072180806907,81.42059014770493,151.1787857211412
2026-09-05 18:17:16.771000+09:00,fall_risk,1236.0,-140.0,17916.0,16.0,122.332,950.0,921.0,931.0,3135.0,66.0,0.0,0.0,1484.25,1100.5657257368443,3135.0,921.0,2214.0,17959.130045745533,84.73819976846653,43.60308358667956
2026-09-05 18:17:17.778000+09:00,fall_risk,1332.0,-236.0,18160.0,16.0,126.633,1001.0,979.0,937.0,3111.0,66.0,0.0,0.0,1507.0,1069.6628752399827,3111.0,937.0,2174.0,18210.3135612762,83.72021858547996,94.69641554702643
2026-09-05 18:17:18.800000+09:00,fall_risk,1296.0,-244.0,18400.0,16.0,120.343,1020.0,989.0,975.0,3145.0,0.0,1.0,0.0,1532.25,1075.3310730499081,3145.0,975.0,2170.0,18447.199028578838,83.2423795311051,199.8288076002536
2026-09-05 18:17:19.695000+09:00,fall_risk,1216.0,-220.0,17896.0,17.0,130.033,1029.0,927.0,989.0,3115.0,0.0,1.0,0.0,1515.0,1067.4917642149128,3115.0,927.0,2188.0,17938.613993282757,17.370053252667844,212.5435460498294
2026-09-05 18:17:20.741000+09:00,fall_risk,1296.0,-272.0,18168.0,17.0,811.036,1003.0,946.0,947.0,3107.0,0.0,0.0,0.0,1500.75,1071.1645920834637,3107.0,946.0,2161.0,18216.19674904726,17.70999011858884,210.5767862529897
2026-09-05 18:17:21.695000+09:00,fall_risk,1280.0,-168.0,18032.0,17.0,62.645,1011.0,959.0,975.0,995.0,70.0,0.0,0.0,985.0,22.744962812309307,1011.0,959.0,52.0,18078.15388804952,236.75917352871548,188.57766013224892
2026-09-05 18:17:22.762000+09:00,fall_risk,496.0,924.0,18736.0,17.0,811.274,944.0,968.0,947.0,959.0,70.0,0.0,0.0,954.5,11.090536506409418,968.0,944.0,24.0,18765.326749087,299.5954042538041,325.74560872571703
2026-09-05 18:17:23.700000+09:00,fall_risk,1244.0,-256.0,18124.0,17.0,119.476,927.0,933.0,941.0,979.0,70.0,0.0,0.0,945.0,23.38090388900024,979.0,927.0,52.0,18168.44649385302,299.66890062200343,315.6188791439924
2026-09-05 18:17:24.742000+09:00,fall_risk,1352.0,-228.0,18068.0,17.0,811.291,1262.0,1252.0,1243.0,1229.0,73.0,1.0,0.0,1246.5,14.011899704655802,1262.0,1229.0,33.0,18119.947902794866,243.41910874046053,281.90260362708153
2026-09-05 18:17:25.694000+09:00,fall_risk,1248.0,-252.0,18000.0,18.0,126.531,1015.0,952.0,1005.0,1003.0,73.0,0.0,0.0,993.75,28.324018076537094,1015.0,952.0,63.0,18044.971820426876,125.50801767217921,299.8431026140135
2026-09-05 18:17:26.702000+09:00,fall_risk,1304.0,-236.0,17964.0,18.0,116.229,979.0,984.0,973.0,1003.0,73.0,0.0,0.0,984.75,12.971121771072847,1003.0,973.0,30.0,18012.81232900626,125.5279600328152,309.6710229074482
2026-09-05 18:17:27.707000+09:00,fall_risk,1340.0,-308.0,18088.0,18.0,48.637,1275.0,1257.0,1141.0,1194.0,74.0,0.0,0.0,1216.75,61.28825336065631,1275.0,1141.0,134.0,18140.18213800512,142.4116612149444,65.74577913088343
2026-09-05 18:17:28.699000+09:00,fall_risk,1284.0,-272.0,18000.0,17.0,56.95,995.0,1001.0,955.0,985.0,74.0,0.0,0.0,984.0,20.428737928059416,1001.0,955.0,46.0,18047.787676056032,134.18068508544775,54.22463137042502
2026-09-05 18:17:29.735000+09:00,fall_risk,1340.0,-156.0,18100.0,17.0,811.461,1017.0,991.0,967.0,999.0,74.0,0.0,0.0,993.5,20.744477176668813,1017.0,967.0,50.0,18150.20484732886,101.95823287013194,61.8993828584204
2026-09-05 18:17:30.735000+09:00,fall_risk,1336.0,-172.0,17940.0,17.0,811.461,1012.0,975.0,936.0,991.0,74.0,0.0,1.0,978.5,32.129944496269104,1012.0,936.0,76.0,17990.499715127426,103.69712508068895,73.19147343948799
2026-09-05 18:17:32.702000+09:00,fall_risk,1320.0,-244.0,18004.0,18.0,812.26,1017.0,1000.0,979.0,967.0,74.0,1.0,1.0,990.75,22.18670773233379,1017.0,967.0,50.0,18053.973302295537,103.05359649231099,67.48280061021295
2026-09-05 18:17:32.766000+09:00,fall_risk,1344.0,-284.0,18260.0,18.0,811.07,949.0,931.0,967.0,969.0,74.0,0.0,1.0,954.0,17.776388834631177,969.0,931.0,38.0,18311.597199589116,15.747618867625713,126.03991594912169
2026-09-05 18:17:33.704000+09:00,fall_risk,1248.0,-204.0,18080.0,18.0,151.283,969.0,933.0,965.0,980.0,74.0,0.0,1.0,961.75,20.1886932051912,980.0,933.0,47.0,18124.169498214254,17.44043434092159,121.0203275507402
2026-09-05 18:17:34.766000+09:00,fall_risk,1324.0,-196.0,17528.0,19.0,812.549,953.0,921.0,943.0,944.0,74.0,0.0,1.0,940.25,13.59840676942217,953.0,921.0,32.0,17579.02659421164,19.933796678003592,270.1991678124143
2026-09-05 18:17:35.735000+09:00,fall_risk,1224.0,72.0,18176.0,19.0,812.413,1019.0,3733.0,963.0,989.0,74.0,0.0,0.0,1676.0,1371.524212934889,3733.0,963.0,2770.0,18217.308692559393,319.9832710470972,284.384360826439
2026-09-05 18:17:36.736000+09:00,fall_risk,1308.0,-224.0,18120.0,19.0,811.444,986.0,3452.0,943.0,995.0,74.0,0.0,0.0,1594.0,1238.8744892038096,3452.0,943.0,2509.0,18168.528834223205,375.295192148794,288.64056917386864
2026-09-05 18:17:37.735000+09:00,fall_risk,1336.0,-76.0,18184.0,18.0,811.359,996.0,3400.0,971.0,1002.0,74.0,0.0,0.0,1592.25,1205.2414350107065,3400.0,971.0,2429.0,18233.17109007646,368.47305702045617,274.71225437024435
2026-09-05 18:17:38.734000+09:00,fall_risk,1292.0,-212.0,18140.0,18.0,811.342,1003.0,3503.0,987.0,974.0,74.0,0.0,0.0,1616.75,1257.5559298363896,3503.0,974.0,2529.0,18187.188017942743,305.7648504161334,279.5408593936029
2026-09-05 18:17:39.750000+09:00,fall_risk,1316.0,-100.0,18040.0,18.0,811.223,949.0,3444.0,943.0,959.0,74.0,0.0,0.0,1573.75,1246.8507996816086,3444.0,943.0,2501.0,18088.21317875262,39.63954780267505,56.61477087408033
2026-09-05 18:17:41.208000+09:00,fall_risk,1308.0,-52.0,18216.0,18.0,811.529,1007.0,3518.0,944.0,983.0,74.0,0.0,0.0,1613.0,1270.265326614877,3518.0,944.0,2574.0,18262.97412800007,17.418919312074177,67.07969406213373
2026-09-05 18:17:41.733000+09:00,fall_risk,1188.0,-200.0,17996.0,18.0,811.189,993.0,3477.0,983.0,1000.0,74.0,0.0,0.0,1613.25,1242.5195840173574,3477.0,983.0,2494.0,18036.278995402572,18.425864972927428,96.36500279482571
2026-09-05 18:17:42.736000+09:00,fall_risk,1444.0,-204.0,18424.0,18.0,811.478,1000.0,3468.0,955.0,981.0,74.0,0.0,0.0,1601.0,1244.8033311866309,3468.0,955.0,2513.0,18481.62676822579,17.69304241787023,174.72183094377857
2026-09-05 18:17:43.700000+09:00,fall_risk,1380.0,-148.0,18156.0,17.0,115.243,985.0,3461.0,984.0,1007.0,74.0,0.0,0.0,1609.25,1234.5456316664308,3461.0,984.0,2477.0,18208.97141521179,16.576904113873436,174.24258351394818
2026-09-05 18:17:44.732000+09:00,fall_risk,1328.0,-168.0,17992.0,17.0,811.223,1017.0,3548.0,925.0,987.0,74.0,1.0,0.0,1619.25,1286.4038699672303,3548.0,925.0,2623.0,18041.725859795122,6.709601329480134,183.72242036771732
2026-09-05 18:17:45.747000+09:00,fall_risk,1220.0,-240.0,18072.0,17.0,810.951,994.0,3454.0,955.0,931.0,74.0,0.0,0.0,1583.5,1247.2702193189734,3454.0,931.0,2523.0,18114.72285186831,13.848510750277647,184.25459024429398
2026-09-05 18:17:46.735000+09:00,fall_risk,1316.0,-132.0,18192.0,17.0,811.444,987.0,3449.0,943.0,1001.0,74.0,0.0,0.0,1595.0,1236.2470087594415,3449.0,943.0,2506.0,18240.014912274604,13.615937352990139,167.1842246348259
2026-09-05 18:17:47.693000+09:00,fall_risk,1240.0,-236.0,18068.0,17.0,106.76,1003.0,3473.0,966.0,1052.0,74.0,0.0,0.0,1623.5,1233.5030063468296,3473.0,966.0,2507.0,18112.03798582589,16.730025403464158,80.27700878934445
2026-09-05 18:17:48.737000+09:00,fall_risk,1276.0,-208.0,18264.0,17.0,92.106,996.0,2799.0,955.0,986.0,77.0,0.0,0.0,1434.0,910.1673838732448,2799.0,955.0,1844.0,18309.70059831673,78.39889986473361,108.49601194829138
2026-09-05 18:17:49.689000+09:00,fall_risk,1332.0,-236.0,18368.0,17.0,90.134,1007.0,3481.0,973.0,981.0,77.0,0.0,0.0,1610.5,1247.0844665325067,3481.0,973.0,2508.0,18417.745356041818,77.14159059807184,130.87546408506984
2026-09-05 18:17:50.731000+09:00,fall_risk,1268.0,-316.0,17956.0,17.0,811.172,1011.0,967.0,985.0,1015.0,77.0,1.0,0.0,994.5,22.64950330581225,1015.0,967.0,48.0,18003.488995192016,266.74543107614875,162.807362341131
2026-09-05 18:17:51.718000+09:00,fall_risk,1652.0,-524.0,22828.0,17.0,41.004,998.0,952.0,957.0,998.0,79.0,0.0,0.0,976.25,25.1975527912269,998.0,952.0,46.0,22893.694852513432,321.44692407923316,2100.5575554029574
2026-09-05 18:17:52.691000+09:00,fall_risk,1344.0,-488.0,17800.0,17.0,100.538,985.0,939.0,956.0,989.0,79.0,0.0,0.0,967.25,23.89386253134195,989.0,939.0,50.0,17857.336867517508,304.00323805841305,2134.7510499930518
2026-09-05 18:17:53.734000+09:00,fall_risk,1260.0,-456.0,17572.0,17.0,811.58,984.0,953.0,957.0,987.0,79.0,0.0,0.0,970.25,17.727097901235837,987.0,953.0,34.0,17623.016767852205,283.47922101981317,2218.461983580241
2026-09-05 18:17:54.735000+09:00,fall_risk,2960.0,-1512.0,28772.0,17.0,811.631,1007.0,979.0,2810.0,986.0,79.0,0.0,0.0,1445.5,909.7444696177054,2810.0,979.0,1831.0,28963.3514635306,209.75841759033185,4930.447017963372
2026-09-05 18:17:55.703000+09:00,fall_risk,1420.0,-504.0,18584.0,17.0,104.108,983.0,967.0,937.0,981.0,79.0,0.0,0.0,967.0,21.228911104120876,983.0,937.0,46.0,18644.98517028104,212.59887405628479,4838.2453633356245
2026-09-05 18:17:56.712000+09:00,fall_risk,1140.0,-52.0,17764.0,17.0,106.284,1016.0,973.0,1001.0,1003.0,79.0,1.0,0.0,998.25,18.09926333675858,1016.0,973.0,43.0,17800.61796680104,210.51385049445094,4926.913251037301
2026-09-05 18:17:57.694000+09:00,fall_risk,1268.0,-600.0,17908.0,17.0,110.483,959.0,953.0,964.0,998.0,79.0,0.0,0.0,968.5,20.174241001832016,998.0,953.0,45.0,17962.858569837932,210.3625293392339,4914.6992061228775
2026-09-05 18:17:58.697000+09:00,fall_risk,1252.0,-584.0,18160.0,18.0,181.679,1007.0,967.0,985.0,1005.0,79.0,0.0,0.0,991.0,18.83259585576738,1007.0,967.0,40.0,18212.472649258805,208.09766336987073,4844.022680064517
2026-09-05 18:17:59.690000+09:00,fall_risk,1260.0,-580.0,18148.0,18.0,110.789,1004.0,968.0,995.0,1015.0,79.0,0.0,0.0,995.5,20.074859899884732,1015.0,968.0,47.0,18200.931404738603,15.112494830436837,319.2036736862437
2026-09-05 18:18:00.698000+09:00,fall_risk,1184.0,-548.0,18156.0,18.0,115.124,991.0,987.0,977.0,990.0,79.0,0.0,0.0,986.25,6.3966136874651625,991.0,977.0,14.0,18202.815606383534,11.764087299913358,186.38070372010213
2026-09-05 18:18:01.694000+09:00,fall_risk,1300.0,-680.0,18172.0,19.0,103.309,1016.0,952.0,998.0,997.0,79.0,0.0,0.0,990.75,27.268724453727817,1016.0,952.0,64.0,18231.126789093425,10.527642186167888,111.98757754034756
2026-09-05 18:18:02.745000+09:00,fall_risk,1336.0,-560.0,18080.0,19.0,811.019,973.0,954.0,965.0,949.0,79.0,0.0,0.0,960.25,10.812801055539063,973.0,949.0,24.0,18137.940787200736,14.08123751663826,35.147161853066685
2026-09-05 18:18:03.753000+09:00,fall_risk,1624.0,96.0,18780.0,19.0,811.019,989.0,995.0,959.0,987.0,79.0,1.0,0.0,982.5,16.0312195418814,995.0,959.0,36.0,18850.33134987287,13.644366969558536,295.845276640598
2026-09-05 18:18:04.736000+09:00,fall_risk,1308.0,-220.0,18308.0,20.0,811.053,932.0,959.0,953.0,927.0,79.0,0.0,0.0,942.75,15.628499608087784,959.0,927.0,32.0,18355.98343865019,20.35466776933426,287.6505830936086
2026-09-05 18:18:07.200000+09:00,fall_risk,1288.0,-508.0,17836.0,20.0,811.342,985.0,954.0,933.0,941.0,79.0,0.0,0.0,953.25,22.86737122335374,985.0,933.0,52.0,17889.659135936603,20.13051166761471,355.36623822339413
2026-09-05 18:18:07.273000+09:00,fall_risk,-2588.0,2248.0,13952.0,20.0,811.342,1015.0,968.0,989.0,995.0,82.0,0.0,1.0,991.75,19.345542122153102,1015.0,968.0,47.0,14366.96043009794,20.44168535126134,1797.8325060759325
2026-09-05 18:18:07.741000+09:00,fall_risk,1324.0,-836.0,18284.0,20.0,811.495,972.0,949.0,943.0,987.0,82.0,0.0,0.0,962.75,20.434855843223687,987.0,943.0,44.0,18350.92717003694,20.292855885753802,1818.532982094816
2026-09-05 18:18:08.750000+09:00,fall_risk,1260.0,-852.0,18204.0,20.0,811.342,1227.0,1205.0,1139.0,1145.0,82.0,1.0,0.0,1179.0,43.726422218150894,1227.0,1139.0,88.0,18267.433317245202,98.47042703268829,1731.9810660504015
2026-09-05 18:18:09.734000+09:00,fall_risk,1292.0,-648.0,18172.0,20.0,811.291,1011.0,971.0,939.0,984.0,85.0,0.0,0.0,976.25,29.90401310861136,1011.0,939.0,72.0,18229.392529648376,94.14410496680071,1716.210315316917
2026-09-05 18:18:10.735000+09:00,fall_risk,1144.0,-740.0,17784.0,20.0,811.325,959.0,971.0,941.0,954.0,85.0,0.0,0.0,956.25,12.419742348374221,971.0,941.0,30.0,17836.114823581956,93.67970698075433,1712.7173935108804
2026-09-05 18:18:11.691000+09:00,fall_risk,1444.0,-2188.0,21596.0,20.0,57.409,1019.0,969.0,980.0,980.0,85.0,0.0,0.0,987.0,21.95449840010015,1019.0,969.0,50.0,21754.53276905758,93.97522944904146,1614.836374162411
2026-09-05 18:18:12.754000+09:00,fall_risk,1180.0,-736.0,17980.0,20.0,811.257,953.0,967.0,959.0,943.0,88.0,0.0,0.0,955.5,10.115993936995679,967.0,943.0,24.0,18033.704444733477,94.98049141797483,1647.1058508524432
2026-09-05 18:18:14.836000+09:00,fall_risk,1300.0,-596.0,17916.0,19.0,811.461,979.0,931.0,917.0,987.0,88.0,0.0,0.0,953.5,34.69389955981695,987.0,917.0,70.0,17972.987286480788,15.059672971215981,1676.9828515968982
2026-09-05 18:18:14.898000+09:00,fall_risk,1256.0,-668.0,18232.0,19.0,811.393,1280.0,1195.0,1254.0,1241.0,88.0,1.0,0.0,1242.5,35.57620927904864,1280.0,1195.0,85.0,18287.41600117414,125.73414412958796,1672.5417417756546
2026-09-05 18:18:15.728000+09:00,fall_risk,1236.0,-308.0,18172.0,19.0,811.223,995.0,979.0,973.0,975.0,88.0,0.0,0.0,980.5,9.983319421247959,995.0,973.0,22.0,18216.589801606668,123.15214167849457,1627.0727690002905
2026-09-05 18:18:16.712000+09:00,fall_risk,1284.0,-600.0,18036.0,18.0,395.76,959.0,949.0,2991.0,975.0,88.0,0.0,0.0,1468.5,1015.0564844710203,2991.0,949.0,2042.0,18091.598934312024,229.51100191494098,129.6369293425702
2026-09-05 18:18:17.741000+09:00,fall_risk,1372.0,-720.0,18152.0,18.0,811.495,959.0,921.0,2525.0,956.0,88.0,0.0,0.0,1340.25,790.0216769177919,2525.0,921.0,1604.0,18218.009990116923,224.98197149994053,124.91893526615394
2026-09-05 18:18:18.733000+09:00,fall_risk,1208.0,-580.0,18120.0,18.0,811.716,985.0,979.0,927.0,981.0,88.0,0.0,0.0,968.0,27.446918466985203,985.0,927.0,58.0,18169.481665694264,221.11806800892606,72.2256047174147
2026-09-05 18:18:19.746000+09:00,fall_risk,1192.0,-644.0,18056.0,17.0,812.498,957.0,971.0,937.0,965.0,88.0,0.0,0.0,957.5,14.82115605027714,971.0,937.0,34.0,18106.759400842548,243.05313205140982,59.51794530211855
2026-09-05 18:18:20.734000+09:00,fall_risk,1256.0,-588.0,18232.0,17.0,812.583,998.0,947.0,1497.0,1001.0,88.0,0.0,0.0,1110.75,258.68948567732707,1497.0,947.0,550.0,18284.66855045505,227.78999374423816,79.8686463190739
2026-09-05 18:18:21.738000+09:00,fall_risk,1360.0,-676.0,18200.0,17.0,737.001,969.0,969.0,943.0,971.0,88.0,1.0,0.0,963.0,13.366625103842281,971.0,943.0,28.0,18263.257540756524,165.2141224290468,72.04865602910044
2026-09-05 18:18:22.731000+09:00,fall_risk,1304.0,-748.0,17952.0,17.0,811.206,971.0,934.0,943.0,971.0,88.0,0.0,0.0,954.75,19.120233610846217,971.0,934.0,37.0,18014.833443581985,67.24800182905123,111.68924556564671
2026-09-05 18:18:23.737000+09:00,fall_risk,1292.0,-688.0,17968.0,17.0,811.291,983.0,944.0,925.0,971.0,88.0,0.0,0.0,955.75,26.196373794859472,983.0,925.0,58.0,18027.524289263903,68.49785580585774,128.00591014071222
2026-09-05 18:18:24.779000+09:00,fall_risk,1252.0,-544.0,18184.0,18.0,811.58,984.0,919.0,901.0,968.0,88.0,0.0,0.0,943.0,39.35310237664455,984.0,901.0,83.0,18235.166464828337,70.410714738597,132.615953251189
2026-09-05 18:18:25.729000+09:00,fall_risk,1212.0,-348.0,18020.0,18.0,811.563,971.0,959.0,935.0,969.0,88.0,0.0,0.0,958.5,16.522711641858304,971.0,935.0,36.0,18064.06510174274,7.430931973857198,118.87158380028954
2026-09-05 18:18:26.738000+09:00,fall_risk,1300.0,-632.0,18184.0,18.0,811.461,953.0,924.0,3191.0,949.0,88.0,0.0,0.0,1504.25,1124.5732153428992,3191.0,924.0,2267.0,18241.36179126986,246.59791412337623,112.5548093681002
2026-09-05 18:18:27.730000+09:00,fall_risk,1284.0,-480.0,18112.0,19.0,810.968,965.0,919.0,2936.0,927.0,88.0,0.0,0.0,1436.75,999.7014137564609,2936.0,919.0,2017.0,18163.79916206959,284.8277220531738,97.60945985142104
2026-09-05 18:18:28.733000+09:00,fall_risk,1208.0,-544.0,17972.0,19.0,812.498,989.0,954.0,2431.0,980.0,88.0,0.0,0.0,1338.5,728.4844999494956,2431.0,954.0,1477.0,18020.765355555795,267.2171050849852,99.69164250586577
2026-09-05 18:18:30.204000+09:00,fall_risk,1300.0,-388.0,18108.0,19.0,119.459,985.0,967.0,953.0,991.0,88.0,0.0,0.0,974.0,17.320508075688775,991.0,953.0,38.0,18158.750177256145,258.94513173643566,87.53528751102286
2026-09-05 18:18:30.698000+09:00,fall_risk,1356.0,-444.0,18084.0,20.0,129.319,943.0,944.0,919.0,924.0,88.0,0.0,0.0,932.5,12.871156384205214,944.0,919.0,25.0,18140.201983439987,266.23012836641914,79.50681664959113
2026-09-05 18:18:31.689000+09:00,fall_risk,1232.0,-544.0,18072.0,20.0,120.275,982.0,972.0,949.0,947.0,88.0,0.0,0.0,962.5,17.253019059476713,982.0,947.0,35.0,18122.112018194788,239.24866770788924,58.467302409607015
2026-09-05 18:18:32.729000+09:00,fall_risk,1292.0,-404.0,18168.0,20.0,811.631,1013.0,934.0,932.0,991.0,88.0,1.0,0.0,967.5,40.84523636035582,1013.0,932.0,81.0,18218.361726565865,170.40539897550195,71.95850075510074
2026-09-05 18:18:33.706000+09:00,fall_risk,1260.0,-308.0,18132.0,20.0,397.358,955.0,955.0,913.0,957.0,88.0,0.0,0.0,945.0,21.354156504062622,957.0,913.0,44.0,18178.33567739357,17.112130200533183,37.10867860102606
2026-09-05 18:18:34.693000+09:00,fall_risk,1316.0,-292.0,17992.0,20.0,61.812,996.0,928.0,946.0,969.0,88.0,0.0,0.0,959.75,29.420797632513864,996.0,928.0,68.0,18042.42733115475,14.398784670936623,66.04963428152625
2026-09-05 18:18:35.715000+09:00,fall_risk,1308.0,-236.0,18156.0,20.0,395.709,986.0,976.0,890.0,2781.0,88.0,0.0,0.0,1408.25,916.1806135619039,2781.0,890.0,1891.0,18204.584477543012,201.22488973782546,72.03342592783693
2026-09-05 18:18:36.685000+09:00,fall_risk,1156.0,-292.0,18124.0,21.0,71.689,1157.0,1144.0,1111.0,2877.0,88.0,0.0,0.0,1572.25,870.048801313275,2877.0,1111.0,1766.0,18163.176374191822,297.6587496614202,69.9178149368703
2026-09-05 18:18:37.684000+09:00,fall_risk,1252.0,-412.0,18160.0,21.0,72.964,999.0,971.0,905.0,2809.0,88.0,0.0,0.0,1421.0,926.1720502512838,2809.0,905.0,1904.0,18207.76889132768,289.29499433968783,67.89056038257293
2026-09-05 18:18:38.685000+09:00,fall_risk,1316.0,-232.0,17920.0,21.0,70.856,997.0,968.0,915.0,2797.0,86.0,1.0,0.0,1419.25,919.1272581458275,2797.0,915.0,1882.0,17969.754589309225,231.69683856280824,106.39914609294138
2026-09-05 18:18:39.709000+09:00,fall_risk,1192.0,-296.0,18024.0,21.0,72.131,973.0,935.0,940.0,2751.0,86.0,0.0,0.0,1399.75,900.9910746875723,2751.0,935.0,1816.0,18065.797961894736,72.15556111624403,102.72425752181856
2026-09-05 18:18:40.690000+09:00,fall_risk,1236.0,-224.0,18120.0,21.0,71.706,991.0,926.0,906.0,2777.0,86.0,0.0,0.0,1400.0,918.7168588126957,2777.0,906.0,1871.0,18163.487330355918,73.26608185238261,95.90371677360152
2026-09-05 18:18:41.703000+09:00,fall_risk,1228.0,-292.0,18108.0,21.0,133.484,983.0,944.0,891.0,2803.0,80.0,0.0,0.0,1405.25,932.5957949008063,2803.0,891.0,1912.0,18151.939620877984,10.364301713093404,94.5857691902244
2026-09-05 18:18:42.726000+09:00,fall_risk,1256.0,-244.0,18184.0,21.0,811.24,968.0,965.0,883.0,2740.0,80.0,0.0,0.0,1389.0,901.527222735583,2740.0,883.0,1857.0,18228.958500144763,11.00085223971448,100.26750427910704
2026-09-05 18:18:43.684000+09:00,fall_risk,1300.0,-272.0,18132.0,21.0,71.689,984.0,971.0,937.0,2728.0,80.0,0.0,0.0,1405.0,882.2225720682205,2728.0,937.0,1791.0,18180.577768596904,6.584546301760784,59.39866016663326
2026-09-05 18:18:44.681000+09:00,fall_risk,1300.0,-300.0,18072.0,21.0,72.573,980.0,940.0,917.0,2746.0,74.0,0.0,0.0,1395.75,900.5429380842056,2746.0,917.0,1829.0,18121.18053549492,6.83053804615944,39.8024876042549
2026-09-05 18:18:45.694000+09:00,fall_risk,1244.0,-372.0,17968.0,21.0,93.109,953.0,981.0,916.0,2769.0,74.0,1.0,0.0,1404.75,909.8895079440507,2769.0,916.0,1853.0,18014.85342710287,7.3173594964325455,80.18310511571529
2026-09-05 18:18:46.689000+09:00,fall_risk,1324.0,-344.0,18092.0,21.0,60.792,969.0,951.0,915.0,991.0,74.0,0.0,0.0,956.5,32.14031735997639,991.0,915.0,76.0,18143.642853627825,197.83748065015394,79.94686654248189
2026-09-05 18:18:47.690000+09:00,fall_risk,1168.0,-260.0,17996.0,21.0,64.107,979.0,951.0,943.0,953.0,71.0,0.0,0.0,956.5,15.609825965290794,979.0,943.0,36.0,18035.73785571303,243.94757377354676,71.10281377448598
2026-09-05 18:18:48.691000+09:00,fall_risk,1204.0,-360.0,18116.0,21.0,49.164,971.0,949.0,924.0,920.0,71.0,0.0,0.0,941.0,23.762715894162152,971.0,920.0,51.0,18159.533914723692,245.9837774122514,65.48215054767998
2026-09-05 18:18:49.725000+09:00,fall_risk,1152.0,-212.0,18192.0,21.0,811.342,2281.0,949.0,934.0,926.0,71.0,0.0,0.0,1272.5,672.4009220695641,2281.0,926.0,1355.0,18229.67119835133,217.31256291342214,89.79246314337422
2026-09-05 18:18:50.681000+09:00,fall_risk,1240.0,-424.0,18032.0,21.0,36.346,3786.0,980.0,941.0,985.0,68.0,1.0,0.0,1673.0,1408.8039844728814,3786.0,941.0,2845.0,18079.55751670931,318.83016638956866,74.8696097943031
2026-09-05 18:18:51.746000+09:00,fall_risk,1232.0,-340.0,18128.0,19.0,812.294,1001.0,3764.0,923.0,990.0,68.0,1.0,0.0,1669.5,1396.7587479590024,3764.0,923.0,2841.0,18172.996670885073,361.6826993374165,77.35291017665931
2026-09-05 18:18:52.693000+09:00,fall_risk,1316.0,-372.0,18044.0,19.0,36.346,1015.0,947.0,980.0,1002.0,68.0,0.0,0.0,986.0,29.743346594938952,1015.0,947.0,68.0,18095.750219319452,354.8026564162112,60.91227705966639
2026-09-05 18:18:53.728000+09:00,fall_risk,1304.0,-328.0,18052.0,19.0,810.968,935.0,966.0,941.0,953.0,65.0,0.0,0.0,948.75,13.720422734012244,966.0,935.0,31.0,18102.008286375298,352.8076848652819,63.45132458283442
2026-09-05 18:18:54.708000+09:00,fall_risk,1200.0,-300.0,17988.0,18.0,396.95,986.0,973.0,965.0,980.0,65.0,0.0,0.0,976.0,9.055385138137417,986.0,965.0,21.0,18030.478196653577,384.1974427296466,51.302987466828895
2026-09-05 18:18:55.748000+09:00,fall_risk,1264.0,-388.0,18172.0,18.0,811.206,955.0,937.0,965.0,947.0,65.0,0.0,0.0,951.0,11.88836966675134,965.0,937.0,28.0,18220.039077894427,315.2715099719606,73.57286811740029
2026-09-05 18:18:56.681000+09:00,fall_risk,1180.0,-384.0,18084.0,18.0,35.071,2705.0,1780.0,935.0,937.0,63.0,0.0,0.0,1589.25,843.555323220317,2705.0,935.0,1770.0,18126.52509445757,279.4346636514519,68.64637950591468
2026-09-05 18:18:57.681000+09:00,fall_risk,1172.0,-388.0,18028.0,17.0,35.326,3301.0,967.0,935.0,941.0,63.0,1.0,0.0,1536.0,1176.7486279292334,3301.0,935.0,2366.0,18070.221692054583,331.5550199439002,71.32928920184887
2026-09-05 18:18:58.742000+09:00,fall_risk,1260.0,-300.0,17980.0,17.0,811.189,1257.0,3561.0,1183.0,1289.0,63.0,0.0,0.0,1822.5,1159.8498466037174,3561.0,1183.0,2378.0,18026.591469271167,390.85077075528466,80.75440444221405
2026-09-05 18:19:00.238000+09:00,fall_risk,1256.0,-324.0,18004.0,17.0,811.036,992.0,949.0,951.0,917.0,63.0,0.0,0.0,952.25,30.73949685122817,992.0,917.0,75.0,18050.665583296366,397.00713941943167,77.16104614608585
2026-09-05 18:19:00.680000+09:00,fall_risk,1304.0,-440.0,18028.0,18.0,68.323,971.0,948.0,907.0,983.0,63.0,0.0,0.0,952.25,33.48009358808106,983.0,907.0,76.0,18080.45353413459,396.67742719998586,37.277870113520386
2026-09-05 18:19:01.693000+09:00,fall_risk,1232.0,-400.0,18068.0,18.0,108.358,939.0,947.0,959.0,949.0,63.0,0.0,0.0,948.5,8.225975119502044,959.0,939.0,20.0,18114.371311199295,411.5422745599777,32.88013094784383
2026-09-05 18:19:02.726000+09:00,fall_risk,1216.0,-364.0,18288.0,18.0,811.546,990.0,1003.0,955.0,1001.0,63.0,1.0,0.0,987.25,22.246722605064026,1003.0,955.0,48.0,18331.996508836673,386.0160861285447,122.5430670532293
2026-09-05 18:19:03.686000+09:00,fall_risk,1516.0,-416.0,17688.0,19.0,113.169,1005.0,4095.0,980.0,997.0,63.0,1.0,0.0,1769.25,1550.5350420634377,4095.0,980.0,3115.0,17757.72102495137,362.22315290439406,205.28545815982847
2026-09-05 18:19:04.734000+09:00,fall_risk,1304.0,-312.0,18220.0,19.0,812.396,3213.0,2629.0,953.0,967.0,63.0,0.0,0.0,1940.5,1157.0288097824819,3213.0,953.0,2260.0,18269.26818457707,492.6509096205954,223.404609813146
2026-09-05 18:19:05.733000+09:00,fall_risk,1280.0,-240.0,18028.0,19.0,811.053,3258.0,2520.0,948.0,965.0,63.0,0.0,0.0,1922.75,1155.7137405084359,3258.0,948.0,2310.0,18074.976735807988,502.8385861785072,223.60370242024018
2026-09-05 18:19:06.744000+09:00,fall_risk,1268.0,-304.0,18100.0,20.0,812.141,3347.0,2405.0,974.0,975.0,63.0,0.0,0.0,1925.25,1163.240409373746,3347.0,974.0,2373.0,18146.907174502216,409.45039382079,224.2473314138611
2026-09-05 18:19:07.726000+09:00,fall_risk,1248.0,-280.0,17956.0,20.0,811.172,3213.0,2447.0,968.0,942.0,63.0,0.0,0.0,1892.5,1126.845301420445,3213.0,942.0,2271.0,18001.49549343054,69.7355271723103,190.96664224885
2026-09-05 18:19:08.749000+09:00,fall_risk,1348.0,-232.0,18148.0,20.0,811.427,2296.0,974.0,916.0,907.0,63.0,0.0,0.0,1273.25,682.4794868712172,2296.0,907.0,1389.0,18199.47339897504,289.87004631386117,104.51574671681846
2026-09-05 18:19:09.726000+09:00,fall_risk,1340.0,-244.0,18044.0,21.0,811.41,2905.0,948.0,935.0,966.0,63.0,0.0,0.0,1438.5,977.749286201052,2905.0,935.0,1970.0,18095.332878949754,311.22868400904184,74.80003326221043
2026-09-05 18:19:10.773000+09:00,fall_risk,1352.0,-248.0,18032.0,21.0,811.359,959.0,4095.0,956.0,969.0,63.0,0.0,0.0,1744.75,1566.8431904097274,4095.0,956.0,3139.0,18084.31452944789,287.2723337705878,74.018047807072
2026-09-05 18:19:11.732000+09:00,fall_risk,1336.0,-148.0,18236.0,21.0,811.036,1839.0,3389.0,967.0,937.0,66.0,1.0,0.0,1783.0,1149.48452215185,3389.0,937.0,2452.0,18285.472266255525,259.4999157032619,110.39564082417589
2026-09-05 18:19:12.725000+09:00,fall_risk,1300.0,-280.0,18096.0,22.0,811.053,1880.0,3491.0,969.0,1006.0,66.0,1.0,0.0,1836.5,1180.6141057376312,3491.0,969.0,2522.0,18144.79583792554,246.00123221236115,82.80262984340162
2026-09-05 18:19:13.737000+09:00,fall_risk,1240.0,-264.0,18132.0,22.0,811.342,1864.0,3501.0,949.0,949.0,66.0,0.0,0.0,1815.75,1203.4542990907464,3501.0,949.0,2552.0,18176.26804379821,163.16837545921703,80.7945752626136
2026-09-05 18:19:14.747000+09:00,fall_risk,1172.0,-364.0,18136.0,22.0,811.41,1840.0,3501.0,951.0,971.0,69.0,0.0,0.0,1815.75,1197.5044537147521,3501.0,951.0,2550.0,18177.474412029853,35.93857607084641,73.03952243708312
2026-09-05 18:19:15.732000+09:00,fall_risk,1208.0,-308.0,18144.0,22.0,811.359,1827.0,3511.0,979.0,969.0,69.0,0.0,0.0,1821.5,1195.9658579296206,3511.0,969.0,2542.0,18186.77717463982,19.547218472202445,53.45041508003285
2026-09-05 18:19:16.734000+09:00,fall_risk,1224.0,-312.0,18048.0,22.0,811.376,1919.0,3434.0,949.0,969.0,69.0,0.0,0.0,1817.75,1168.7056586954077,3434.0,949.0,2485.0,18092.148131164526,8.734629356762229,38.79589600200292
2026-09-05 18:19:17.732000+09:00,fall_risk,1172.0,-208.0,18164.0,22.0,811.155,1227.0,3578.0,1255.0,1221.0,72.0,0.0,0.0,1820.25,1171.9270099569626,3578.0,1221.0,2357.0,18202.95975933584,2.612470095525063,43.25093751328618
2026-09-05 18:19:18.728000+09:00,fall_risk,1256.0,-292.0,18020.0,22.0,811.138,3163.0,3503.0,969.0,1006.0,72.0,0.0,0.0,2160.25,1361.354074686915,3503.0,969.0,2534.0,18066.078711220096,152.71169732538505,61.605813281137294
2026-09-05 18:19:19.702000+09:00,fall_risk,1312.0,-232.0,18100.0,22.0,349.265,3167.0,3475.0,1001.0,965.0,72.0,0.0,0.0,2152.0,1355.7684168028109,3475.0,965.0,2510.0,18148.97154110943,184.22257258544627,59.12868116009001
2026-09-05 18:19:20.690000+09:00,fall_risk,1284.0,-276.0,18156.0,22.0,120.513,3176.0,3485.0,983.0,999.0,75.0,0.0,0.0,2160.75,1356.604677125949,3485.0,983.0,2502.0,18203.43835653034,185.53001778688005,62.82123496825221
2026-09-05 18:19:21.705000+09:00,fall_risk,1264.0,-344.0,18068.0,20.0,125.63,3191.0,3485.0,974.0,981.0,75.0,0.0,0.0,2157.75,1368.1133907684698,3485.0,974.0,2511.0,18115.425912740775,150.94663792214791,58.87517538270653
2026-09-05 18:19:22.736000+09:00,fall_risk,1240.0,-268.0,17952.0,20.0,811.614,3187.0,3473.0,947.0,927.0,75.0,1.0,0.0,2133.5,1386.5481119191886,3473.0,927.0,2546.0,17996.769932407315,11.361392960374157,78.98490008909987
2026-09-05 18:19:23.738000+09:00,fall_risk,1268.0,-292.0,18020.0,20.0,811.308,3211.0,3557.0,1187.0,1199.0,75.0,0.0,0.0,2288.5,1272.8460236807907,3557.0,1187.0,2370.0,18066.916947835896,62.395662910173805,78.8794387262369
2026-09-05 18:19:24.707000+09:00,fall_risk,1220.0,-144.0,18092.0,19.0,133.348,3199.0,3449.0,937.0,981.0,75.0,0.0,0.0,2141.5,1369.3603129442108,3449.0,937.0,2512.0,18133.65931079549,63.67412150944872,77.08563578871126
2026-09-05 18:19:25.730000+09:00,fall_risk,1260.0,-232.0,18144.0,19.0,399.024,3237.0,3401.0,968.0,991.0,71.0,0.0,0.0,2149.25,1352.4019064858887,3401.0,968.0,2433.0,18189.177001722754,64.58197310395556,72.58378093038438
2026-09-05 18:19:26.688000+09:00,fall_risk,1184.0,-380.0,17888.0,17.0,135.711,3195.0,3405.0,959.0,995.0,71.0,0.0,0.0,2138.5,1344.0023561487283,3405.0,959.0,2446.0,17931.168394725424,66.34992464200724,103.31173882978013
2026-09-05 18:19:27.976000+09:00,fall_risk,1304.0,-224.0,18132.0,17.0,133.705,3157.0,3461.0,919.0,985.0,71.0,0.0,0.0,2130.5,1366.72784415918,3461.0,919.0,2542.0,18180.209459739457,66.77752241585517,106.2042697671742
2026-09-05 18:19:28.683000+09:00,fall_risk,1284.0,-152.0,17944.0,17.0,129.591,3167.0,3411.0,964.0,979.0,69.0,0.0,0.0,2130.25,1341.7260959922733,3411.0,964.0,2447.0,17990.522393749437,7.990228407251232,117.12769145578115
2026-09-05 18:19:29.726000+09:00,fall_risk,1172.0,-264.0,17940.0,17.0,811.512,3196.0,3414.0,979.0,1000.0,69.0,0.0,0.0,2147.25,1339.8411286417506,3414.0,979.0,2435.0,17980.18019931947,8.973224058277177,121.21025741337985
2026-09-05 18:19:30.682000+09:00,fall_risk,1248.0,-196.0,18104.0,17.0,128.35,3177.0,3479.0,955.0,969.0,69.0,0.0,0.0,2145.0,1371.5752500926324,3479.0,955.0,2524.0,18148.022922621625,7.916359643172122,110.69909915347274
2026-09-05 18:19:31.680000+09:00,fall_risk,1232.0,-248.0,18184.0,17.0,80.733,3191.0,3423.0,967.0,996.0,69.0,0.0,0.0,2144.25,1346.0166851368028,3423.0,967.0,2456.0,18227.374577815644,8.358005144772557,113.1014301297813
2026-09-05 18:19:32.685000+09:00,fall_risk,1292.0,-224.0,18152.0,16.0,129.761,3275.0,3547.0,1163.0,1223.0,69.0,0.0,0.0,2302.0,1285.6018046035872,3547.0,1163.0,2384.0,18199.300645903953,72.00585913660113,116.53431675418116
2026-09-05 18:19:34.204000+09:00,fall_risk,1252.0,-248.0,18012.0,16.0,128.01,3183.0,3449.0,976.0,981.0,69.0,0.0,0.0,2147.25,1353.919833914352,3449.0,976.0,2473.0,18057.16345387614,69.80611541978286,102.5575250749998
2026-09-05 18:19:34.729000+09:00,fall_risk,1320.0,-288.0,18128.0,16.0,811.41,3161.0,3429.0,927.0,939.0,70.0,0.0,0.0,2114.0,1368.0921021627162,3429.0,927.0,2502.0,18178.276265916964,74.77361667058807,65.41434616247268
2026-09-05 18:19:35.725000+09:00,fall_risk,1284.0,-296.0,17928.0,17.0,811.478,3191.0,3415.0,968.0,973.0,70.0,0.0,0.0,2136.75,1349.772419088986,3415.0,968.0,2447.0,17976.35825188183,75.56383890459804,106.65289676041631
2026-09-05 18:19:36.687000+09:00,fall_risk,1204.0,-348.0,18092.0,17.0,129.234,3172.0,3421.0,989.0,989.0,70.0,0.0,0.0,2142.75,1336.108372600566,3421.0,989.0,2432.0,18135.357289008673,75.68879540592549,92.09852235385434
2026-09-05 18:19:37.717000+09:00,fall_risk,1304.0,-328.0,17928.0,17.0,127.857,3154.0,3401.0,941.0,942.0,73.0,0.0,0.0,2109.5,1352.4546819271493,3401.0,941.0,2460.0,17978.353206008607,17.189568057402017,91.1153756270486
2026-09-05 18:19:38.734000+09:00,fall_risk,1332.0,-224.0,18024.0,17.0,810.968,3193.0,3449.0,937.0,993.0,73.0,0.0,0.0,2143.0,1364.4378573854754,3449.0,937.0,2512.0,18074.53944088203,16.203201844081853,91.06826718276209
2026-09-05 18:19:40.197000+09:00,fall_risk,1192.0,-236.0,18008.0,17.0,811.342,3161.0,3435.0,951.0,941.0,73.0,0.0,0.0,2122.0,1362.533424666468,3435.0,941.0,2494.0,18048.950772828874,14.647312040100015,67.41648928141667
2026-09-05 18:19:40.683000+09:00,fall_risk,1216.0,-280.0,18060.0,17.0,120.394,3193.0,3430.0,1008.0,940.0,76.0,1.0,0.0,2142.75,1353.3049360731675,3430.0,940.0,2490.0,18103.05653750217,15.478816169205551,59.59894500933156
2026-09-05 18:19:41.719000+09:00,fall_risk,1236.0,-208.0,18136.0,18.0,811.257,2390.0,3390.0,922.0,943.0,76.0,0.0,0.0,1911.25,1201.669220986652,3390.0,922.0,2468.0,18179.258950793348,98.55826322536355,73.58617080955537
2026-09-05 18:19:44.195000+09:00,fall_risk,1408.0,-340.0,18304.0,18.0,118.592,1005.0,2299.0,970.0,960.0,76.0,0.0,0.0,1308.5,660.6151173969101,2299.0,960.0,1339.0,18361.222181543362,358.4717997974179,126.01769457045529
2026-09-05 18:19:44.269000+09:00,fall_risk,1248.0,-92.0,18072.0,18.0,120.088,1001.0,944.0,953.0,974.0,79.0,0.0,0.0,968.0,25.337718918639855,1001.0,944.0,57.0,18115.273997375807,526.1613642695556,120.85541622425531
2026-09-05 18:19:44.676000+09:00,fall_risk,1308.0,-304.0,18240.0,18.0,77.826,1011.0,941.0,936.0,969.0,79.0,0.0,0.0,964.25,34.38386249390839,1011.0,936.0,75.0,18289.36521588434,543.26626183668,112.38466619450797
2026-09-05 18:19:45.696000+09:00,fall_risk,1284.0,20.0,18008.0,18.0,105.417,975.0,939.0,901.0,935.0,79.0,0.0,0.0,937.5,30.259984578096972,975.0,901.0,74.0,18053.728700742126,416.639854970693,125.48152087287612
2026-09-05 18:19:46.735000+09:00,fall_risk,1292.0,-248.0,17712.0,18.0,812.498,954.0,989.0,925.0,995.0,76.0,1.0,0.0,965.75,32.633060945407294,995.0,925.0,70.0,17760.791423807666,156.8489918679751,234.64907930768214
2026-09-05 18:19:47.696000+09:00,fall_risk,1244.0,-340.0,18052.0,19.0,110.823,951.0,981.0,956.0,939.0,76.0,0.0,0.0,956.75,17.67059704707229,981.0,939.0,42.0,18098.00652005629,12.449146557098313,191.45122129181888
2026-09-05 18:19:48.682000+09:00,fall_risk,1304.0,-472.0,18080.0,19.0,127.789,991.0,927.0,973.0,985.0,76.0,0.0,0.0,969.0,28.982753492378876,991.0,927.0,64.0,18133.10784173524,12.647381151847723,192.81970839224454
2026-09-05 18:19:49.682000+09:00,fall_risk,1248.0,-336.0,18204.0,19.0,134.963,1005.0,949.0,952.0,985.0,73.0,0.0,0.0,972.75,26.98610753702727,1005.0,949.0,56.0,18249.82235529979,14.078574146557346,181.9222030603819
2026-09-05 18:19:51.218000+09:00,fall_risk,1084.0,-500.0,17916.0,20.0,128.52,1005.0,931.0,949.0,969.0,73.0,0.0,0.0,963.5,31.722757341273685,1005.0,931.0,74.0,17955.72644033095,6.029614415542069,187.82798872403689
2026-09-05 18:19:52.252000+09:00,fall_risk,1288.0,-496.0,18056.0,20.0,132.345,1204.0,1159.0,1177.0,1199.0,73.0,1.0,0.0,1184.75,20.79062288629179,1204.0,1159.0,45.0,18108.674606386852,98.23673574585075,104.91168612735059
2026-09-05 18:19:52.713000+09:00,fall_risk,1272.0,-464.0,18104.0,20.0,129.183,951.0,977.0,911.0,985.0,74.0,0.0,0.0,956.0,33.326665999866634,985.0,911.0,74.0,18154.5613001251,98.33765174133512,106.45831756989766
2026-09-05 18:19:53.687000+09:00,fall_risk,1248.0,-416.0,18032.0,21.0,130.39,973.0,953.0,907.0,926.0,74.0,0.0,0.0,939.75,29.11328448205962,973.0,907.0,66.0,18079.922123726086,102.12409730323256,107.52026852284106
2026-09-05 18:19:54.681000+09:00,fall_risk,1300.0,-432.0,18084.0,21.0,131.665,1002.0,937.0,938.0,999.0,74.0,0.0,0.0,969.0,36.39597047293377,1002.0,937.0,65.0,18135.812085484344,102.41835162704051,78.58079108636014
2026-09-05 18:19:55.691000+09:00,fall_risk,1308.0,-388.0,18060.0,21.0,132.77,1000.0,956.0,947.0,987.0,76.0,0.0,0.0,972.5,25.09315975852118,1000.0,947.0,53.0,18111.460681016317,101.63546994037127,28.4324298087592
2026-09-05 18:19:56.683000+09:00,fall_risk,1196.0,-560.0,17884.0,21.0,128.945,1011.0,939.0,901.0,999.0,76.0,0.0,0.0,962.5,51.70106381884226,1011.0,901.0,110.0,17932.692826232204,12.937832121345101,88.48983769984979
2026-09-05 18:19:57.682000+09:00,fall_risk,1248.0,-332.0,18088.0,21.0,130.883,1167.0,1246.0,1216.0,1207.0,76.0,0.0,0.0,1209.0,32.58834147360065,1246.0,1167.0,79.0,18134.04179988565,111.66697139261954,84.73092532364485
2026-09-05 18:19:58.674000+09:00,fall_risk,1388.0,-408.0,18048.0,21.0,54.604,968.0,954.0,931.0,979.0,76.0,1.0,0.0,958.0,20.704266871026046,979.0,931.0,48.0,18105.89163780674,109.0416204941953,85.60938257632175
2026-09-05 18:19:59.734000+09:00,fall_risk,1260.0,-480.0,18000.0,21.0,811.172,957.0,973.0,948.0,973.0,76.0,0.0,0.0,962.75,12.39287429668087,973.0,948.0,25.0,18050.42935777429,109.72300351339328,81.08154983761222
2026-09-05 18:20:00.672000+09:00,fall_risk,1112.0,-412.0,17916.0,21.0,80.41,956.0,915.0,937.0,937.0,76.0,0.0,0.0,936.25,16.760568804985905,956.0,915.0,41.0,17955.203813936503,114.17138980497747,89.30989845381579
2026-09-05 18:20:01.729000+09:00,fall_risk,1312.0,-384.0,18136.0,21.0,811.155,1250.0,1147.0,1169.0,1191.0,76.0,0.0,0.0,1189.25,44.30481538915004,1250.0,1147.0,103.0,18187.44885903463,135.72184330460632,88.55317196102816
2026-09-05 18:20:02.693000+09:00,fall_risk,1236.0,-396.0,18140.0,21.0,46.733,983.0,939.0,969.0,3335.0,76.0,0.0,0.0,1556.5,1185.8087254415584,3335.0,939.0,2396.0,18186.371600734437,264.6043863015126,98.13549255834924
2026-09-05 18:20:03.679000+09:00,fall_risk,1284.0,-332.0,17484.0,21.0,56.491,967.0,1001.0,971.0,3336.0,76.0,0.0,0.0,1568.75,1178.2643662042346,3336.0,967.0,2369.0,17534.22755641092,308.1880716380829,269.2002268141647
2026-09-05 18:20:04.672000+09:00,fall_risk,532.0,1752.0,16348.0,21.0,56.593,1007.0,940.0,3348.0,3199.0,76.0,1.0,0.0,2123.5,1329.5795074634186,3348.0,940.0,2408.0,16450.216776687168,449.412971274751,728.3152694782895
2026-09-05 18:20:05.674000+09:00,fall_risk,1292.0,-460.0,17984.0,21.0,36.346,971.0,969.0,2379.0,3177.0,76.0,0.0,0.0,1874.0,1093.5062871332748,3177.0,969.0,2208.0,18036.216898230072,353.99287598763925,737.2952787817554
2026-09-05 18:20:06.683000+09:00,fall_risk,1396.0,-588.0,18324.0,21.0,37.519,966.0,886.0,921.0,3003.0,76.0,0.0,0.0,1444.0,1039.8490275035122,3003.0,886.0,2117.0,18386.50418105628,279.3259520703368,775.9793652261583
2026-09-05 18:20:07.669000+09:00,fall_risk,1344.0,-460.0,18176.0,21.0,36.108,985.0,969.0,941.0,2979.0,75.0,0.0,0.0,1468.5,1007.1641706626913,2979.0,941.0,2038.0,18231.426493832016,294.06323724668493,782.9976016316518
2026-09-05 18:20:08.727000+09:00,fall_risk,1284.0,-536.0,17964.0,21.0,811.036,936.0,915.0,940.0,3047.0,75.0,0.0,0.0,1459.5,1058.3901297095824,3047.0,915.0,2132.0,18017.803639733673,309.5119949210371,782.9882771904162
2026-09-05 18:20:09.675000+09:00,fall_risk,1248.0,-484.0,17964.0,21.0,64.923,1000.0,927.0,954.0,3006.0,75.0,0.0,0.0,1471.75,1023.2772107303084,3006.0,927.0,2079.0,18013.801819715904,185.04023211183056,166.3666006285531
2026-09-05 18:20:10.984000+09:00,fall_risk,1376.0,-464.0,18080.0,21.0,70.941,1205.0,1251.0,1190.0,3116.0,72.0,0.0,0.0,1690.5,950.6876458648235,3116.0,1190.0,1926.0,18138.221301990998,103.22572353827377,156.8788835873284
2026-09-05 18:20:11.674000+09:00,fall_risk,1268.0,-416.0,18056.0,21.0,37.281,943.0,975.0,923.0,3029.0,72.0,0.0,0.0,1467.5,1041.2202776870351,3029.0,923.0,2106.0,18105.248299871506,100.13746801272804,90.74586731619996
2026-09-05 18:20:12.722000+09:00,fall_risk,1332.0,-396.0,17864.0,21.0,70.686,969.0,983.0,940.0,3027.0,72.0,1.0,0.0,1479.75,1031.6554253560957,3027.0,940.0,2087.0,17917.966848948014,99.04882003335592,86.5537330409602
2026-09-05 18:20:13.671000+09:00,fall_risk,1340.0,-480.0,18264.0,21.0,60.095,1004.0,971.0,958.0,3047.0,70.0,0.0,0.0,1495.0,1034.8478148984034,3047.0,958.0,2089.0,18319.380338865176,95.38812163996171,150.14705137902794
2026-09-05 18:20:14.674000+09:00,fall_risk,1244.0,-416.0,18012.0,21.0,66.317,973.0,987.0,947.0,2861.0,70.0,0.0,0.0,1442.0,946.1451615194503,2861.0,947.0,1914.0,18059.699222301573,100.03505635526044,144.955214616226
2026-09-05 18:20:15.699000+09:00,fall_risk,1200.0,-548.0,18052.0,21.0,56.967,959.0,965.0,968.0,2687.0,70.0,0.0,0.0,1394.75,861.508125324422,2687.0,959.0,1728.0,18100.13834201275,39.25772217029579,143.97424568935088
2026-09-05 18:20:16.721000+09:00,fall_risk,1260.0,-500.0,17888.0,21.0,811.206,975.0,978.0,937.0,2705.0,70.0,0.0,0.0,1398.75,871.0332465908903,2705.0,937.0,1768.0,17939.29050993935,45.65406608397693,160.75403975986168
2026-09-05 18:20:17.675000+09:00,fall_risk,1416.0,-484.0,17872.0,21.0,61.217,1007.0,984.0,965.0,2645.0,70.0,1.0,0.0,1400.25,830.0109939030929,2645.0,965.0,1680.0,17934.539191180796,43.00893802455639,157.03321546129754
2026-09-05 18:20:18.670000+09:00,fall_risk,1248.0,-452.0,18184.0,21.0,59.092,1019.0,976.0,985.0,2583.0,70.0,1.0,0.0,1390.75,795.0490026826438,2583.0,976.0,1607.0,18232.379548484612,20.846462529650797,123.90169235504437
2026-09-05 18:20:19.722000+09:00,fall_risk,1300.0,-524.0,18068.0,21.0,811.308,983.0,965.0,931.0,2683.0,70.0,0.0,0.0,1390.5,861.9363858970878,2683.0,931.0,1752.0,18122.28462418577,4.472135955014578,127.82058170455761
2026-09-05 18:20:20.684000+09:00,fall_risk,1116.0,-384.0,18024.0,21.0,41.225,981.0,942.0,914.0,2789.0,70.0,0.0,0.0,1406.5,922.0760995348124,2789.0,914.0,1875.0,18062.599148516805,6.7929191074334465,126.38845616657558
2026-09-05 18:20:21.671000+09:00,fall_risk,1356.0,-536.0,18028.0,21.0,51.136,949.0,951.0,933.0,2341.0,70.0,0.0,0.0,1293.5,698.3797916129398,2341.0,933.0,1408.0,18086.86860680975,46.77586183065078,107.49097571587798
2026-09-05 18:20:22.673000+09:00,fall_risk,1204.0,-536.0,17832.0,21.0,59.228,944.0,925.0,947.0,2542.0,70.0,0.0,0.0,1339.5,801.7258467414739,2542.0,925.0,1617.0,17880.63578287976,46.88936446573075,127.53153548469587
2026-09-05 18:20:23.688000+09:00,fall_risk,1188.0,-604.0,18096.0,20.0,50.983,972.0,963.0,938.0,2503.0,70.0,1.0,0.0,1344.0,772.8005348514367,2503.0,938.0,1565.0,18145.009672083397,44.87705427053044,104.88668229650501
2026-09-05 18:20:24.679000+09:00,fall_risk,1192.0,-516.0,17972.0,20.0,62.645,954.0,955.0,2547.0,1001.0,70.0,0.0,0.0,1364.25,788.804739252159,2547.0,954.0,1593.0,18018.87632456586,41.026820495867504,99.46149666199061
2026-09-05 18:20:25.686000+09:00,fall_risk,1248.0,-632.0,18108.0,20.0,74.562,1007.0,922.0,948.0,973.0,70.0,0.0,0.0,962.5,36.24453981866326,1007.0,922.0,85.0,18161.954520370324,168.7231460114472,114.23343601436694
2026-09-05 18:20:26.675000+09:00,fall_risk,1224.0,-320.0,18348.0,19.0,64.515,969.0,949.0,964.0,966.0,70.0,0.0,0.0,962.0,8.906926143924924,969.0,949.0,20.0,18391.565458111498,212.1736022694627,189.5085240464818
2026-09-05 18:20:27.680000+09:00,fall_risk,1236.0,-552.0,18056.0,19.0,115.413,1013.0,933.0,955.0,991.0,70.0,0.0,0.0,973.0,35.81433604950212,1013.0,933.0,80.0,18106.671035836487,212.84190141981009,138.28866653372893
2026-09-05 18:20:28.674000+09:00,fall_risk,1236.0,-424.0,17868.0,17.0,64.787,1011.0,969.0,921.0,1003.0,70.0,0.0,0.0,976.0,40.93897898091744,1011.0,921.0,90.0,17915.716452321965,177.149865932775,178.63227936384894
2026-09-05 18:20:30.062000+09:00,fall_risk,1296.0,-444.0,18064.0,17.0,64.464,1021.0,996.0,973.0,1035.0,70.0,1.0,0.0,1006.25,27.41502021398732,1035.0,973.0,62.0,18115.87281916055,18.04369696043871,170.11005144154007
2026-09-05 18:20:30.671000+09:00,fall_risk,1188.0,-284.0,18072.0,17.0,62.22,956.0,944.0,968.0,967.0,73.0,0.0,0.0,958.75,11.236102527122116,968.0,944.0,24.0,18113.23229023467,18.804421022731468,169.8155348183271
2026-09-05 18:20:31.672000+09:00,fall_risk,1280.0,-496.0,18196.0,16.0,50.473,1033.0,927.0,949.0,1007.0,73.0,0.0,0.0,979.0,49.34234151990222,1033.0,927.0,106.0,18247.70758204986,17.297579310416385,118.58474860767798
2026-09-05 18:20:32.688000+09:00,fall_risk,1268.0,-376.0,18160.0,16.0,60.639,998.0,967.0,971.0,987.0,73.0,0.0,0.0,980.75,14.38459824488215,998.0,967.0,31.0,18208.09709991684,17.01525051241224,128.32074117191385
2026-09-05 18:20:33.670000+09:00,fall_risk,1184.0,-312.0,18032.0,16.0,60.928,977.0,943.0,895.0,971.0,76.0,0.0,0.0,946.5,37.39429546512854,977.0,895.0,82.0,18073.522733545888,22.90810446108855,72.9265458376894
2026-09-05 18:20:34.672000+09:00,fall_risk,1172.0,-448.0,18092.0,14.0,73.202,995.0,971.0,990.0,984.0,76.0,0.0,0.0,985.0,10.36018017861337,995.0,971.0,24.0,18135.455660115076,16.585950379768565,71.02331844593623
2026-09-05 18:20:35.673000+09:00,fall_risk,1296.0,-532.0,18116.0,14.0,114.342,1263.0,1239.0,1175.0,1279.0,76.0,0.0,0.0,1239.0,45.723808531952656,1279.0,1175.0,104.0,18170.087946952815,120.02791342017134,66.97996385822331
2026-09-05 18:20:36.691000+09:00,fall_risk,1232.0,-456.0,18136.0,14.0,110.857,984.0,981.0,983.0,1002.0,77.0,1.0,0.0,987.5,9.746794344808963,1002.0,981.0,21.0,18183.516051633138,119.2526205162811,52.14620354440337
2026-09-05 18:20:37.671000+09:00,fall_risk,1348.0,-496.0,18052.0,14.0,109.361,981.0,984.0,951.0,977.0,77.0,0.0,0.0,973.25,15.107944929738128,984.0,951.0,33.0,18109.053647278204,120.03619245877532,44.820707206071326
2026-09-05 18:20:38.668000+09:00,fall_risk,1196.0,-392.0,18032.0,14.0,57.103,990.0,983.0,935.0,987.0,77.0,0.0,0.0,973.75,25.99198594438935,990.0,935.0,55.0,18075.87076740703,116.06294089846315,44.029682768593545
2026-09-05 18:20:39.667000+09:00,fall_risk,1264.0,-640.0,18180.0,14.0,43.078,1003.0,935.0,949.0,1001.0,77.0,0.0,0.0,972.0,35.11884584284246,1003.0,935.0,68.0,18235.12259350071,117.50726041398526,62.91379053105518
2026-09-05 18:20:40.684000+09:00,fall_risk,1376.0,-532.0,18140.0,15.0,40.052,991.0,957.0,3143.0,985.0,77.0,0.0,0.0,1519.0,1082.768057649775,3143.0,957.0,2186.0,18199.890109558353,242.63956035650938,66.06531490857311
2026-09-05 18:20:41.673000+09:00,fall_risk,1244.0,-424.0,18024.0,15.0,45.492,969.0,953.0,1111.0,959.0,77.0,1.0,0.0,998.0,75.62186632625955,1111.0,953.0,158.0,18071.853474394928,241.6269981810811,74.72589630364924
2026-09-05 18:20:42.688000+09:00,fall_risk,1344.0,-412.0,18244.0,15.0,60.231,947.0,923.0,915.0,2745.0,76.0,0.0,0.0,1382.5,908.4351013326892,2745.0,915.0,1830.0,18298.076838837464,261.84671088253174,99.80130578307184
2026-09-05 18:20:44.194000+09:00,fall_risk,1284.0,-500.0,18064.0,15.0,63.053,985.0,967.0,911.0,2711.0,76.0,0.0,0.0,1393.5,878.8983634831353,2711.0,911.0,1800.0,18116.477361783112,250.62546758061157,90.8505458011704
2026-09-05 18:20:44.676000+09:00,fall_risk,1192.0,-512.0,18012.0,15.0,85.867,997.0,978.0,977.0,2703.0,76.0,0.0,0.0,1413.75,859.5492520307761,2703.0,977.0,1726.0,18058.658643431965,199.43886908022762,99.98071797229784
2026-09-05 18:20:45.668000+09:00,fall_risk,1268.0,-440.0,17928.0,15.0,49.963,949.0,981.0,949.0,2747.0,73.0,0.0,0.0,1406.5,893.7939732772126,2747.0,949.0,1798.0,17978.170318472345,179.76178681800027,119.10263981516646
2026-09-05 18:20:46.683000+09:00,fall_risk,1176.0,-508.0,18160.0,15.0,64.906,941.0,927.0,923.0,2719.0,73.0,0.0,0.0,1377.5,894.3666287751722,2719.0,923.0,1796.0,18205.126750451367,15.396834090168847,124.70974269047964
2026-09-05 18:20:47.706000+09:00,fall_risk,1276.0,-364.0,17724.0,15.0,287.028,1001.0,998.0,949.0,2719.0,73.0,1.0,0.0,1416.75,868.4938591224081,2719.0,949.0,1770.0,17773.599747940763,16.183131649967688,163.80771648092264
2026-09-05 18:20:48.682000+09:00,fall_risk,1216.0,-480.0,17964.0,15.0,70.72,1011.0,974.0,988.0,2935.0,71.0,0.0,0.0,1477.0,972.1196771317134,2935.0,974.0,1961.0,18011.506100268238,36.3065937537548,155.91452310434215
2026-09-05 18:20:50.198000+09:00,fall_risk,1288.0,-320.0,18032.0,14.0,70.686,933.0,985.0,920.0,2949.0,71.0,0.0,0.0,1446.75,1001.8936653491061,2949.0,920.0,2029.0,18080.773434784252,38.22163981307168,158.10097111613013
2026-09-05 18:20:51.229000+09:00,fall_risk,1204.0,-416.0,18052.0,14.0,95.795,999.0,941.0,936.0,2957.0,71.0,0.0,0.0,1458.25,999.5757016521227,2957.0,936.0,2021.0,18096.888572348562,38.992387077482,161.04383853029555
2026-09-05 18:20:51.700000+09:00,fall_risk,1236.0,-892.0,18184.0,14.0,397.63,951.0,927.0,2277.0,3004.0,71.0,0.0,0.0,1789.75,1026.264220364327,3004.0,927.0,2077.0,18247.772905206817,153.6447200524645,173.0802833070459
2026-09-05 18:20:52.666000+09:00,fall_risk,1292.0,-632.0,17976.0,13.0,68.731,1021.0,955.0,1514.0,3039.0,71.0,0.0,0.0,1632.25,970.4333653923213,3039.0,955.0,2084.0,18033.44847775932,148.3825714159186,92.60277027637072
2026-09-05 18:20:53.688000+09:00,fall_risk,1332.0,-664.0,18080.0,13.0,359.499,1015.0,975.0,955.0,3037.0,71.0,1.0,0.0,1495.5,1027.9693575199603,3037.0,955.0,2082.0,18141.155420755316,145.98180537313607,81.14415311648914
2026-09-05 18:20:54.677000+09:00,fall_risk,1220.0,-480.0,18236.0,13.0,61.591,1332.0,1340.0,1289.0,3160.0,71.0,0.0,0.0,1780.25,920.1059268729153,3160.0,1289.0,1871.0,18283.065826058824,154.66197011547533,103.92503521755395
2026-09-05 18:20:55.692000+09:00,fall_risk,1324.0,-484.0,18196.0,13.0,84.949,1012.0,964.0,984.0,3039.0,71.0,0.0,0.0,1499.75,1026.3554858494854,3039.0,964.0,2075.0,18250.524595199997,143.79173307252464,103.13732794540606
2026-09-05 18:20:56.675000+09:00,fall_risk,1248.0,-532.0,18148.0,13.0,61.217,999.0,966.0,926.0,3015.0,71.0,0.0,0.0,1476.5,1026.1008722343042,3015.0,926.0,2089.0,18198.638190809772,129.4923501601549,98.64149551986696
2026-09-05 18:20:57.669000+09:00,fall_risk,1316.0,-412.0,18060.0,13.0,59.092,988.0,949.0,973.0,3067.0,71.0,0.0,0.0,1494.25,1048.6230256865429,3067.0,949.0,2118.0,18112.57022070584,129.439054191539,71.62701117314313
2026-09-05 18:21:37.640000+09:00,fall_risk,1304.0,-400.0,17952.0,13.0,59.211,989.0,981.0,938.0,2981.0,71.0,0.0,0.0,1472.25,1006.082625831497,2981.0,938.0,2043.0,18003.741833296765,132.24002797942902,112.94663456867886
2026-09-05 18:21:37.827000+09:00,fall_risk,1260.0,-368.0,18236.0,13.0,58.089,1008.0,969.0,989.0,3273.0,71.0,1.0,0.0,1559.75,1142.2776588903419,3273.0,969.0,2304.0,18283.181342425065,35.08650025294857,112.9756268563192
2026-09-05 18:21:38.371000+09:00,fall_risk,1216.0,-188.0,18020.0,13.0,58.021,1259.0,1263.0,1315.0,3156.0,71.0,0.0,0.0,1748.25,938.846588461963,3156.0,1259.0,1897.0,18061.960026530898,116.13924831856006,110.71327452736584
2026-09-05 18:21:38.586000+09:00,fall_risk,1256.0,-556.0,18212.0,14.0,26.945,981.0,1015.0,954.0,2891.0,71.0,0.0,0.0,1460.25,954.159796190694,2891.0,954.0,1937.0,18263.724045221446,118.91152172939407,123.58263778575314
2026-09-05 18:21:38.724000+09:00,fall_risk,1280.0,-488.0,18028.0,14.0,78.523,1012.0,965.0,956.0,2923.0,71.0,0.0,0.0,1464.0,972.9765327762707,2923.0,956.0,1967.0,18079.970353957997,122.96361250386295,126.54801622391163
2026-09-05 18:21:38.813000+09:00,fall_risk,1232.0,-532.0,18144.0,14.0,347.922,989.0,971.0,951.0,2897.0,71.0,0.0,0.0,1452.0,963.458354055846,2897.0,951.0,1946.0,18193.55886021204,126.08387585254569,102.12409542417758
2026-09-05 18:21:41.822000+09:00,fall_risk,1272.0,-296.0,18180.0,19.0,62.339,983.0,957.0,939.0,935.0,65.0,0.0,0.0,953.5,21.870832936432333,983.0,935.0,48.0,18226.84832877039,287.1644019546994,89.7695839449527
2026-09-05 18:21:42.843000+09:00,fall_risk,1380.0,-264.0,18228.0,18.0,109.412,966.0,957.0,947.0,958.0,65.0,0.0,0.0,957.0,7.788880963698615,966.0,947.0,19.0,18282.069904690772,275.8152461340745,79.9050981061654
2026-09-05 18:21:43.853000+09:00,fall_risk,1400.0,-188.0,18088.0,18.0,104.805,988.0,983.0,937.0,967.0,65.0,1.0,0.0,968.75,22.983689869122408,988.0,937.0,51.0,18143.07272762803,272.9941849197527,77.51801678563079
2026-09-05 18:21:44.827000+09:00,fall_risk,1284.0,-352.0,17844.0,18.0,65.62,1015.0,987.0,953.0,1014.0,65.0,1.0,0.0,992.25,29.204737058680507,1015.0,953.0,62.0,17893.599302543913,217.03768393990964,150.84035941902184
2026-09-05 18:21:45.823000+09:00,fall_risk,1396.0,-212.0,18192.0,17.0,104.686,992.0,965.0,909.0,951.0,65.0,0.0,0.0,954.25,34.635001563928554,992.0,909.0,83.0,18246.715430454875,16.342620658881987,156.63121516475744
2026-09-05 18:21:46.832000+09:00,fall_risk,1380.0,-228.0,19644.0,17.0,85.476,1011.0,1015.0,974.0,973.0,65.0,0.0,0.0,993.25,22.86737122335374,1015.0,973.0,42.0,19693.733013321777,18.74966666370675,710.6627427260589
2026-09-05 18:21:47.825000+09:00,fall_risk,1308.0,336.0,17964.0,17.0,83.776,951.0,957.0,971.0,965.0,65.0,0.0,0.0,961.0,8.793937305515279,971.0,951.0,20.0,18014.69000565927,17.95967705723341,736.2311010786427
2026-09-05 18:21:48.827000+09:00,fall_risk,908.0,4148.0,17444.0,16.0,67.048,1031.0,991.0,997.0,1007.0,65.0,0.0,0.0,1006.5,17.61628034896508,1031.0,991.0,40.0,17953.370268559607,22.5910657119162,757.2635929849286
2026-09-05 18:21:49.876000+09:00,fall_risk,848.0,10388.0,13652.0,16.0,65.756,1007.0,1048.0,995.0,1045.0,65.0,1.0,0.0,1023.75,26.750389405265363,1048.0,995.0,53.0,17175.760594512256,29.64635306408051,918.7263957934737
2026-09-05 18:21:50.831000+09:00,fall_risk,5056.0,-25192.0,28712.0,16.0,66.589,1119.0,1065.0,1083.0,1099.0,65.0,0.0,1.0,1091.5,23.0,1119.0,1065.0,54.0,38530.23415449224,48.45081268668375,9134.064450854175
2026-09-05 18:21:51.831000+09:00,fall_risk,1364.0,-316.0,17888.0,15.0,66.045,1042.0,947.0,991.0,1047.0,65.0,0.0,0.0,1006.75,47.19021791289659,1047.0,947.0,100.0,17942.71150077379,47.28391639870913,9289.941487500078
2026-09-05 18:21:53.267000+09:00,fall_risk,1312.0,-420.0,18036.0,15.0,65.994,1048.0,1035.0,971.0,1205.0,65.0,0.0,0.0,1064.75,99.37261527536984,1205.0,971.0,234.0,18088.53338443999,37.90638138889168,9282.229740629715
2026-09-05 18:21:53.827000+09:00,fall_risk,1344.0,-308.0,18092.0,15.0,61.251,1113.0,1016.0,1017.0,997.0,65.0,0.0,0.0,1035.75,52.31554899517606,1113.0,997.0,116.0,18144.466484303142,33.73147639816723,9262.092475469302
2026-09-05 18:21:54.826000+09:00,fall_risk,1348.0,-620.0,18012.0,16.0,63.767,1020.0,1035.0,1021.0,993.0,65.0,0.0,0.0,1017.25,17.55704986607944,1035.0,993.0,42.0,18073.00882531738,34.83819742753797,9153.890520619729
2026-09-05 18:21:55.837000+09:00,fall_risk,1240.0,-432.0,17748.0,16.0,63.75,981.0,968.0,989.0,999.0,65.0,0.0,0.0,984.25,13.098982148752373,999.0,968.0,31.0,17796.508871124133,30.399424336656672,139.92899254162126
2026-09-05 18:21:56.820000+09:00,fall_risk,1448.0,-236.0,18160.0,16.0,65.025,1012.0,946.0,947.0,1011.0,65.0,0.0,0.0,979.0,37.532208390483326,1012.0,946.0,66.0,18219.165732821028,35.864501948306966,160.3006885142659
2026-09-05 18:21:57.838000+09:00,fall_risk,1324.0,-344.0,18232.0,15.0,62.917,1069.0,1001.0,1013.0,983.0,65.0,1.0,0.0,1016.5,37.107950630558946,1069.0,983.0,86.0,18283.24741395795,24.095772450787198,188.77166708388881
2026-09-05 18:21:58.818000+09:00,fall_risk,1356.0,-524.0,18156.0,15.0,63.342,1008.0,991.0,979.0,953.0,65.0,0.0,0.0,982.75,23.128265535198842,1008.0,953.0,55.0,18214.105742528234,19.199121073635506,195.03534107866767
2026-09-05 18:21:59.840000+09:00,fall_risk,1588.0,-464.0,18352.0,15.0,64.124,1427.0,1429.0,1445.0,1417.0,65.0,0.0,0.0,1429.5,11.590225767142474,1445.0,1417.0,28.0,18426.419728205477,196.84786320912937,234.96494009390054
2026-09-05 18:22:00.823000+09:00,fall_risk,1300.0,-444.0,18140.0,15.0,66.436,1036.0,1043.0,991.0,1049.0,65.0,0.0,0.0,1029.75,26.37391387969054,1049.0,991.0,58.0,18191.94151265884,192.40898822560266,95.39172060481941
2026-09-05 18:22:01.829000+09:00,fall_risk,1336.0,-348.0,18100.0,15.0,98.209,1011.0,1003.0,974.0,1039.0,65.0,0.0,0.0,1006.75,26.737925623852473,1039.0,974.0,65.0,18152.57557483235,188.8644851474202,107.60240553731512
2026-09-05 18:22:02.821000+09:00,fall_risk,1280.0,-420.0,18104.0,15.0,65.297,1019.0,995.0,935.0,986.0,65.0,1.0,0.0,983.75,35.358874416474286,1019.0,935.0,84.0,18154.052329989576,192.71173420422562,114.04011509952777
2026-09-05 18:22:03.824000+09:00,fall_risk,1344.0,-520.0,17756.0,15.0,65.467,967.0,939.0,979.0,1005.0,65.0,1.0,0.0,972.5,27.392213005402343,1005.0,939.0,66.0,17814.38385125907,194.140525779653,218.40651561158006
2026-09-05 18:22:04.827000+09:00,fall_risk,1336.0,-488.0,18056.0,15.0,93.313,1049.0,987.0,997.0,3045.0,65.0,0.0,0.0,1519.5,1017.3630948027684,3045.0,987.0,2058.0,18111.934628857292,234.1747077504317,153.8909852772463
2026-09-05 18:22:05.827000+09:00,fall_risk,1320.0,-516.0,18412.0,15.0,174.233,1001.0,1031.0,979.0,2524.0,65.0,0.0,0.0,1383.75,760.4653728693592,2524.0,979.0,1545.0,18466.466906260113,258.9075003741686,231.16537720669177
2026-09-05 18:22:06.826000+09:00,fall_risk,1364.0,-468.0,18100.0,15.0,67.881,1011.0,1019.0,995.0,995.0,65.0,0.0,0.0,1005.0,12.0,1019.0,995.0,24.0,18157.354432846212,259.1898797214122,231.2408440111404
2026-09-05 18:22:07.823000+09:00,fall_risk,1316.0,-564.0,17980.0,15.0,84.099,1041.0,1007.0,1016.0,987.0,65.0,0.0,0.0,1012.75,22.396056200441482,1041.0,987.0,54.0,18036.916366164147,254.1749766401093,235.46248804943875
2026-09-05 18:22:08.834000+09:00,fall_risk,1348.0,-556.0,18076.0,15.0,85.629,1014.0,1011.0,985.0,983.0,65.0,1.0,0.0,998.25,16.520189667999176,1014.0,983.0,31.0,18134.71852552446,249.16401475734833,165.62111737632173
2026-09-05 18:22:09.818000+09:00,fall_risk,1296.0,-552.0,18048.0,15.0,65.45,991.0,957.0,942.0,987.0,65.0,0.0,0.0,969.25,23.66960075708925,991.0,942.0,49.0,18102.889935035233,174.04600684876422,166.61697346143046
2026-09-05 18:22:10.821000+09:00,fall_risk,1432.0,-680.0,18364.0,15.0,69.615,1053.0,1015.0,1002.0,1019.0,65.0,0.0,0.0,1022.25,21.746647251166483,1053.0,1002.0,51.0,18432.295570546823,20.124611797500094,151.96914850649244
2026-09-05 18:22:11.824000+09:00,fall_risk,1292.0,-560.0,18160.0,15.0,70.482,983.0,968.0,947.0,1001.0,65.0,0.0,0.0,974.75,22.89650628371062,1001.0,947.0,54.0,18214.512455731558,23.131688222005767,152.66175578386628
2026-09-05 18:22:12.835000+09:00,fall_risk,1224.0,-568.0,18148.0,15.0,70.176,973.0,951.0,955.0,2839.0,65.0,0.0,0.0,1429.5,939.7153824430034,2839.0,951.0,1888.0,18198.09616415959,197.17016762177812,128.94362738255415
2026-09-05 18:22:13.819000+09:00,fall_risk,1308.0,-608.0,18184.0,15.0,84.388,1068.0,969.0,1005.0,1908.0,65.0,1.0,0.0,1237.5,448.8685776482912,1908.0,969.0,939.0,18241.117948196046,201.71364294464587,120.58084852472622
2026-09-05 18:22:14.834000+09:00,fall_risk,1312.0,-620.0,17916.0,15.0,83.198,997.0,957.0,931.0,3403.0,0.0,0.0,0.0,1572.0,1220.9684680613173,3403.0,931.0,2472.0,17974.671067922216,256.73620946411137,162.71335861631331
2026-09-05 18:22:15.835000+09:00,fall_risk,1328.0,-580.0,18044.0,14.0,65.467,1055.0,995.0,981.0,3179.0,0.0,0.0,0.0,1552.5,1084.8082779920146,3179.0,981.0,2198.0,18102.097116080226,250.01324964889375,109.24331582193692
2026-09-05 18:22:16.826000+09:00,fall_risk,1300.0,-612.0,18048.0,14.0,63.767,1005.0,999.0,972.0,3111.0,0.0,0.0,0.0,1521.75,1059.597211208108,3111.0,972.0,2139.0,18105.10557826162,137.21761913107247,102.88644722578952
2026-09-05 18:22:17.820000+09:00,fall_risk,1356.0,-608.0,17840.0,14.0,65.042,1035.0,964.0,983.0,3129.0,70.0,0.0,0.0,1527.75,1067.9217746008678,3129.0,964.0,2165.0,17901.787620235023,138.3141126205134,131.1485534097529
2026-09-05 18:22:18.831000+09:00,fall_risk,1284.0,-548.0,18236.0,14.0,56.644,1051.0,1013.0,969.0,3059.0,70.0,1.0,0.0,1523.0,1024.5480304342334,3059.0,969.0,2090.0,18289.359092105988,22.082657222355955,148.03551881428118
2026-09-05 18:22:19.818000+09:00,fall_risk,1304.0,-652.0,18196.0,14.0,75.14,1002.0,966.0,949.0,3001.0,70.0,1.0,0.0,1479.5,1014.5739664180888,3001.0,949.0,2052.0,18254.31280547148,26.289612967863786,153.5633174045217
2026-09-05 18:22:20.828000+09:00,fall_risk,1296.0,-480.0,18028.0,14.0,55.284,1011.0,987.0,953.0,2973.0,73.0,0.0,0.0,1481.0,994.9512550874038,2973.0,953.0,2020.0,18080.89599549757,24.16389351905177,154.83223290535184
2026-09-05 18:22:21.821000+09:00,fall_risk,1436.0,-628.0,18196.0,14.0,65.756,1011.0,995.0,997.0,3187.0,73.0,0.0,0.0,1547.5,1093.0231775523641,3187.0,995.0,2192.0,18263.37581062165,30.192093335839957,165.24619939557996
2026-09-05 18:22:22.837000+09:00,fall_risk,1240.0,-576.0,17848.0,14.0,71.638,1019.0,984.0,943.0,2537.0,76.0,0.0,0.0,1370.75,778.120117119887,2537.0,943.0,1594.0,17900.292735036484,67.71530476930654,165.82586418934764
2026-09-05 18:22:23.816000+09:00,fall_risk,1360.0,-584.0,18100.0,14.0,64.175,998.0,979.0,970.0,983.0,76.0,0.0,0.0,982.5,11.67618659209133,998.0,970.0,28.0,18160.41453271373,226.9080210129207,149.43827094682334
2026-09-05 18:22:24.815000+09:00,fall_risk,1372.0,-596.0,17888.0,14.0,65.807,1379.0,1337.0,1335.0,1299.0,76.0,0.0,0.0,1337.5,32.715949219506584,1379.0,1299.0,80.0,17950.43576072737,218.87279410653136,148.97819772106013
2026-09-05 18:22:25.832000+09:00,fall_risk,1340.0,-440.0,18124.0,14.0,65.756,959.0,939.0,955.0,988.0,79.0,0.0,0.0,960.25,20.41853732926692,988.0,939.0,49.0,18178.79467951602,257.74208280760064,156.817330530612
2026-09-05 18:22:26.831000+09:00,fall_risk,1352.0,-632.0,18100.0,14.0,68.459,987.0,1010.0,989.0,985.0,79.0,0.0,0.0,992.75,11.615363389350618,1010.0,985.0,25.0,18161.42417323047,206.40849970386412,133.66491837605983
2026-09-05 18:22:27.815000+09:00,fall_risk,1380.0,-576.0,17980.0,14.0,70.465,1033.0,1005.0,1071.0,973.0,79.0,1.0,0.0,1020.5,41.645327869202006,1071.0,973.0,98.0,18042.077929107832,157.35066332875778,99.17973808999938
2026-09-05 18:22:28.818000+09:00,fall_risk,1344.0,-556.0,18072.0,14.0,92.514,997.0,975.0,927.0,973.0,82.0,0.0,0.0,968.0,29.416548630546945,997.0,927.0,70.0,18130.43452319883,159.2285503607945,95.34265275373974
2026-09-05 18:22:29.816000+09:00,fall_risk,1300.0,-656.0,18004.0,14.0,67.167,1033.0,1011.0,985.0,973.0,82.0,0.0,0.0,1000.5,26.851443164195103,1033.0,973.0,60.0,18062.789153394886,24.516958416574955,60.2219566523734
2026-09-05 18:22:30.823000+09:00,fall_risk,1348.0,-592.0,18004.0,14.0,66.759,1022.0,969.0,979.0,1041.0,82.0,0.0,0.0,1002.75,34.33535592747899,1041.0,969.0,72.0,18064.09654535759,19.08255093010538,51.041362299135656
2026-09-05 18:22:31.830000+09:00,fall_risk,1308.0,-396.0,18356.0,14.0,66.215,1048.0,975.0,997.0,2935.0,85.0,0.0,0.0,1488.75,964.6513618919531,2935.0,975.0,1960.0,18406.80352478398,220.3137393582163,152.13440460244686
2026-09-05 18:22:32.816000+09:00,fall_risk,1288.0,-812.0,18024.0,14.0,71.383,1042.0,1031.0,3737.0,1543.0,85.0,0.0,0.0,1838.25,1288.16287143099,3737.0,1031.0,2706.0,18088.19681449757,389.0632419671641,145.88912763333704
2026-09-05 18:22:34.228000+09:00,fall_risk,1284.0,-812.0,17400.0,14.0,92.616,1017.0,991.0,2934.0,1013.0,85.0,0.0,0.0,1488.75,963.5678059517486,2934.0,991.0,1943.0,17466.195922409664,360.09436263290775,340.8495774076878
2026-09-05 18:22:34.819000+09:00,fall_risk,1336.0,-576.0,18056.0,14.0,73.185,1017.0,955.0,3046.0,1035.0,88.0,1.0,0.0,1513.25,1022.4077382988322,3046.0,955.0,2091.0,18114.519259422814,298.5120181835232,343.3395273761867
2026-09-05 18:22:35.843000+09:00,fall_risk,1240.0,-544.0,18068.0,14.0,71.111,1048.0,979.0,3029.0,1017.0,88.0,0.0,0.0,1518.25,1007.5618674139403,3029.0,979.0,2050.0,18118.668825275217,150.8793392085215,345.6350948482439
2026-09-05 18:22:36.817000+09:00,fall_risk,1332.0,-560.0,18096.0,14.0,72.08,1005.0,985.0,3047.0,1005.0,88.0,0.0,0.0,1510.5,1024.3767210683122,3047.0,985.0,2062.0,18153.59578706103,148.26184606971574,292.7550382742621
2026-09-05 18:22:37.825000+09:00,fall_risk,1224.0,-644.0,18088.0,14.0,70.907,980.0,979.0,3031.0,960.0,88.0,0.0,0.0,1487.5,1029.0411394432522,3031.0,960.0,2071.0,18140.800864349952,14.448832132739453,298.14113993457266
2026-09-05 18:22:38.821000+09:00,fall_risk,1292.0,-544.0,18024.0,14.0,91.222,991.0,1021.0,2989.0,1021.0,88.0,0.0,0.0,1505.5,989.101107066411,2989.0,991.0,1998.0,18078.434002977137,11.836120563769352,28.782157988614784
2026-09-05 18:22:39.820000+09:00,fall_risk,1380.0,-580.0,18132.0,14.0,92.446,1051.0,973.0,2989.0,1014.0,88.0,1.0,0.0,1506.75,988.6800544159875,2989.0,973.0,2016.0,18193.68637742225,11.323923789927399,42.6298403962214
2026-09-05 18:22:40.823000+09:00,fall_risk,1240.0,-532.0,18068.0,14.0,92.803,1023.0,1007.0,2852.0,1016.0,84.0,0.0,0.0,1474.5,918.3566845186025,2852.0,1007.0,1845.0,18118.312504204136,15.378962903917945,42.66850360083042
2026-09-05 18:22:41.816000+09:00,fall_risk,1364.0,-512.0,18144.0,14.0,93.177,983.0,1011.0,2733.0,1033.0,84.0,0.0,0.0,1440.0,862.2428118962005,2733.0,983.0,1750.0,18202.40028128159,27.439478858026497,51.98830030374447
2026-09-05 18:22:42.828000+09:00,fall_risk,1340.0,-496.0,17924.0,14.0,87.482,983.0,955.0,2873.0,1021.0,84.0,0.0,0.0,1458.0,943.7210039695701,2873.0,955.0,1918.0,17980.861825841384,29.29825080103048,91.06468736519638
2026-09-05 18:22:43.829000+09:00,fall_risk,1328.0,-524.0,18100.0,14.0,76.466,996.0,1015.0,2879.0,989.0,81.0,0.0,0.0,1469.75,939.5642163613228,2879.0,989.0,1890.0,18156.215464683162,24.56967134497496,89.94910026489787
2026-09-05 18:22:44.871000+09:00,fall_risk,1284.0,-532.0,18072.0,15.0,811.138,965.0,950.0,2797.0,994.0,81.0,0.0,0.0,1426.5,913.8491852233242,2797.0,950.0,1847.0,18125.365210113698,20.225293570182934,82.81859994935863
2026-09-05 18:22:45.858000+09:00,fall_risk,1304.0,-540.0,17840.0,15.0,811.308,987.0,950.0,2815.0,997.0,81.0,1.0,0.0,1437.25,918.7224372282777,2815.0,950.0,1865.0,17895.74295747455,17.323574977471687,128.76040415371932
2026-09-05 18:22:46.864000+09:00,fall_risk,1372.0,-464.0,17996.0,15.0,811.087,1041.0,952.0,2808.0,1032.0,78.0,0.0,0.0,1458.25,900.722071451566,2808.0,952.0,1856.0,18054.187769046825,17.58497227748975,106.38531939463182
2026-09-05 18:22:47.853000+09:00,fall_risk,1264.0,-600.0,18104.0,14.0,687.038,964.0,971.0,2861.0,972.0,78.0,0.0,0.0,1442.0,946.0066948318424,2861.0,964.0,1897.0,18157.987553691077,17.205558694796377,110.16321127552017
2026-09-05 18:22:48.843000+09:00,fall_risk,1384.0,-540.0,18216.0,14.0,420.546,1039.0,959.0,2271.0,1011.0,78.0,0.0,0.0,1320.0,634.8658650980274,2271.0,959.0,1312.0,18276.479748573027,55.30749271120579,140.49171477621948
2026-09-05 18:22:49.834000+09:00,fall_risk,1320.0,-488.0,18084.0,14.0,153.544,1017.0,971.0,2429.0,1043.0,77.0,0.0,0.0,1365.0,709.9577452215026,2429.0,971.0,1458.0,18138.676908749436,59.30509042232447,141.17079255963688
2026-09-05 18:22:50.876000+09:00,fall_risk,1356.0,-440.0,17960.0,13.0,811.053,953.0,943.0,2514.0,985.0,77.0,0.0,0.0,1348.75,777.03984239334,2514.0,943.0,1571.0,18016.490668273884,60.28562224942263,101.1671135614807
2026-09-05 18:22:51.868000+09:00,fall_risk,1316.0,-508.0,18024.0,13.0,811.172,1020.0,1016.0,2487.0,1014.0,77.0,0.0,0.0,1384.25,735.1708984991177,2487.0,1014.0,1473.0,18079.117677585928,45.67172265198763,97.10555609034822
2026-09-05 18:22:52.868000+09:00,fall_risk,1296.0,-492.0,18040.0,13.0,811.223,998.0,934.0,2518.0,955.0,74.0,0.0,0.0,1351.25,778.2893099612766,2518.0,934.0,1584.0,18093.183246736877,23.59594774532441,97.38622232436252
2026-09-05 18:22:53.866000+09:00,fall_risk,1240.0,-556.0,18052.0,12.0,810.9,1039.0,1008.0,2362.0,1019.0,74.0,0.0,0.0,1357.0,670.1228743049044,2362.0,1008.0,1354.0,18103.078191291115,14.294885449001715,44.712901245553894
2026-09-05 18:22:54.816000+09:00,fall_risk,1368.0,-444.0,18116.0,12.0,74.375,995.0,1007.0,2014.0,984.0,74.0,1.0,0.0,1250.0,509.4199315561442,2014.0,984.0,1030.0,18173.00239366077,51.31976958249209,56.00977584239312
2026-09-05 18:22:55.814000+09:00,fall_risk,1352.0,-484.0,18000.0,12.0,65.331,1021.0,970.0,2227.0,1016.0,74.0,0.0,0.0,1308.5,612.7634127458982,2227.0,970.0,1257.0,18057.191365215134,52.406285405474804,43.72565632007481
2026-09-05 18:22:56.838000+09:00,fall_risk,1408.0,-560.0,18048.0,13.0,60.928,1002.0,989.0,2277.0,1031.0,74.0,0.0,0.0,1324.75,635.0760453153097,2277.0,989.0,1288.0,18111.498226264994,42.970702228379764,42.01782008949355
2026-09-05 18:22:57.819000+09:00,fall_risk,1340.0,-488.0,18384.0,13.0,68.748,1039.0,983.0,2311.0,975.0,74.0,0.0,0.0,1327.0,656.6175954592343,2311.0,975.0,1336.0,18439.229918844227,39.554708948494124,152.38875972815956
2026-09-05 18:22:59.186000+09:00,fall_risk,1360.0,-552.0,18280.0,13.0,39.831,1010.0,947.0,2205.0,1017.0,74.0,0.0,0.0,1294.75,607.6492272136395,2205.0,947.0,1258.0,18338.830497062783,31.37026856754787,160.1502999880903
2026-09-05 18:22:59.820000+09:00,fall_risk,1288.0,-544.0,18140.0,13.0,41.446,958.0,935.0,981.0,3255.0,74.0,0.0,0.0,1532.25,1148.6535233335885,3255.0,935.0,2320.0,18193.803340698174,98.58869737449663,158.760102799245
2026-09-05 18:23:00.816000+09:00,fall_risk,1392.0,-464.0,18188.0,13.0,72.93,1047.0,1005.0,988.0,2281.0,74.0,1.0,0.0,1330.25,634.3182035330007,2281.0,988.0,1293.0,18247.09028859122,96.34320162834572,127.23362179727597
2026-09-05 18:23:01.812000+09:00,fall_risk,1280.0,-440.0,18092.0,13.0,70.465,985.0,979.0,920.0,2265.0,74.0,0.0,0.0,1287.25,652.4928479812378,2265.0,920.0,1345.0,18142.559466624327,101.28153829795477,118.23891690118275
2026-09-05 18:23:02.810000+09:00,fall_risk,1276.0,-456.0,18124.0,13.0,57.29,1033.0,965.0,967.0,2285.0,74.0,0.0,0.0,1312.5,649.1027140086022,2285.0,965.0,1320.0,18174.583571570492,102.4593821960687,76.80911563097885
2026-09-05 18:23:03.826000+09:00,fall_risk,1328.0,-516.0,18104.0,13.0,136.901,1014.0,996.0,989.0,2310.0,74.0,0.0,0.0,1327.25,655.2512876751941,2310.0,989.0,1321.0,18159.974008791974,98.93741708777362,40.18374579995378
2026-09-05 18:23:04.853000+09:00,fall_risk,1308.0,-440.0,17996.0,13.0,137.87,1043.0,967.0,1135.0,2277.0,72.0,0.0,0.0,1355.5,618.1615215028081,2277.0,967.0,1310.0,18048.83597354688,25.070774818503,71.26303380331231
2026-09-05 18:23:05.863000+09:00,fall_risk,1376.0,-464.0,18124.0,14.0,812.039,1399.0,1319.0,1610.0,2387.0,72.0,1.0,0.0,1678.75,487.86089205838175,2387.0,1319.0,1068.0,18182.080409018105,162.05159286474196,54.01450884598927
2026-09-05 18:23:06.815000+09:00,fall_risk,1312.0,-496.0,18168.0,14.0,135.014,1031.0,1014.0,1344.0,2216.0,72.0,1.0,0.0,1401.25,563.9570757897567,2216.0,1014.0,1202.0,18222.06311041645,151.24456601808902,64.95850837548358
2026-09-05 18:23:07.812000+09:00,fall_risk,1300.0,-416.0,17992.0,14.0,70.38,1003.0,987.0,1356.0,2205.0,69.0,0.0,0.0,1387.75,570.8294403760199,2205.0,987.0,1218.0,18043.700285695282,141.94712924184162,80.79729544950885
2026-09-05 18:23:08.831000+09:00,fall_risk,1304.0,-528.0,18104.0,16.0,105.961,989.0,983.0,1395.0,2186.0,69.0,0.0,0.0,1388.25,565.7086264146942,2186.0,983.0,1203.0,18158.579680140185,133.25262661576355,80.6760356577482
2026-09-05 18:23:09.832000+09:00,fall_risk,1252.0,-480.0,18096.0,16.0,110.432,997.0,973.0,1429.0,2248.0,69.0,0.0,0.0,1411.75,595.5755619566672,2248.0,973.0,1275.0,18145.608835197567,126.28469820211826,66.35876159438142
2026-09-05 18:23:10.818000+09:00,fall_risk,1376.0,-428.0,18352.0,16.0,128.826,990.0,955.0,1421.0,2190.0,66.0,0.0,0.0,1389.0,574.5090657828357,2190.0,955.0,1235.0,18408.488911369124,10.6295578459355,135.06025486675546
2026-09-05 18:23:11.815000+09:00,fall_risk,5640.0,15104.0,22148.0,16.0,132.804,1063.0,1043.0,999.0,2265.0,66.0,0.0,1.0,1342.5,615.5807556012994,2265.0,999.0,1266.0,27394.78636529221,25.245420376775023,4119.099014849881
2026-09-05 18:23:12.821000+09:00,fall_risk,372.0,480.0,18820.0,16.0,65.739,1071.0,1009.0,1181.0,2206.0,66.0,0.0,1.0,1366.75,564.0025856914724,2206.0,1009.0,1197.0,18829.795113064825,26.164503626097858,4038.5349121438853
2026-09-05 18:23:13.819000+09:00,fall_risk,1880.0,-2796.0,12572.0,16.0,126.905,1053.0,999.0,1013.0,1059.0,63.0,0.0,0.0,1031.0,29.5296461204668,1059.0,999.0,60.0,13015.652115818093,157.07933902967662,5178.5013419915795
2026-09-05 18:23:14.823000+09:00,fall_risk,1228.0,-536.0,18164.0,15.0,181.356,1011.0,985.0,970.0,1480.0,63.0,0.0,0.0,1111.5,246.249873096414,1480.0,970.0,510.0,18213.351586130433,164.7983237172032,5175.275214142118
2026-09-05 18:23:15.860000+09:00,fall_risk,1200.0,-332.0,18044.0,15.0,811.325,1031.0,999.0,987.0,1047.0,63.0,1.0,0.0,1016.0,27.784887978899608,1047.0,987.0,60.0,18086.905760798334,169.45725862293446,5189.122231807833
2026-09-05 18:23:16.823000+09:00,fall_risk,1292.0,-344.0,18032.0,15.0,115.532,1007.0,989.0,969.0,947.0,63.0,0.0,0.0,978.0,25.84569596664017,1007.0,947.0,60.0,18081.499495340533,156.5141367417017,2384.596381695111
2026-09-05 18:23:17.817000+09:00,fall_risk,1280.0,-340.0,18184.0,15.0,63.631,1047.0,1017.0,996.0,979.0,63.0,0.0,0.0,1009.75,29.295904150580505,1047.0,979.0,68.0,18232.16542268087,49.87609647917633,2298.7613117554524
2026-09-05 18:23:18.828000+09:00,fall_risk,1248.0,-296.0,18048.0,15.0,116.195,1015.0,1002.0,949.0,1011.0,63.0,0.0,0.0,994.25,30.652623596249203,1015.0,949.0,66.0,18093.518839628738,52.20709961298468,74.60839743232495
2026-09-05 18:23:19.809000+09:00,fall_risk,1364.0,-428.0,18176.0,15.0,61.71,1007.0,1013.0,1007.0,1234.0,63.0,0.0,0.0,1065.25,112.53554993867493,1234.0,1007.0,227.0,18232.132513779074,32.884551844294684,79.44676171771198
2026-09-05 18:23:20.818000+09:00,fall_risk,1240.0,-316.0,18172.0,14.0,59.925,997.0,952.0,935.0,999.0,63.0,1.0,0.0,970.75,32.23223024655084,999.0,935.0,64.0,18216.99865510233,37.617981072887275,76.82381496712665
2026-09-05 18:23:21.815000+09:00,fall_risk,1296.0,-272.0,17996.0,14.0,63.75,1043.0,959.0,984.0,1033.0,63.0,1.0,0.0,1004.75,39.936407783708674,1043.0,959.0,84.0,18044.65616186687,34.868682223452396,88.47020904054268
2026-09-05 18:23:22.813000+09:00,fall_risk,1228.0,-304.0,17924.0,14.0,64.77,1034.0,972.0,1000.0,1017.0,63.0,0.0,0.0,1005.75,26.437032107758743,1034.0,972.0,62.0,17968.58859231854,34.89161790459286,112.801535364029
2026-09-05 18:23:23.812000+09:00,fall_risk,1020.0,76.0,17208.0,14.0,56.865,974.0,988.0,951.0,1006.0,63.0,0.0,0.0,979.75,23.214578752729214,1006.0,951.0,55.0,17238.371152751064,36.881567211821476,408.0817344694142
2026-09-05 18:23:24.811000+09:00,fall_risk,1392.0,368.0,17436.0,14.0,74.171,1019.0,1005.0,958.0,3579.0,63.0,0.0,0.0,1640.25,1292.7632871746732,3579.0,958.0,2621.0,17495.347495834427,291.093198134206,409.31253128216593
2026-09-05 18:23:25.813000+09:00,fall_risk,1108.0,-344.0,18080.0,14.0,109.973,1035.0,985.0,985.0,2975.0,62.0,0.0,0.0,1495.0,986.9481580441126,2975.0,985.0,1990.0,18117.185211836855,317.0412828008367,385.17340256734906
2026-09-05 18:23:26.814000+09:00,fall_risk,1244.0,-368.0,17992.0,14.0,70.754,1021.0,985.0,937.0,2873.0,62.0,1.0,0.0,1454.0,946.6255859631093,2873.0,937.0,1936.0,18038.70904471825,302.2981454623897,384.131919849854
2026-09-05 18:23:27.807000+09:00,fall_risk,1260.0,-324.0,18104.0,14.0,56.916,1048.0,1005.0,959.0,2840.0,62.0,0.0,0.0,1463.0,918.7190357593918,2840.0,959.0,1881.0,18150.685717074164,250.01766187611648,414.87475621086844
2026-09-05 18:23:28.810000+09:00,fall_risk,1228.0,-300.0,18036.0,14.0,64.498,1039.0,979.0,975.0,2816.0,62.0,0.0,0.0,1452.25,909.637794216284,2816.0,975.0,1841.0,18080.245573553475,79.77480021911741,272.15520067764925
2026-09-05 18:23:29.827000+09:00,fall_risk,1308.0,-304.0,17992.0,14.0,136.306,1001.0,981.0,1011.0,2775.0,62.0,0.0,0.0,1442.0,888.754184237689,2775.0,981.0,1794.0,18042.04378666674,20.287003228670816,48.36889577860398
2026-09-05 18:23:30.855000+09:00,fall_risk,1232.0,-344.0,17800.0,14.0,811.376,1367.0,1250.0,1311.0,2873.0,62.0,0.0,0.0,1700.25,783.2919315300012,2873.0,1250.0,1623.0,17845.900369552666,110.90837998095591,113.12794665004785
2026-09-05 18:23:31.812000+09:00,fall_risk,1244.0,-292.0,18260.0,14.0,108.239,1007.0,986.0,982.0,2729.0,62.0,1.0,0.0,1426.0,868.7358631943314,2729.0,982.0,1747.0,18304.655145618013,114.60221965564237,167.03221149466506
2026-09-05 18:23:32.813000+09:00,fall_risk,1168.0,-264.0,17960.0,14.0,111.69,1014.0,983.0,979.0,2711.0,62.0,0.0,0.0,1421.75,859.6423190296454,2711.0,979.0,1732.0,17999.875555125374,119.03379247087823,165.75072757767967
2026-09-05 18:23:33.829000+09:00,fall_risk,1284.0,-396.0,18064.0,14.0,136.544,1018.0,975.0,943.0,2827.0,62.0,0.0,0.0,1440.75,924.6773761696562,2827.0,943.0,1884.0,18113.905376809274,120.01518133136368,167.72731938790554
2026-09-05 18:23:34.810000+09:00,fall_risk,1204.0,-292.0,18140.0,14.0,77.163,1039.0,997.0,978.0,2747.0,62.0,0.0,0.0,1440.25,871.5393947875601,2747.0,978.0,1769.0,18182.257285606756,120.17856506049696,175.26011379189117
2026-09-05 18:23:35.860000+09:00,fall_risk,1228.0,-468.0,18192.0,14.0,811.172,1016.0,1016.0,988.0,2748.0,62.0,0.0,0.0,1442.0,870.7667119651891,2748.0,988.0,1760.0,18239.404376239923,9.520701129649005,117.43992003892922
2026-09-05 18:23:36.867000+09:00,fall_risk,1248.0,-308.0,18072.0,14.0,811.308,1012.0,985.0,948.0,1011.0,62.0,0.0,0.0,989.0,30.055504210266268,1012.0,948.0,64.0,18117.65856836915,200.16298046841754,89.5013086251377
2026-09-05 18:23:37.815000+09:00,fall_risk,1268.0,-372.0,18064.0,14.0,56.967,981.0,975.0,937.0,934.0,62.0,1.0,0.0,956.75,24.689741459426696,981.0,934.0,47.0,18112.269432624948,256.6568112285355,56.475750222001096
2026-09-05 18:23:38.838000+09:00,fall_risk,1248.0,-396.0,18236.0,14.0,472.073,1046.0,1039.0,969.0,1031.0,62.0,0.0,0.0,1021.25,35.36830030785572,1046.0,969.0,77.0,18282.943307903133,248.68759267402163,74.77746742493267
2026-09-05 18:23:39.820000+09:00,fall_risk,1284.0,-436.0,18176.0,14.0,204.799,1067.0,974.0,1035.0,1033.0,63.0,0.0,0.0,1027.25,38.76746918057286,1067.0,974.0,93.0,18226.511679419076,200.3040657350721,76.6843122368581
2026-09-05 18:23:40.857000+09:00,fall_risk,1260.0,-388.0,18204.0,16.0,812.226,1019.0,951.0,991.0,1000.0,63.0,0.0,0.0,990.25,28.651643350193137,1019.0,951.0,68.0,18251.6782789967,28.428418879707102,78.60325950342052
2026-09-05 18:23:41.883000+09:00,fall_risk,1224.0,-196.0,18132.0,16.0,811.359,1043.0,975.0,981.0,1039.0,63.0,0.0,0.0,1009.5,36.492008257516694,1043.0,975.0,68.0,18174.322986015188,28.48245073725376,67.36749826485045
2026-09-05 18:23:42.811000+09:00,fall_risk,1264.0,-228.0,18080.0,16.0,64.056,1043.0,985.0,983.0,1047.0,62.0,1.0,0.0,1014.5,35.26565846069894,1047.0,983.0,64.0,18125.564267078695,14.161347040450895,62.666563286420036
2026-09-05 18:23:43.821000+09:00,fall_risk,1352.0,-260.0,18060.0,17.0,78.506,1055.0,1001.0,1000.0,1043.0,62.0,1.0,0.0,1024.75,28.429737951659,1055.0,1000.0,55.0,18112.40193900301,14.772229012579219,60.92609876815085
2026-09-05 18:23:44.808000+09:00,fall_risk,1296.0,-244.0,17860.0,17.0,74.545,1772.0,998.0,999.0,971.0,62.0,0.0,0.0,1185.0,391.54820903689495,1772.0,971.0,801.0,17908.622280901454,79.36927144682689,127.38634479449631
2026-09-05 18:23:45.820000+09:00,fall_risk,1244.0,-288.0,18348.0,17.0,278.443,1005.0,1012.0,983.0,1055.0,63.0,0.0,0.0,1013.75,30.148244835589793,1055.0,983.0,72.0,18392.378421509275,75.95372768995666,172.73050034982154
2026-09-05 18:23:46.820000+09:00,fall_risk,1476.0,284.0,18924.0,18.0,72.964,997.0,983.0,983.0,979.0,63.0,0.0,0.0,985.5,7.895146188218008,997.0,979.0,18.0,18983.59839440352,79.77574036008748,416.6941550553585
2026-09-05 18:23:47.853000+09:00,fall_risk,1264.0,-380.0,18052.0,18.0,811.291,1011.0,1001.0,943.0,999.0,63.0,0.0,0.0,988.5,30.78419507907697,1011.0,943.0,68.0,18100.18784432913,83.01788210982072,419.56328669320925
2026-09-05 18:23:48.829000+09:00,fall_risk,1272.0,-312.0,18052.0,18.0,397.256,1003.0,1002.0,927.0,986.0,63.0,1.0,0.0,979.5,35.85619425798933,1003.0,927.0,76.0,18099.44838938469,87.37963149384467,421.0442962777348
2026-09-05 18:23:49.829000+09:00,fall_risk,1304.0,-312.0,18132.0,17.0,75.701,1047.0,973.0,983.0,1017.0,63.0,0.0,0.0,1005.0,33.7441352929167,1047.0,973.0,74.0,18181.506648240127,14.342245291449055,373.09682063476305
2026-09-05 18:23:50.820000+09:00,fall_risk,1224.0,-328.0,18184.0,17.0,73.916,1019.0,1008.0,1001.0,1035.0,63.0,0.0,0.0,1015.75,14.818344486930156,1035.0,1001.0,34.0,18228.099626675295,15.026643005012554,375.8121413504953
2026-09-05 18:23:51.817000+09:00,fall_risk,1248.0,-344.0,18112.0,17.0,73.644,1005.0,953.0,979.0,1001.0,63.0,0.0,0.0,984.5,23.909551787239064,1005.0,953.0,52.0,18158.204316506628,15.187988675268775,55.08032594876174
2026-09-05 18:23:52.833000+09:00,fall_risk,1304.0,-284.0,18260.0,18.0,74.494,1369.0,1462.0,1356.0,1417.0,63.0,0.0,0.0,1401.0,48.394214530251446,1462.0,1356.0,106.0,18308.704814923418,181.6410952950903,78.56571707670496
2026-09-05 18:23:53.808000+09:00,fall_risk,1196.0,-336.0,18112.0,18.0,77.18,1005.0,1019.0,966.0,1033.0,63.0,1.0,0.0,1005.75,28.860295678781025,1033.0,966.0,67.0,18154.554690214794,178.4646848819118,64.35723546412379
2026-09-05 18:23:54.810000+09:00,fall_risk,1284.0,-348.0,18148.0,18.0,67.184,1019.0,985.0,985.0,1015.0,64.0,0.0,0.0,1001.0,18.547236990991408,1019.0,985.0,34.0,18196.693765626766,178.90680185504428,63.24845129404961
2026-09-05 18:23:55.811000+09:00,fall_risk,1324.0,-376.0,18060.0,20.0,69.87,1045.0,983.0,985.0,1039.0,64.0,0.0,0.0,1013.0,33.58571124749333,1045.0,983.0,62.0,18112.370137560683,179.16389145137498,74.75549595389057
2026-09-05 18:23:57.172000+09:00,fall_risk,1160.0,-244.0,18036.0,20.0,61.914,1061.0,998.0,996.0,1046.0,64.0,0.0,0.0,1025.25,33.20015060206806,1061.0,996.0,65.0,18074.911673366485,174.54113053948083,90.21031309225815
2026-09-05 18:23:57.808000+09:00,fall_risk,1196.0,-328.0,17856.0,20.0,77.435,3148.0,1001.0,1011.0,984.0,0.0,0.0,0.0,1536.0,1074.7244608115452,3148.0,984.0,2164.0,17899.014944962753,234.85337180888013,114.80768180408472
2026-09-05 18:23:58.844000+09:00,fall_risk,1204.0,-328.0,18104.0,18.0,78.71,2700.0,1359.0,1325.0,1387.0,0.0,0.0,0.0,1692.75,671.9783602666582,2700.0,1325.0,1375.0,18146.9561083946,334.08132430592417,113.74368364817035
2026-09-05 18:23:59.807000+09:00,fall_risk,1192.0,-332.0,18056.0,18.0,77.452,2587.0,1047.0,951.0,1041.0,0.0,1.0,0.0,1406.5,788.2239529473841,2587.0,951.0,1636.0,18098.34865395183,305.4205809208019,97.09972980420454
2026-09-05 18:24:00.826000+09:00,fall_risk,1256.0,-300.0,18012.0,18.0,77.435,2600.0,970.0,998.0,1043.0,70.0,0.0,0.0,1402.75,798.7329027904134,2600.0,970.0,1630.0,18058.230256589377,246.92398881032216,93.63768796246434
2026-09-05 18:24:01.810000+09:00,fall_risk,1220.0,-332.0,18160.0,19.0,76.16,2580.0,995.0,982.0,1017.0,70.0,0.0,0.0,1393.5,791.1318895523468,2580.0,982.0,1598.0,18203.96176660454,129.47217365132974,115.55014547929439
2026-09-05 18:24:02.806000+09:00,fall_risk,1268.0,-300.0,18076.0,19.0,77.452,2580.0,971.0,987.0,1020.0,70.0,0.0,0.0,1389.5,793.9288381208986,2580.0,971.0,1609.0,18122.902637270887,131.96578628568878,54.50709206057295
2026-09-05 18:24:03.826000+09:00,fall_risk,1344.0,-300.0,18112.0,19.0,77.435,2565.0,997.0,985.0,990.0,73.0,0.0,0.0,1384.25,787.1820522174863,2565.0,985.0,1580.0,18164.274827253634,9.218527539693284,56.67261609612775
2026-09-05 18:24:04.810000+09:00,fall_risk,1276.0,-256.0,18028.0,17.0,77.044,2572.0,999.0,1015.0,1017.0,73.0,0.0,0.0,1400.75,780.8748832772977,2572.0,999.0,1573.0,18074.913443776157,7.706734068338103,60.72196983720452
2026-09-05 18:24:05.833000+09:00,fall_risk,1264.0,-284.0,18000.0,17.0,76.636,2575.0,987.0,999.0,1037.0,73.0,0.0,0.0,1399.5,783.9564188567286,2575.0,987.0,1588.0,18046.560669556955,6.894291116574888,64.05579091549701
2026-09-05 18:24:06.806000+09:00,fall_risk,1196.0,-260.0,17968.0,17.0,76.585,2569.0,984.0,1003.0,1016.0,72.0,0.0,0.0,1393.0,784.1101113151561,2569.0,984.0,1585.0,18009.637420003768,6.8979163520648346,61.177896015143
2026-09-05 18:24:07.812000+09:00,fall_risk,1344.0,-256.0,18156.0,15.0,77.061,2541.0,1006.0,1003.0,994.0,72.0,0.0,0.0,1386.0,770.0168829317965,2541.0,994.0,1547.0,18207.476706012836,7.540308349138211,82.66097859449008
2026-09-05 18:24:08.804000+09:00,fall_risk,1264.0,-360.0,18136.0,15.0,77.435,2539.0,968.0,953.0,1001.0,72.0,0.0,0.0,1365.25,782.756826862596,2539.0,953.0,1586.0,18183.558287639964,14.468284279764617,86.72604747445959
2026-09-05 18:24:09.842000+09:00,fall_risk,1240.0,-260.0,18212.0,15.0,77.435,2479.0,982.0,996.0,1013.0,71.0,1.0,0.0,1367.5,741.1084041263239,2479.0,982.0,1497.0,18256.016652052003,15.278661590600281,106.80998596920028
2026-09-05 18:24:10.803000+09:00,fall_risk,1120.0,-380.0,18160.0,14.0,76.976,2535.0,990.0,973.0,957.0,71.0,0.0,0.0,1363.75,780.9495822394682,2535.0,957.0,1578.0,18198.472463369006,13.442702481275258,94.21876809384605
2026-09-05 18:24:11.813000+09:00,fall_risk,1244.0,-368.0,17996.0,14.0,75.31,2508.0,970.0,951.0,1010.0,71.0,0.0,0.0,1359.75,765.8948470035992,2508.0,951.0,1557.0,18042.698689497643,10.209370695595473,80.17372301355411
2026-09-05 18:24:12.825000+09:00,fall_risk,1284.0,-372.0,18144.0,14.0,76.177,2517.0,1031.0,1013.0,995.0,71.0,0.0,0.0,1389.0,752.1436033098998,2517.0,995.0,1522.0,18193.179381295617,11.504618637750845,79.09139409156268
2026-09-05 18:24:13.813000+09:00,fall_risk,1256.0,-352.0,18108.0,13.0,76.568,2518.0,987.0,991.0,1001.0,71.0,0.0,0.0,1374.25,762.5227319015917,2518.0,987.0,1531.0,18154.919553663683,11.465437191842458,79.33383557945918
2026-09-05 18:24:14.805000+09:00,fall_risk,1256.0,-340.0,18016.0,13.0,76.602,2489.0,985.0,932.0,972.0,71.0,0.0,0.0,1344.5,763.333260553126,2489.0,932.0,1557.0,18062.928666193642,16.606662819485567,73.17822822693883
2026-09-05 18:24:15.809000+09:00,fall_risk,1248.0,-348.0,18148.0,13.0,76.636,2518.0,982.0,996.0,1016.0,71.0,0.0,0.0,1378.0,760.1280593864869,2518.0,982.0,1536.0,18194.188962413245,17.279503754450953,72.20120267608961
2026-09-05 18:24:16.804000+09:00,fall_risk,1224.0,-276.0,18048.0,13.0,76.636,2513.0,975.0,1005.0,1019.0,71.0,0.0,0.0,1378.0,756.8892477326741,2513.0,975.0,1538.0,18091.563116546895,16.729465024324146,59.73092039580063
2026-09-05 18:24:17.806000+09:00,fall_risk,1248.0,-340.0,18156.0,13.0,77.027,2670.0,1389.0,1333.0,1375.0,71.0,0.0,0.0,1691.75,652.6006308097881,2670.0,1333.0,1337.0,18202.01747059924,145.15933056472838,61.81628769032601
2026-09-05 18:24:18.809000+09:00,fall_risk,1120.0,-272.0,18256.0,13.0,76.16,2531.0,1005.0,1000.0,1022.0,71.0,0.0,0.0,1389.5,761.058254450122,2531.0,1000.0,1531.0,18292.345940310664,143.76191254988257,92.44686567527486
2026-09-05 18:24:19.805000+09:00,fall_risk,1216.0,-332.0,18104.0,13.0,76.602,2577.0,975.0,1001.0,1030.0,71.0,0.0,0.0,1395.75,787.8203581189474,2577.0,975.0,1602.0,18147.82896106308,137.25576035270828,74.17476930184114
2026-09-05 18:24:20.811000+09:00,fall_risk,1272.0,-312.0,18176.0,13.0,76.602,2475.0,979.0,981.0,987.0,71.0,0.0,0.0,1355.5,746.3410748444708,2475.0,979.0,1496.0,18223.12552774633,140.399942129618,76.11694712456972
2026-09-05 18:24:22.176000+09:00,fall_risk,1240.0,-264.0,17964.0,13.0,77.435,2533.0,1030.0,995.0,1031.0,71.0,1.0,0.0,1397.25,757.3516906519278,2533.0,995.0,1538.0,18008.681017775845,138.45321863358788,106.32044560864573
2026-09-05 18:24:22.805000+09:00,fall_risk,1304.0,-300.0,18012.0,13.0,76.619,2505.0,1014.0,955.0,971.0,71.0,0.0,0.0,1361.25,762.9068859740792,2505.0,955.0,1550.0,18061.63226289363,19.922192399434525,115.47795518848265
2026-09-05 18:24:23.848000+09:00,fall_risk,-1484.0,352.0,28832.0,13.0,810.747,1061.0,1015.0,987.0,978.0,71.0,0.0,1.0,1010.25,37.3217988133834,1061.0,978.0,83.0,28872.311719015503,165.32732683981826,4813.607229659133
2026-09-05 18:24:24.817000+09:00,fall_risk,1184.0,-200.0,17688.0,13.0,56.576,1018.0,993.0,966.0,1018.0,71.0,0.0,0.0,998.75,24.810951882854745,1018.0,966.0,52.0,17728.711177070938,201.59997519841139,4863.038131450002
2026-09-05 18:24:25.835000+09:00,fall_risk,1304.0,-336.0,18052.0,13.0,75.361,979.0,1014.0,970.0,1045.0,71.0,0.0,0.0,1002.0,34.38022687534217,1045.0,970.0,75.0,18102.155009832393,206.15146130939766,4875.485791521771
2026-09-05 18:24:26.816000+09:00,fall_risk,1260.0,-152.0,18184.0,13.0,118.915,1044.0,971.0,996.0,1045.0,71.0,1.0,0.0,1014.0,36.669696844488186,1045.0,971.0,74.0,18228.235240966143,158.87917972472067,4852.259158672387
2026-09-05 18:24:27.846000+09:00,fall_risk,1788.0,-1216.0,21528.0,13.0,810.832,1064.0,1000.0,1005.0,1062.0,71.0,1.0,0.0,1032.75,34.99880950356264,1064.0,1000.0,64.0,21636.32094419012,13.343303563963882,4720.231493572202
2026-09-05 18:24:28.844000+09:00,fall_risk,1296.0,-280.0,18200.0,13.0,526.711,1032.0,3627.0,1012.0,1011.0,71.0,0.0,0.0,1670.5,1304.3691962017501,3627.0,1011.0,2616.0,18248.233229548554,294.8472379894377,1605.4664774831083
2026-09-05 18:24:29.851000+09:00,fall_risk,1288.0,-268.0,18264.0,13.0,810.611,1013.0,3529.0,978.0,1015.0,71.0,0.0,0.0,1633.75,1263.6142277873682,3529.0,978.0,2551.0,18311.320651444013,348.69760359084796,1528.6008436693849
2026-09-05 18:24:30.854000+09:00,fall_risk,1292.0,-292.0,18064.0,13.0,811.053,1005.0,3487.0,971.0,957.0,71.0,0.0,0.0,1605.0,1254.8285407443786,3487.0,957.0,2530.0,18112.499109730827,336.64360791495824,1527.2485967744212
2026-09-05 18:24:31.850000+09:00,fall_risk,1264.0,-352.0,18116.0,13.0,811.019,1020.0,3405.0,943.0,968.0,71.0,0.0,0.0,1584.0,1214.4235944128666,3405.0,943.0,2462.0,18163.453856576947,266.0956947227823,1534.7063845402615
2026-09-05 18:24:32.860000+09:00,fall_risk,1556.0,-220.0,26628.0,13.0,811.019,1063.0,3539.0,982.0,1020.0,71.0,0.0,0.0,1651.0,1259.10153151629,3539.0,982.0,2557.0,26674.330731997758,34.748021526414014,3786.638515502346
2026-09-05 18:24:33.847000+09:00,fall_risk,840.0,2536.0,11160.0,13.0,810.628,1717.0,3131.0,1567.0,1652.0,71.0,0.0,0.0,2016.75,745.368085802802,3131.0,1567.0,1564.0,11475.299386072678,179.98859338858153,5395.690342731147
2026-09-05 18:24:34.845000+09:00,fall_risk,868.0,2656.0,15340.0,13.0,595.986,1047.0,3252.0,1003.0,983.0,71.0,0.0,0.0,1571.25,1120.8188598817683,3252.0,983.0,2269.0,15592.413539923831,187.584864128213,5559.935088412213
2026-09-05 18:24:35.826000+09:00,fall_risk,600.0,3876.0,12316.0,13.0,329.579,1053.0,3405.0,1015.0,1071.0,71.0,0.0,0.0,1636.0,1179.5643263510474,3405.0,1015.0,2390.0,12925.449005740575,184.7457205187718,6000.9617248737695
2026-09-05 18:24:36.799000+09:00,fall_risk,940.0,2528.0,14168.0,12.0,63.682,1054.0,1951.0,981.0,999.0,71.0,0.0,1.0,1246.25,470.858347418131,1951.0,981.0,970.0,14422.434191217515,274.13631417599555,6047.403751439428
2026-09-05 18:24:37.843000+09:00,fall_risk,1260.0,-120.0,17888.0,12.0,811.036,1043.0,2249.0,979.0,995.0,71.0,0.0,0.0,1316.5,622.2611991760373,2249.0,979.0,1270.0,17932.722715750668,305.04889976854554,2480.241532724557
2026-09-05 18:24:38.846000+09:00,fall_risk,1624.0,-412.0,17996.0,12.0,810.985,1079.0,2650.0,1023.0,1063.0,71.0,0.0,0.0,1453.75,797.8476776093709,2650.0,1023.0,1627.0,18073.824609085925,164.7043753213621,2231.7057679575037
2026-09-05 18:24:39.853000+09:00,fall_risk,2912.0,-632.0,19584.0,13.0,811.24,1662.0,3083.0,1689.0,1635.0,71.0,0.0,0.0,2017.25,710.8419303895909,3083.0,1635.0,1448.0,19809.397365896824,308.415679319324,2849.8811472272128
2026-09-05 18:24:40.886000+09:00,fall_risk,1280.0,-228.0,17304.0,13.0,670.548,1021.0,1011.0,986.0,982.0,71.0,0.0,0.0,1000.0,18.991226044325487,1021.0,982.0,39.0,17352.774994219224,378.90306313092816,1958.3963163910553
2026-09-05 18:24:41.821000+09:00,fall_risk,3044.0,-1532.0,15672.0,13.0,401.982,1033.0,997.0,955.0,1013.0,71.0,0.0,0.0,999.5,33.12099032335839,1033.0,955.0,78.0,16038.221347767963,418.98249515940415,1362.4960841174727
2026-09-05 18:24:42.811000+09:00,fall_risk,512.0,276.0,21984.0,15.0,137.122,1037.0,989.0,1011.0,1074.0,71.0,0.0,0.0,1027.75,36.54563357411297,1074.0,989.0,85.0,21991.693340895785,445.11412160253934,2310.152837229484
2026-09-05 18:24:43.851000+09:00,fall_risk,872.0,708.0,26404.0,15.0,811.104,1017.0,1004.0,1029.0,1049.0,71.0,0.0,0.0,1024.75,19.120233610846217,1049.0,1004.0,45.0,26427.880429576642,449.3109516248187,4107.902443448393
2026-09-05 18:24:45.801000+09:00,fall_risk,3068.0,-1536.0,17204.0,15.0,0.0,1079.0,3052.0,1045.0,1076.0,71.0,0.0,0.0,1563.0,992.785643194609,3052.0,1045.0,2007.0,17542.791568048684,246.32644752441857,4299.483240937856
2026-09-05 18:24:46.800000+09:00,fall_risk,1268.0,284.0,19088.0,17.0,0.0,1067.0,2965.0,1007.0,1036.0,71.0,0.0,0.0,1518.75,964.4778812048171,2965.0,1007.0,1958.0,19132.177711907236,287.39155563446906,4108.361505387045
2026-09-05 18:24:47.807000+09:00,fall_risk,1216.0,-112.0,17744.0,17.0,0.0,1069.0,2983.0,967.0,1032.0,71.0,0.0,0.0,1512.75,981.0730095156017,2983.0,967.0,2016.0,17785.970201256943,277.41843395852436,3718.8013732237227
2026-09-05 18:24:48.839000+09:00,fall_risk,1356.0,-120.0,18236.0,17.0,0.0,960.0,3033.0,971.0,1033.0,71.0,0.0,0.0,1499.25,1023.0048468441714,3033.0,960.0,2073.0,18286.739239131726,224.29768166434562,3735.3007061043904
2026-09-05 18:24:49.827000+09:00,fall_risk,1156.0,16.0,17240.0,19.0,0.0,1041.0,1001.0,951.0,1031.0,71.0,0.0,0.0,1006.0,40.414518843273804,1041.0,951.0,90.0,17278.72078598413,232.63688174921904,731.2657494678858
2026-09-05 18:24:50.827000+09:00,fall_risk,1260.0,-252.0,18172.0,19.0,0.0,1055.0,1001.0,1003.0,1001.0,71.0,1.0,0.0,1015.0,26.68332812825267,1055.0,1001.0,54.0,18217.37324643704,273.8339254913462,685.3966781944541
2026-09-05 18:24:51.844000+09:00,fall_risk,1336.0,-132.0,18184.0,19.0,0.0,971.0,971.0,971.0,997.0,71.0,0.0,0.0,977.5,13.0,997.0,971.0,26.0,18233.490505111742,277.8076335344299,430.761900761313
2026-09-05 18:24:52.846000+09:00,fall_risk,1468.0,-636.0,18628.0,19.0,0.0,1061.0,987.0,1005.0,1055.0,71.0,0.0,0.0,1027.0,36.62421785285432,1061.0,987.0,74.0,18696.574659546597,221.17543941405452,521.4890843357247
2026-09-05 18:24:53.856000+09:00,fall_risk,1244.0,-564.0,18048.0,19.0,0.0,1049.0,1005.0,995.0,1041.0,71.0,0.0,0.0,1022.5,26.501572280401277,1049.0,995.0,54.0,18099.61148754304,19.63224388601827,515.2340223206164
2026-09-05 18:24:54.846000+09:00,fall_risk,1240.0,-528.0,17940.0,19.0,0.0,1032.0,985.0,987.0,1033.0,71.0,0.0,0.0,1009.25,26.862303202319293,1033.0,985.0,48.0,17990.55263186765,19.536824204565637,269.5667343528943
2026-09-05 18:24:55.854000+09:00,fall_risk,1156.0,-560.0,18084.0,19.0,0.0,1061.0,1022.0,1007.0,1023.0,71.0,1.0,0.0,1028.25,23.02715787933891,1061.0,1007.0,54.0,18129.56127433866,21.172358158696017,274.8309624490666
2026-09-05 18:24:56.870000+09:00,fall_risk,1180.0,-440.0,18056.0,19.0,0.0,987.0,975.0,977.0,997.0,71.0,1.0,0.0,984.0,10.132456102380443,997.0,975.0,22.0,18099.865634860387,18.484283864951397,280.8329953971261
2026-09-05 18:24:57.858000+09:00,fall_risk,1236.0,-504.0,18136.0,19.0,0.0,1465.0,1396.0,1477.0,1491.0,71.0,0.0,0.0,1457.25,42.19300889957956,1491.0,1396.0,95.0,18185.054522876748,200.2954848467636,70.8567568404105
2026-09-05 18:24:58.865000+09:00,fall_risk,1308.0,-508.0,17980.0,19.0,0.0,1051.0,965.0,1007.0,1015.0,71.0,0.0,0.0,1009.5,35.303446479534166,1051.0,965.0,86.0,18034.670166099517,201.63694167984224,76.85661401284065
2026-09-05 18:24:59.868000+09:00,fall_risk,1340.0,-524.0,18148.0,19.0,0.0,1053.0,983.0,995.0,1048.0,71.0,0.0,0.0,1019.75,35.90148557743352,1053.0,983.0,70.0,18204.94658053135,200.53779257287167,68.2654397975594
2026-09-05 18:25:00.872000+09:00,fall_risk,1228.0,-480.0,18004.0,19.0,0.0,1039.0,973.0,973.0,1004.0,71.0,0.0,0.0,997.25,31.4364438192363,1039.0,973.0,66.0,18052.213160717994,203.7544017929431,76.84648558823393
2026-09-05 18:25:01.884000+09:00,fall_risk,1188.0,-596.0,18232.0,19.0,0.0,991.0,995.0,987.0,999.0,71.0,1.0,0.0,993.0,5.163977794943222,999.0,987.0,12.0,18280.382490527925,202.58104859537107,105.0002559752486
2026-09-05 18:25:02.902000+09:00,fall_risk,1216.0,-596.0,18132.0,19.0,0.0,1066.0,991.0,965.0,1045.0,71.0,0.0,0.0,1016.75,46.778734484806236,1066.0,965.0,101.0,18182.49971813557,11.77523885108411,104.80189400033582
2026-09-05 18:25:03.932000+09:00,fall_risk,1212.0,-616.0,18040.0,19.0,0.0,1067.0,967.0,995.0,1007.0,71.0,0.0,0.0,1009.0,42.14261501141095,1067.0,967.0,100.0,18091.158061329297,11.753456938283334,91.3106012951179
2026-09-05 18:25:04.910000+09:00,fall_risk,1208.0,-560.0,18148.0,19.0,0.0,995.0,995.0,995.0,985.0,71.0,0.0,0.0,992.5,5.0,995.0,985.0,10.0,18196.779055646086,10.722931035872529,90.42435557404337
2026-09-05 18:25:05.898000+09:00,fall_risk,1276.0,-512.0,17940.0,19.0,0.0,1005.0,966.0,943.0,1005.0,71.0,0.0,0.0,979.75,30.630866784993206,1005.0,943.0,62.0,17992.60737080649,14.668631497180531,110.0798316785537
2026-09-05 18:25:06.904000+09:00,fall_risk,1280.0,-536.0,18112.0,19.0,0.0,1039.0,1007.0,959.0,1003.0,71.0,0.0,0.0,1002.0,32.88363321370273,1039.0,959.0,80.0,18165.082989075498,14.421121662342273,84.75881316500382
2026-09-05 18:25:07.921000+09:00,fall_risk,1256.0,-356.0,17960.0,19.0,0.0,993.0,975.0,965.0,1003.0,71.0,1.0,0.0,984.0,17.165857586111645,1003.0,965.0,38.0,18007.383818867194,12.173742234829614,91.30923708089293
2026-09-05 18:25:08.916000+09:00,fall_risk,1244.0,-536.0,17864.0,19.0,0.0,1050.0,999.0,1015.0,986.0,71.0,0.0,0.0,1012.5,27.670682439482164,1050.0,986.0,64.0,17915.281968196872,13.33651003823993,120.31201371860055
2026-09-05 18:25:09.943000+09:00,fall_risk,1240.0,-612.0,17996.0,19.0,0.0,1053.0,981.0,999.0,1045.0,71.0,0.0,0.0,1019.5,35.0,1053.0,981.0,72.0,18049.04872839563,17.360515545342444,91.64518992706245
2026-09-05 18:25:10.925000+09:00,fall_risk,1148.0,-572.0,18172.0,19.0,0.0,1045.0,1003.0,991.0,1007.0,71.0,0.0,0.0,1011.5,23.345235059857504,1045.0,991.0,54.0,18217.208128579965,13.735901863368104,121.45494040886982
2026-09-05 18:25:12.183000+09:00,fall_risk,1184.0,-340.0,16868.0,19.0,0.0,1567.0,1438.0,1498.0,1561.0,71.0,0.0,0.0,1516.0,60.64651680022522,1567.0,1438.0,129.0,16912.920504750207,228.09115502360044,518.9464080445983
2026-09-05 18:25:12.938000+09:00,fall_risk,1312.0,-704.0,18176.0,19.0,0.0,1031.0,988.0,938.0,1007.0,71.0,0.0,0.0,991.0,39.4715087119811,1031.0,938.0,93.0,18236.883944358477,227.15396760787635,548.9074973318986
2026-09-05 18:25:13.940000+09:00,fall_risk,1256.0,-616.0,18068.0,19.0,0.0,1022.0,1019.0,983.0,979.0,71.0,1.0,0.0,1000.75,22.89650628371062,1022.0,979.0,43.0,18122.075377836834,228.47305639834238,561.1772969151617
2026-09-05 18:25:14.945000+09:00,fall_risk,1096.0,-588.0,18044.0,19.0,0.0,998.0,997.0,991.0,1013.0,71.0,0.0,0.0,999.75,9.358596760910972,1013.0,991.0,22.0,18086.8155295508,230.5415770528174,563.8047016609072
2026-09-05 18:25:15.985000+09:00,fall_risk,1256.0,-260.0,17916.0,19.0,0.0,1021.0,1014.0,1011.0,1031.0,71.0,0.0,0.0,1019.25,8.88350531415762,1031.0,1011.0,20.0,17961.85380187691,229.7907064047633,540.6985318378487
2026-09-05 18:25:16.968000+09:00,fall_risk,1240.0,1072.0,12292.0,19.0,0.0,1467.0,1508.0,1427.0,3177.0,71.0,0.0,0.0,1894.75,855.4727250668682,3177.0,1427.0,1750.0,12400.8083607481,399.07508691974266,2551.494181645779
2026-09-05 18:25:17.961000+09:00,fall_risk,1156.0,-332.0,18112.0,19.0,0.0,1013.0,1011.0,981.0,978.0,71.0,0.0,0.0,995.75,18.82153022471871,1013.0,978.0,35.0,18151.889818969263,398.51467977980457,2541.1366062986453
2026-09-05 18:25:18.976000+09:00,fall_risk,1208.0,-356.0,18076.0,19.0,0.0,989.0,995.0,971.0,979.0,71.0,0.0,0.0,983.5,10.63014581273465,995.0,971.0,24.0,18119.817217621152,400.5460959739842,2540.8752247431094
2026-09-05 18:25:20.182000+09:00,fall_risk,1180.0,-324.0,18172.0,19.0,0.0,1045.0,997.0,959.0,1033.0,71.0,1.0,0.0,1008.5,38.79432948254165,1045.0,959.0,86.0,18213.15348861915,399.5873105467692,2555.663257721908
2026-09-05 18:25:20.982000+09:00,fall_risk,1236.0,-216.0,18112.0,19.0,0.0,1045.0,1021.0,999.0,1021.0,77.0,0.0,0.0,1021.5,18.788294228055936,1045.0,999.0,46.0,18155.409551976514,399.36173295647666,2575.838680052817
2026-09-05 18:25:22.012000+09:00,fall_risk,1276.0,-312.0,18072.0,22.0,0.0,1032.0,1007.0,999.0,974.0,77.0,0.0,0.0,1003.0,23.902580055996744,1032.0,974.0,58.0,18119.67725981895,14.175683405048753,38.18336291761616
2026-09-05 18:25:22.995000+09:00,fall_risk,1228.0,-340.0,18108.0,22.0,0.0,1047.0,993.0,1000.0,1008.0,77.0,0.0,0.0,1012.0,24.124676163629637,1047.0,993.0,54.0,18152.775214825968,14.118250599850338,38.18483828312907
2026-09-05 18:25:23.999000+09:00,fall_risk,1272.0,-300.0,18080.0,22.0,0.0,1049.0,979.0,994.0,1035.0,74.0,0.0,0.0,1014.25,33.11973228555247,1049.0,979.0,70.0,18127.172531864973,6.863854602202327,36.741424363074536
2026-09-05 18:25:24.999000+09:00,fall_risk,1244.0,-252.0,18064.0,21.0,0.0,1045.0,1013.0,980.0,987.0,74.0,0.0,0.0,1006.25,29.477392467222515,1045.0,980.0,65.0,18108.53765492951,7.203731671861051,20.631896081158658
2026-09-05 18:25:26.017000+09:00,fall_risk,1252.0,-196.0,18120.0,21.0,0.0,1004.0,997.0,984.0,995.0,74.0,0.0,0.0,995.0,8.286535263104035,1004.0,984.0,20.0,18164.259412373518,7.649754898045689,23.2758118265198
2026-09-05 18:25:27.016000+09:00,fall_risk,1192.0,-372.0,18132.0,21.0,0.0,1031.0,991.0,983.0,1018.0,70.0,0.0,0.0,1005.75,22.52961014605742,1031.0,983.0,48.0,18174.94627227272,7.46784774886138,27.267338487928967
2026-09-05 18:25:28.026000+09:00,fall_risk,1268.0,-296.0,18124.0,21.0,0.0,989.0,996.0,997.0,982.0,70.0,0.0,0.0,991.0,6.97614984548545,997.0,982.0,15.0,18170.71313955509,9.36983190885376,29.542679902041908
2026-09-05 18:25:29.021000+09:00,fall_risk,1244.0,-328.0,17980.0,21.0,0.0,989.0,1011.0,1003.0,1007.0,70.0,0.0,0.0,1002.5,9.574271077563381,1011.0,989.0,22.0,18025.967935176184,6.788317169974769,63.499054710022676
2026-09-05 18:25:30.036000+09:00,fall_risk,1216.0,-312.0,17996.0,21.0,0.0,1006.0,979.0,988.0,1019.0,0.0,0.0,0.0,998.0,17.944358444926362,1019.0,979.0,40.0,18039.734366115263,5.858754133787686,75.3583874520958
2026-09-05 18:25:31.036000+09:00,fall_risk,1060.0,-240.0,18080.0,20.0,0.0,984.0,1017.0,957.0,1049.0,0.0,1.0,0.0,1001.75,39.928060308509856,1049.0,957.0,92.0,18112.63647291581,5.638594683090306,70.31088632680377
2026-09-05 18:25:32.058000+09:00,fall_risk,1236.0,-400.0,18012.0,20.0,0.0,1002.0,1010.0,981.0,1047.0,0.0,1.0,0.0,1010.0,27.53179979587241,1047.0,981.0,66.0,18058.788442196226,6.931810730261918,59.733646929299894
2026-09-05 18:25:33.065000+09:00,fall_risk,1236.0,-304.0,18024.0,20.0,0.0,1035.0,969.0,971.0,1019.0,64.0,0.0,0.0,998.5,33.56088993655164,1035.0,969.0,66.0,18068.88729280251,4.8075461516426765,33.21405054927195
2026-09-05 18:25:34.050000+09:00,fall_risk,1220.0,-304.0,18124.0,19.0,0.0,1035.0,1001.0,1004.0,1015.0,64.0,0.0,0.0,1013.75,15.392097539538485,1035.0,1001.0,34.0,18167.5587793187,7.09885554157671,51.169250983126105
2026-09-05 18:25:35.058000+09:00,fall_risk,932.0,96.0,16680.0,19.0,0.0,1017.0,1015.0,1012.0,1065.0,64.0,0.0,0.0,1027.25,25.250412537884078,1065.0,1012.0,53.0,16706.29342493421,11.309564536275232,625.6397174567766
2026-09-05 18:25:36.075000+09:00,fall_risk,1176.0,-188.0,18084.0,19.0,0.0,1043.0,1035.0,1003.0,1021.0,63.0,0.0,0.0,1025.5,17.540429489230494,1043.0,1003.0,40.0,18123.1723492329,11.82291207783321,626.8763230415829
